draw,date,winning number 1,2,3,4,5,6,extra number,from last,low,high,odd,even,1-10,11-20,21-30,31-40,41-50,division 1 winners,division 1 prize,division 2 winners,division 2 prize,division 3 winners,division 3 prize,division 4 winners,division 4 prize,division 5 winners,division 5 prize,division 6 winners,division 6 prize,division 7 winners,division 7 prize,turnover,main1,main2,main3,main4,main5,main6,extra
08/001,2008-01-03,5.0,8.0,36.0,39.0,42.0,46.0,14.0,,2.0,4.0,2.0,4.0,2.0,0.0,0.0,2.0,2.0,0.0,0.0,2.0,737120.0,77.0,51055.0,208.0,4800.0,4431.0,320.0,6672.4,160.0,88400.2,20.0,29726417.0,5,,,,,,
08/002,2008-01-05,3.0,11.0,14.0,32.0,33.0,42.0,15.0,42,3.0,3.0,3.0,3.0,1.0,2.0,0.0,2.0,1.0,1.0,9450240.0,2.0,741705.0,112.0,35315.0,237.0,4800.0,5336.6,320.0,6463.2,160.0,105032.4,20.0,31199203.0,3,,,,,,
08/003,2008-01-08,2.0,9.0,14.0,24.0,40.0,45.0,3.0,14,4.0,2.0,2.0,4.0,2.0,1.0,1.0,1.0,1.0,1.0,5000000.0,5.0,277870.0,92.0,40270.0,241.0,4800.0,5100.8,320.0,7256.0,160.0,95895.8,20.0,29715743.0,2,,,,,,
08/004,2008-01-10,4.0,20.0,36.0,42.0,46.0,47.0,22.0,,2.0,4.0,1.0,5.0,1.0,1.0,0.0,1.0,3.0,1.0,5000000.0,0.0,0.0,65.0,58680.0,155.0,4800.0,3621.0,320.0,5177.8,160.0,68247.0,20.0,26991147.0,4,,,,,,
08/005,2008-01-13,8.0,13.0,18.0,22.0,26.0,42.0,43.0,42,4.0,2.0,1.0,5.0,1.0,2.0,2.0,0.0,1.0,1.0,5000000.0,0.0,0.0,112.0,26425.0,277.0,4800.0,6265.8,320.0,7473.0,160.0,106918.8,20.0,27406779.0,8,,,,,,
08/006,2008-01-15,10.0,11.0,15.0,18.0,37.0,45.0,26.0,18,4.0,2.0,4.0,2.0,1.0,3.0,0.0,1.0,1.0,0.0,0.0,1.0,1322955.0,75.0,47035.0,202.0,4800.0,4607.2,320.0,6773.6,160.0,89831.0,20.0,27807937.0,10,,,,,,
08/007,2008-01-17,8.0,19.0,24.0,35.0,36.0,40.0,23.0,,3.0,3.0,2.0,4.0,1.0,1.0,1.0,3.0,0.0,0.0,0.0,2.0,698010.0,107.0,34790.0,307.0,4800.0,5574.6,320.0,8483.6,160.0,103871.0,20.0,31332554.0,8,,,,,,
08/008,2008-01-19,4.0,7.0,8.0,20.0,32.0,34.0,24.0,8,4.0,2.0,1.0,5.0,3.0,1.0,0.0,2.0,0.0,0.0,0.0,0.0,0.0,105.0,39460.0,349.0,4800.0,6844.0,320.0,9965.4,160.0,127754.0,20.0,35922877.0,4,,,,,,
08/009,2008-01-22,9.0,16.0,17.0,30.0,33.0,49.0,41.0,,3.0,3.0,4.0,2.0,1.0,2.0,1.0,1.0,1.0,2.0,11196105.0,3.0,767775.0,189.0,32495.0,680.0,4800.0,10385.8,320.0,12897.6,160.0,190515.2,20.0,54325139.0,9,,,,,,
08/010,2008-01-24,10.0,23.0,26.0,38.0,42.0,46.0,29.0,,2.0,4.0,1.0,5.0,1.0,0.0,2.0,1.0,2.0,1.0,5000000.0,1.0,1210950.0,87.0,37115.0,195.0,4800.0,4935.0,320.0,5465.2,160.0,86284.2,20.0,25901395.0,10,,,,,,
08/011,2008-01-26,13.0,15.0,19.0,22.0,33.0,38.0,39.0,38,4.0,2.0,4.0,2.0,0.0,3.0,1.0,2.0,0.0,2.0,2500000.0,1.0,907980.0,81.0,37365.0,203.8,4800.0,4471.6,320.0,5856.6,160.0,80917.4,20.0,24591480.0,13,,,,,,
08/012,2008-01-29,16.0,22.0,24.0,33.0,43.0,44.0,29.0,"22,33",3.0,3.0,2.0,4.0,0.0,1.0,2.0,1.0,2.0,2.0,26817935.0,4.0,1302985.0,499.0,27850.0,951.0,4800.0,21542.0,320.0,27089.4,160.0,373862.4,20.0,113801194.0,16,,,,,,
08/013,2008-01-31,24.0,32.0,41.0,42.0,48.0,49.0,10.0,24,1.0,5.0,2.0,4.0,0.0,0.0,1.0,1.0,4.0,0.0,0.0,2.0,627535.0,76.0,44035.0,170.0,4800.0,4647.0,320.0,5283.0,160.0,75047.2,20.0,25636980.0,24,,,,,,
08/014,2008-02-03,1.0,34.0,36.0,37.0,42.0,46.0,39.0,42,1.0,5.0,2.0,4.0,1.0,0.0,0.0,3.0,2.0,0.0,0.0,3.0,560225.0,73.0,61390.0,202.0,4800.0,5015.4,320.0,6642.4,160.0,97926.4,20.0,33164002.0,1,,,,,,
08/015,2008-02-05,3.0,6.0,36.0,40.0,43.0,48.0,8.0,36,2.0,4.0,2.0,4.0,2.0,0.0,0.0,2.0,2.0,0.0,0.0,3.0,690330.0,122.0,45265.0,458.0,4800.0,7073.4,320.0,12817.2,160.0,136127.4,20.0,45198818.0,3,,,,,,
08/016,2008-02-08,2.0,16.0,30.0,31.0,38.0,48.0,36.0,48,2.0,4.0,1.0,5.0,1.0,1.0,1.0,2.0,1.0,2.0,12177115.0,3.0,899905.0,187.0,38495.0,450.4,4800.0,9294.8,320.0,12610.2,160.0,177695.6,20.0,56455565.0,2,,,,,,
08/017,2008-02-10,7.0,24.0,26.0,30.0,32.0,39.0,47.0,30,2.0,4.0,2.0,4.0,1.0,0.0,3.0,2.0,0.0,0.0,0.0,1.0,1242475.0,55.0,60240.0,136.0,4800.0,3500.8,320.0,4156.0,160.0,72073.0,20.0,24040492.0,7,,,,,,
08/018,2008-02-12,12.0,23.0,31.0,37.0,40.0,45.0,35.0,,2.0,4.0,4.0,2.0,0.0,1.0,1.0,3.0,1.0,0.0,0.0,2.0,839175.0,89.0,50285.0,277.0,4800.0,5481.4,320.0,8442.6,160.0,100749.6,20.0,34713086.0,12,,,,,,
08/019,2008-02-14,4.0,6.0,15.0,29.0,33.0,39.0,18.0,,3.0,3.0,4.0,2.0,2.0,1.0,1.0,2.0,0.0,0.0,0.0,1.0,2028880.0,121.0,44710.0,389.0,4800.0,7124.0,320.0,10813.6,160.0,138181.0,20.0,43526451.0,4,,,,,,
08/020,2008-02-16,2.0,5.0,8.0,22.0,29.0,41.0,28.0,29,4.0,2.0,3.0,3.0,3.0,0.0,2.0,0.0,1.0,2.0,10634115.0,13.0,131960.0,253.0,18080.0,973.4,4800.0,11991.2,320.0,19273.2,160.0,195657.2,20.0,51989303.0,2,,,,,,
08/021,2008-02-19,5.0,15.0,29.0,32.0,38.0,39.0,31.0,"5,29",2.0,4.0,4.0,2.0,1.0,1.0,1.0,3.0,0.0,0.0,0.0,0.0,0.0,98.0,40750.0,201.4,4800.0,5590.6,320.0,6570.8,160.0,100239.8,20.0,31080937.0,5,,,,,,
08/022,2008-02-21,18.0,22.0,24.0,27.0,30.0,48.0,3.0,,3.0,3.0,1.0,5.0,0.0,1.0,4.0,0.0,1.0,0.0,0.0,2.0,833865.0,114.0,39010.0,332.0,4800.0,6595.0,320.0,10106.8,160.0,122252.0,20.0,37007330.0,18,,,,,,
08/023,2008-02-23,2.0,9.0,14.0,24.0,33.0,47.0,48.0,24,4.0,2.0,3.0,3.0,2.0,1.0,1.0,1.0,1.0,0.0,0.0,1.0,1960085.0,120.0,43555.0,296.0,4800.0,7076.2,320.0,8407.0,160.0,135497.8,20.0,40925710.0,2,,,,,,
08/024,2008-02-26,9.0,20.0,23.0,30.0,34.0,39.0,13.0,9,3.0,3.0,3.0,3.0,1.0,1.0,2.0,2.0,0.0,1.0,25833460.0,8.0,352180.0,177.0,42445.0,508.0,4800.0,9984.0,320.0,14164.8,160.0,183358.0,20.0,59643386.0,9,,,,,,
08/025,2008-02-28,6.0,8.0,13.0,17.0,35.0,49.0,45.0,,4.0,2.0,4.0,2.0,2.0,2.0,0.0,1.0,1.0,0.0,0.0,3.0,426150.0,87.0,39185.0,231.0,4800.0,4876.4,320.0,6318.0,160.0,93534.2,20.0,27623765.0,6,,,,,,
08/026,2008-03-02,5.0,7.0,22.0,30.0,32.0,35.0,13.0,35,3.0,3.0,3.0,3.0,2.0,0.0,2.0,2.0,0.0,1.0,9143215.0,2.0,690535.0,110.0,33480.0,322.4,4800.0,7752.8,320.0,9185.6,160.0,136244.8,20.0,33964361.0,5,,,,,,
08/027,2008-03-04,2.0,5.0,13.0,20.0,21.0,49.0,36.0,5,5.0,1.0,4.0,2.0,2.0,2.0,1.0,0.0,1.0,0.0,0.0,3.0,480200.0,80.0,48020.0,169.4,4800.0,4406.0,320.0,5353.2,160.0,84073.8,20.0,28360951.0,2,,,,,,
08/028,2008-03-06,7.0,12.0,24.0,25.0,39.0,44.0,27.0,,3.0,3.0,3.0,3.0,1.0,1.0,2.0,1.0,1.0,0.0,0.0,2.0,784790.0,127.0,32955.0,290.0,4800.0,5667.0,320.0,8211.0,160.0,110128.2,20.0,33741829.0,7,,,,,,
08/029,2008-03-08,16.0,25.0,31.0,36.0,38.0,49.0,29.0,25,1.0,5.0,3.0,3.0,0.0,1.0,1.0,3.0,1.0,0.0,0.0,5.0,380935.0,110.0,46170.0,298.0,4800.0,5845.0,320.0,8004.4,160.0,111182.2,20.0,38442535.0,16,,,,,,
08/030,2008-03-11,5.0,13.0,15.0,23.0,28.0,40.0,17.0,,4.0,2.0,4.0,2.0,1.0,2.0,2.0,1.0,0.0,0.0,0.0,7.0,592040.0,320.0,34535.0,690.8,4800.0,16957.2,320.0,20444.6,160.0,310280.2,20.0,89963207.0,5,,,,,,
08/031,2008-03-13,12.0,28.0,31.0,33.0,36.0,44.0,7.0,28,1.0,5.0,2.0,4.0,0.0,1.0,1.0,3.0,1.0,2.0,22669515.0,7.0,614575.0,300.0,38240.0,954.4,4800.0,16660.6,320.0,26198.0,160.0,302011.6,20.0,95668839.0,12,,,,,,
08/032,2008-03-15,8.0,10.0,21.0,22.0,30.0,47.0,28.0,,4.0,2.0,2.0,4.0,2.0,0.0,3.0,0.0,1.0,0.0,0.0,3.0,370070.0,89.0,33260.0,235.0,4800.0,5299.6,320.0,6870.4,160.0,96502.2,20.0,25901190.0,8,,,,,,
08/033,2008-03-18,13.0,23.0,28.0,30.0,37.0,44.0,49.0,30,2.0,4.0,3.0,3.0,0.0,1.0,3.0,1.0,1.0,0.0,0.0,0.0,0.0,123.0,37495.0,306.0,4800.0,6130.0,320.0,8135.0,160.0,114898.4,20.0,36484095.0,13,,,,,,
08/034,2008-03-20,4.0,12.0,22.0,26.0,33.0,45.0,8.0,,3.0,3.0,2.0,4.0,1.0,1.0,2.0,1.0,1.0,1.0,17317970.0,5.0,359955.0,161.0,29810.0,597.8,4800.0,8507.6,320.0,14762.0,160.0,155266.8,20.0,44897025.0,4,,,,,,
08/035,2008-03-22,13.0,18.0,32.0,38.0,48.0,49.0,40.0,,2.0,4.0,2.0,4.0,0.0,2.0,0.0,2.0,2.0,1.0,5000000.0,0.0,0.0,115.0,23515.0,167.0,4800.0,5688.0,320.0,4918.4,160.0,84645.0,20.0,23207270.0,13,,,,,,
08/036,2008-03-25,7.0,14.0,15.0,22.0,25.0,35.0,32.0,,4.0,2.0,4.0,2.0,1.0,2.0,2.0,1.0,0.0,2.0,2500000.0,3.0,419415.0,161.0,20840.0,280.0,4800.0,6871.6,320.0,7302.4,160.0,113627.4,20.0,30003264.0,7,,,,,,
08/037,2008-03-27,3.0,4.0,16.0,32.0,45.0,48.0,23.0,,3.0,3.0,2.0,4.0,2.0,1.0,0.0,1.0,2.0,0.0,0.0,3.0,465685.0,59.0,63140.0,204.0,4800.0,3627.0,320.0,6374.2,160.0,71142.6,20.0,27439760.0,3,,,,,,
08/038,2008-03-29,6.0,9.0,30.0,32.0,39.0,48.0,4.0,"32,48",2.0,4.0,2.0,4.0,2.0,0.0,1.0,2.0,1.0,0.0,0.0,1.0,1391280.0,100.0,37100.0,200.0,4800.0,5945.8,320.0,6175.0,160.0,108322.0,20.0,30017845.0,6,,,,,,
08/039,2008-04-01,15.0,16.0,27.0,40.0,44.0,49.0,31.0,,2.0,4.0,3.0,3.0,0.0,2.0,1.0,1.0,2.0,0.0,0.0,3.0,730705.0,90.0,64950.0,267.0,4800.0,5880.8,320.0,7905.0,160.0,112051.2,20.0,42090348.0,15,,,,,,
08/040,2008-04-03,1.0,6.0,17.0,28.0,36.0,41.0,31.0,,3.0,3.0,3.0,3.0,2.0,1.0,1.0,1.0,1.0,0.0,0.0,6.0,380050.0,185.0,32865.0,476.0,4800.0,11054.8,320.0,12802.4,160.0,188128.4,20.0,52479393.0,1,,,,,,
08/041,2008-04-08,11.0,13.0,21.0,36.0,39.0,40.0,43.0,36,3.0,3.0,4.0,2.0,0.0,2.0,1.0,3.0,0.0,0.0,0.0,7.0,619545.0,272.0,42515.0,675.0,4800.0,14255.0,320.0,18563.4,160.0,267454.2,20.0,88689833.0,11,,,,,,
08/042,2008-04-13,1.0,9.0,22.0,23.0,34.0,38.0,24.0,,4.0,2.0,3.0,3.0,2.0,0.0,2.0,2.0,0.0,1.0,50615815.0,5.0,1000940.0,470.0,28395.0,1068.0,4800.0,24512.4,320.0,30626.2,160.0,434867.6,20.0,117097302.0,1,,,,,,
08/043,2008-04-15,8.0,25.0,31.0,38.0,43.0,48.0,23.0,38,1.0,5.0,3.0,3.0,1.0,0.0,1.0,2.0,2.0,1.0,30114710.0,3.0,1123855.0,249.0,36105.0,709.0,4800.0,13569.4,320.0,18977.8,160.0,247293.8,20.0,74866457.0,8,,,,,,
08/044,2008-04-17,7.0,10.0,11.0,27.0,31.0,48.0,5.0,"31,48",3.0,3.0,4.0,2.0,2.0,1.0,1.0,1.0,1.0,1.0,5000000.0,0.0,0.0,86.0,33690.0,353.0,4800.0,5912.8,320.0,9425.8,160.0,103581.6,20.0,28012831.0,7,,,,,,
08/045,2008-04-19,7.0,10.0,16.0,19.0,42.0,46.0,20.0,"7,10",4.0,2.0,2.0,4.0,2.0,2.0,0.0,0.0,2.0,1.0,5000000.0,2.0,534600.0,63.0,45255.0,250.0,4800.0,3983.0,320.0,7907.0,160.0,75511.8,20.0,24227575.0,7,,,,,,
08/046,2008-04-22,8.0,14.0,31.0,36.0,40.0,46.0,9.0,46,2.0,4.0,1.0,5.0,1.0,1.0,0.0,3.0,1.0,0.0,0.0,0.0,0.0,77.0,51850.0,221.0,4800.0,4382.0,320.0,7011.0,160.0,82636.0,20.0,30011998.0,8,,,,,,
08/047,2008-04-24,8.0,12.0,13.0,25.0,31.0,35.0,21.0,"8,31",3.0,3.0,4.0,2.0,1.0,2.0,1.0,2.0,0.0,0.0,0.0,10.0,146585.0,141.0,27720.0,376.4,4800.0,7887.0,320.0,9506.6,160.0,133557.8,20.0,35669871.0,8,,,,,,
08/048,2008-04-26,13.0,15.0,17.0,19.0,24.0,32.0,9.0,13,5.0,1.0,4.0,2.0,0.0,4.0,1.0,1.0,0.0,2.0,8290775.0,3.0,631850.0,145.0,34860.0,346.0,4800.0,6220.2,320.0,10135.8,160.0,114980.6,20.0,39739856.0,13,,,,,,
08/049,2008-04-29,20.0,22.0,24.0,25.0,40.0,41.0,35.0,24,3.0,3.0,2.0,4.0,0.0,1.0,3.0,1.0,1.0,0.0,0.0,0.0,0.0,68.0,58935.0,195.4,4800.0,4438.4,320.0,6099.4,160.0,80884.4,20.0,29560311.0,20,,,,,,
08/050,2008-05-03,1.0,3.0,4.0,5.0,37.0,39.0,8.0,,4.0,2.0,5.0,1.0,4.0,0.0,0.0,2.0,0.0,1.0,10225480.0,4.0,310205.0,203.0,16300.0,761.8,4800.0,11669.6,320.0,17186.4,160.0,148307.0,20.0,41106047.0,1,,,,,,
08/051,2008-05-06,7.0,8.0,13.0,26.0,28.0,49.0,17.0,,3.0,3.0,3.0,3.0,2.0,1.0,2.0,0.0,1.0,1.0,5000000.0,1.0,1154850.0,135.0,22810.0,269.8,4800.0,7145.4,320.0,8042.0,160.0,126012.2,20.0,29350013.0,7,,,,,,
08/052,2008-05-08,16.0,24.0,31.0,35.0,37.0,49.0,39.0,49,2.0,4.0,4.0,2.0,0.0,1.0,1.0,3.0,1.0,1.0,5000000.0,1.0,1387905.0,62.0,59690.0,184.0,4800.0,3619.8,320.0,5167.0,160.0,69241.4,20.0,26705366.0,16,,,,,,
08/053,2008-05-10,5.0,6.0,27.0,41.0,47.0,49.0,40.0,49,2.0,4.0,5.0,1.0,2.0,0.0,1.0,0.0,3.0,0.0,0.0,0.0,0.0,66.0,49825.0,159.0,4800.0,3561.0,320.0,4768.0,160.0,68513.2,20.0,24204565.0,5,,,,,,
08/054,2008-05-13,8.0,19.0,26.0,34.0,37.0,40.0,29.0,,2.0,4.0,2.0,4.0,1.0,1.0,1.0,3.0,0.0,3.0,3793175.0,4.0,428855.0,86.0,53190.0,247.0,4800.0,4640.8,320.0,6712.6,160.0,95661.2,20.0,33750385.0,8,,,,,,
08/055,2008-05-15,7.0,21.0,22.0,38.0,45.0,47.0,40.0,,3.0,3.0,4.0,2.0,1.0,0.0,2.0,1.0,2.0,1.0,5000000.0,0.0,0.0,54.0,65165.0,142.0,4800.0,4131.0,320.0,4731.4,160.0,80018.4,20.0,25979053.0,7,,,,,,
08/056,2008-05-17,3.0,18.0,24.0,45.0,46.0,48.0,31.0,45,3.0,3.0,2.0,4.0,1.0,1.0,1.0,0.0,3.0,0.0,0.0,2.0,646665.0,45.0,76640.0,150.0,4800.0,3368.0,320.0,4574.4,160.0,68175.8,20.0,24755909.0,3,,,,,,
08/057,2008-05-20,1.0,4.0,6.0,23.0,25.0,47.0,49.0,,4.0,2.0,4.0,2.0,3.0,0.0,2.0,0.0,1.0,2.0,13369550.0,4.0,561590.0,197.0,30405.0,621.0,4800.0,10964.6,320.0,15337.0,160.0,195750.0,20.0,54287613.0,1,,,,,,
08/058,2008-05-22,1.0,19.0,23.0,29.0,34.0,41.0,15.0,"1,23",3.0,3.0,5.0,1.0,1.0,1.0,2.0,1.0,1.0,0.0,0.0,0.0,0.0,45.0,81090.0,158.2,4800.0,3328.6,320.0,4769.0,160.0,69794.0,20.0,25941473.0,1,,,,,,
08/059,2008-05-24,1.0,5.0,12.0,14.0,19.0,31.0,45.0,"1,19",5.0,1.0,4.0,2.0,2.0,3.0,0.0,1.0,0.0,1.0,10181005.0,3.0,423620.0,170.0,19935.0,249.0,4800.0,7847.6,320.0,6303.0,160.0,119109.0,20.0,30384206.0,1,,,,,,
08/060,2008-05-27,22.0,23.0,24.0,28.0,29.0,43.0,6.0,,3.0,3.0,3.0,3.0,0.0,0.0,5.0,0.0,1.0,1.0,5000000.0,4.0,283400.0,186.0,16250.0,308.0,4800.0,6157.6,320.0,7650.8,160.0,92565.8,20.0,27461285.0,22,,,,,,
08/061,2008-05-29,1.0,6.0,27.0,39.0,44.0,49.0,36.0,,2.0,4.0,4.0,2.0,2.0,0.0,1.0,1.0,2.0,0.0,0.0,1.0,1173100.0,63.0,49655.0,246.0,4800.0,3952.0,320.0,6558.2,160.0,79580.8,20.0,25334297.0,1,,,,,,
08/062,2008-05-31,11.0,26.0,31.0,34.0,36.0,42.0,13.0,,1.0,5.0,2.0,4.0,0.0,1.0,1.0,3.0,1.0,0.0,0.0,3.0,430375.0,76.4,45065.0,290.2,4800.0,5030.6,320.0,8200.8,160.0,93970.2,20.0,28987230.0,11,,,,,,
08/063,2008-06-03,5.0,32.0,33.0,40.0,41.0,49.0,30.0,,1.0,5.0,4.0,2.0,1.0,0.0,0.0,3.0,2.0,2.0,15394260.0,2.0,1798085.0,272.0,35255.0,682.0,4800.0,13338.0,320.0,19744.0,160.0,243019.6,20.0,77605156.0,5,,,,,,
08/064,2008-06-07,6.0,11.0,14.0,23.0,39.0,45.0,10.0,,4.0,2.0,4.0,2.0,1.0,2.0,1.0,1.0,1.0,3.0,1666665.0,1.0,739195.0,124.0,27815.0,266.0,4800.0,5707.6,320.0,7982.0,160.0,100186.2,20.0,29372124.0,6,,,,,,
08/065,2008-06-10,2.0,7.0,11.0,20.0,29.0,45.0,48.0,"11,45",4.0,2.0,4.0,2.0,2.0,2.0,1.0,0.0,1.0,0.0,0.0,4.0,316300.0,126.0,26775.0,196.0,4800.0,5562.4,320.0,4830.0,160.0,95886.4,20.0,27185578.0,2,,,,,,
08/066,2008-06-12,4.0,6.0,9.0,15.0,22.0,37.0,3.0,,5.0,1.0,3.0,3.0,3.0,1.0,1.0,1.0,0.0,0.0,0.0,6.0,177525.0,124.0,22905.0,487.0,4800.0,7164.4,320.0,13663.6,160.0,128380.8,20.0,31828362.0,4,,,,,,
08/067,2008-06-14,3.0,15.0,19.0,40.0,41.0,44.0,13.0,15,3.0,3.0,4.0,2.0,1.0,2.0,0.0,1.0,2.0,0.0,0.0,1.0,1778940.0,78.0,60815.0,208.0,4800.0,4283.4,320.0,6789.0,160.0,87164.6,20.0,33761447.0,3,,,,,,
08/068,2008-06-17,3.0,5.0,6.0,13.0,31.0,32.0,15.0,3,4.0,2.0,4.0,2.0,3.0,1.0,0.0,2.0,0.0,1.0,18784070.0,0.0,0.0,241.0,19370.0,603.2,4800.0,11745.2,320.0,14350.0,160.0,196178.6,20.0,47589376.0,3,,,,,,
08/069,2008-06-19,2.0,11.0,18.0,26.0,39.0,45.0,24.0,,3.0,3.0,3.0,3.0,1.0,2.0,1.0,1.0,1.0,0.0,0.0,1.0,1361165.0,99.0,36660.0,195.0,4800.0,4736.8,320.0,6148.6,160.0,88174.6,20.0,28094355.0,2,,,,,,
08/070,2008-06-21,1.0,5.0,13.0,29.0,34.0,44.0,25.0,,3.0,3.0,4.0,2.0,2.0,1.0,1.0,1.0,1.0,0.0,0.0,1.0,1497715.0,94.0,42485.0,232.0,4800.0,5164.2,320.0,6842.0,160.0,100906.2,20.0,31206068.0,1,,,,,,
08/071,2008-06-24,8.0,9.0,22.0,27.0,29.0,42.0,38.0,29,3.0,3.0,3.0,3.0,2.0,0.0,3.0,0.0,1.0,0.0,0.0,4.0,740105.0,287.0,27505.0,761.0,4800.0,15943.6,320.0,20954.8,160.0,269268.0,20.0,72557412.0,8,,,,,,
08/072,2008-06-27,8.0,33.0,39.0,40.0,46.0,48.0,24.0,8,1.0,5.0,2.0,4.0,1.0,0.0,0.0,3.0,2.0,1.0,41873410.0,2.0,2165350.0,235.0,49140.0,663.0,4800.0,13988.0,320.0,21051.4,160.0,268609.8,20.0,89121813.0,8,,,,,,
08/073,2008-06-29,1.0,2.0,7.0,19.0,28.0,34.0,5.0,,4.0,2.0,3.0,3.0,3.0,1.0,1.0,1.0,0.0,0.0,0.0,4.0,160115.0,81.4,20980.0,387.0,4800.0,5107.2,320.0,9801.0,160.0,85215.6,20.0,21215564.0,1,,,,,,
08/074,2008-07-02,3.0,21.0,26.0,29.0,31.0,48.0,1.0,,2.0,4.0,4.0,2.0,1.0,0.0,3.0,1.0,1.0,0.0,0.0,6.0,272590.0,87.0,50130.0,225.0,4800.0,4772.4,320.0,7554.0,160.0,96073.8,20.0,32813665.0,3,,,,,,
08/075,2008-07-05,2.0,6.0,7.0,15.0,20.0,38.0,14.0,,5.0,1.0,2.0,4.0,3.0,2.0,0.0,1.0,0.0,0.0,0.0,4.0,464215.0,159.0,31140.0,440.8,4800.0,10008.0,320.0,12081.2,160.0,174371.0,20.0,45078248.0,2,,,,,,
08/076,2008-07-08,15.0,18.0,19.0,21.0,24.0,26.0,36.0,15,5.0,1.0,3.0,3.0,0.0,3.0,3.0,0.0,0.0,1.0,24237205.0,2.0,1459985.0,188.0,41415.0,415.0,4800.0,9035.6,320.0,12937.8,160.0,169229.6,20.0,58758896.0,15,,,,,,
08/077,2008-07-10,5.0,12.0,17.0,18.0,41.0,44.0,32.0,18,4.0,2.0,3.0,3.0,1.0,3.0,0.0,0.0,2.0,0.0,0.0,2.0,678460.0,54.0,67005.0,187.0,4800.0,3674.0,320.0,5629.8,160.0,77644.0,20.0,26792142.0,5,,,,,,
08/078,2008-07-12,5.0,21.0,25.0,27.0,38.0,40.0,11.0,5,2.0,4.0,4.0,2.0,1.0,0.0,3.0,2.0,0.0,0.0,0.0,3.0,490245.0,90.0,43575.0,256.8,4800.0,4869.0,320.0,8108.4,160.0,92418.2,20.0,30946498.0,5,,,,,,
08/079,2008-07-15,9.0,17.0,19.0,24.0,38.0,47.0,3.0,38,4.0,2.0,4.0,2.0,1.0,2.0,1.0,1.0,1.0,0.0,0.0,3.0,669535.0,125.0,42850.0,385.0,4800.0,7281.0,320.0,11407.4,160.0,135367.4,20.0,43380589.0,9,,,,,,
08/080,2008-07-17,15.0,18.0,25.0,27.0,38.0,47.0,2.0,"38,47",2.0,4.0,4.0,2.0,0.0,2.0,2.0,1.0,1.0,1.0,23170400.0,4.0,644360.0,155.0,44340.0,364.0,4800.0,8553.0,320.0,11069.2,160.0,157880.4,20.0,52398628.0,15,,,,,,
08/081,2008-07-19,1.0,18.0,24.0,29.0,35.0,46.0,2.0,18,3.0,3.0,3.0,3.0,1.0,1.0,2.0,1.0,1.0,0.0,0.0,2.0,609870.0,76.0,42795.0,197.0,4800.0,3589.0,320.0,5323.4,160.0,70015.6,20.0,24596334.0,1,,,,,,
08/082,2008-07-22,10.0,29.0,33.0,40.0,43.0,45.0,8.0,29,1.0,5.0,4.0,2.0,1.0,0.0,1.0,2.0,2.0,0.0,0.0,2.0,862970.0,87.0,52900.0,269.0,4800.0,4974.0,320.0,8427.0,160.0,98441.0,20.0,34896895.0,10,,,,,,
08/083,2008-07-24,5.0,15.0,29.0,31.0,38.0,45.0,48.0,"29,45",2.0,4.0,5.0,1.0,1.0,1.0,1.0,2.0,1.0,1.0,14898955.0,3.0,524565.0,292.0,14370.0,423.0,4800.0,10984.2,320.0,10156.0,160.0,149354.4,20.0,40159944.0,5,,,,,,
08/084,2008-07-26,9.0,10.0,12.0,13.0,41.0,48.0,6.0,,4.0,2.0,3.0,3.0,2.0,2.0,0.0,0.0,2.0,0.0,0.0,2.0,548285.0,59.0,49560.0,241.0,4800.0,3907.4,320.0,8972.0,160.0,77951.8,20.0,24880033.0,9,,,,,,
08/085,2008-07-29,7.0,15.0,25.0,34.0,35.0,38.0,6.0,,2.0,4.0,4.0,2.0,1.0,1.0,1.0,3.0,0.0,0.0,0.0,7.0,450145.0,297.0,28290.0,775.4,4800.0,16063.4,320.0,21387.8,160.0,270553.2,20.0,75518001.0,7,,,,,,
08/086,2008-07-31,1.0,8.0,25.0,33.0,34.0,41.0,28.0,"25,34",2.0,4.0,4.0,2.0,2.0,0.0,1.0,2.0,1.0,3.0,13827980.0,4.0,1002570.0,319.0,33520.0,679.0,4800.0,14447.0,320.0,20992.6,160.0,265275.2,20.0,85048139.0,1,,,,,,
08/087,2008-08-02,4.0,6.0,8.0,11.0,33.0,35.0,25.0,"8,33",4.0,2.0,3.0,3.0,3.0,1.0,0.0,2.0,0.0,1.0,5000000.0,0.0,0.0,112.0,20405.0,410.4,4800.0,6211.8,320.0,8643.6,160.0,108326.8,20.0,25529823.0,4,,,,,,
08/088,2008-08-05,6.0,11.0,16.0,38.0,42.0,49.0,40.0,"6,11",3.0,3.0,2.0,4.0,1.0,2.0,0.0,1.0,2.0,0.0,0.0,4.0,376020.0,87.0,46100.0,191.0,4800.0,4963.0,320.0,6395.8,160.0,99560.4,20.0,30626919.0,6,,,,,,
08/089,2008-08-07,3.0,17.0,23.0,24.0,30.0,47.0,26.0,,4.0,2.0,4.0,2.0,1.0,1.0,3.0,0.0,1.0,2.0,4860685.0,8.0,181330.0,151.0,25615.0,280.0,4800.0,6022.8,320.0,7417.6,160.0,104595.4,20.0,31810457.0,3,,,,,,
08/090,2008-08-09,8.0,15.0,19.0,21.0,32.0,42.0,10.0,,4.0,2.0,3.0,3.0,1.0,2.0,1.0,1.0,1.0,0.0,0.0,2.0,584050.0,56.0,55620.0,208.0,4800.0,4123.8,320.0,6150.6,160.0,79281.2,20.0,24898736.0,8,,,,,,
08/091,2008-08-12,10.0,11.0,15.0,26.0,28.0,31.0,43.0,15,3.0,3.0,3.0,3.0,1.0,2.0,2.0,1.0,0.0,0.0,0.0,3.0,525575.0,124.0,33905.0,246.0,4800.0,6846.0,320.0,6816.0,160.0,120880.0,20.0,34131272.0,10,,,,,,
08/092,2008-08-14,16.0,20.0,23.0,27.0,41.0,46.0,6.0,,3.0,3.0,3.0,3.0,0.0,2.0,2.0,0.0,2.0,1.0,16071565.0,4.0,528445.0,72.0,78285.0,246.0,4800.0,5106.4,320.0,8380.0,160.0,103911.4,20.0,40221233.0,16,,,,,,
08/093,2008-08-16,14.0,25.0,32.0,38.0,43.0,46.0,35.0,46,1.0,5.0,2.0,4.0,0.0,1.0,1.0,2.0,2.0,1.0,5000000.0,2.0,625115.0,72.0,46305.0,174.0,4800.0,3300.0,320.0,5117.4,160.0,63117.2,20.0,24317763.0,14,,,,,,
08/094,2008-08-19,7.0,19.0,24.0,26.0,32.0,39.0,20.0,32,3.0,3.0,3.0,3.0,1.0,1.0,2.0,2.0,0.0,0.0,0.0,4.0,342835.0,108.0,33860.0,210.0,4800.0,4805.0,320.0,5737.0,160.0,90956.8,20.0,28387309.0,7,,,,,,
08/095,2008-08-21,1.0,3.0,20.0,21.0,35.0,37.0,46.0,,4.0,2.0,5.0,1.0,2.0,1.0,1.0,2.0,0.0,0.0,0.0,3.0,522440.0,86.0,48595.0,191.0,4800.0,5069.6,320.0,5040.0,160.0,98275.4,20.0,31098537.0,1,,,,,,
08/096,2008-08-23,3.0,9.0,10.0,20.0,25.0,34.0,41.0,"3,20",4.0,2.0,3.0,3.0,3.0,1.0,1.0,1.0,0.0,1.0,13831390.0,1.0,1376470.0,127.0,28900.0,202.0,4800.0,6287.0,320.0,5612.0,160.0,110394.2,20.0,29946843.0,3,,,,,,
08/097,2008-08-26,2.0,13.0,19.0,25.0,30.0,43.0,44.0,25,3.0,3.0,4.0,2.0,1.0,2.0,2.0,0.0,1.0,0.0,0.0,1.0,1425725.0,76.0,50025.0,152.0,4800.0,4151.4,320.0,4968.0,160.0,82515.4,20.0,27681710.0,2,,,,,,
08/098,2008-08-28,1.0,21.0,27.0,31.0,34.0,38.0,10.0,,2.0,4.0,4.0,2.0,1.0,0.0,2.0,3.0,0.0,0.0,0.0,1.0,1452825.0,87.0,44530.0,283.0,4800.0,5230.8,320.0,8123.0,160.0,98759.8,20.0,31389892.0,1,,,,,,
08/099,2008-08-30,2.0,8.0,10.0,37.0,44.0,49.0,22.0,,3.0,3.0,2.0,4.0,3.0,0.0,0.0,1.0,2.0,0.0,0.0,2.0,812910.0,73.0,59390.0,322.0,4800.0,4859.0,320.0,9269.0,160.0,100591.0,20.0,34270616.0,2,,,,,,
08/100,2008-09-02,9.0,13.0,16.0,22.0,24.0,31.0,18.0,,5.0,1.0,3.0,3.0,1.0,2.0,2.0,1.0,0.0,0.0,0.0,2.0,1050495.0,169.0,33150.0,524.0,4800.0,10465.6,320.0,14240.0,160.0,181889.4,20.0,50319031.0,9,,,,,,
08/101,2008-09-04,7.0,17.0,22.0,26.0,31.0,42.0,12.0,"22,31",3.0,3.0,3.0,3.0,1.0,1.0,2.0,1.0,1.0,0.0,0.0,5.0,598705.0,198.4,40235.0,613.0,4800.0,10804.8,320.0,17436.8,160.0,202796.6,20.0,65141481.0,7,,,,,,
08/102,2008-09-06,4.0,10.0,18.0,22.0,23.0,38.0,35.0,22,5.0,1.0,1.0,5.0,2.0,1.0,2.0,1.0,0.0,2.0,19842215.0,7.0,484040.0,319.0,28320.0,748.0,4800.0,17218.4,320.0,20651.4,160.0,303513.2,20.0,80180575.0,4,,,,,,
08/103,2008-09-09,3.0,7.0,15.0,23.0,29.0,48.0,5.0,23,4.0,2.0,5.0,1.0,2.0,1.0,2.0,0.0,1.0,2.0,20794020.0,15.0,301955.0,348.0,34705.0,1053.0,4800.0,19611.0,320.0,32884.2,160.0,356823.0,20.0,105388681.0,3,,,,,,
08/104,2008-09-11,2.0,8.0,12.0,20.0,25.0,49.0,34.0,,4.0,2.0,2.0,4.0,2.0,2.0,1.0,0.0,1.0,1.0,5000000.0,2.0,567985.0,146.0,20745.0,247.0,4800.0,7187.8,320.0,6339.0,160.0,115672.8,20.0,28028845.0,2,,,,,,
08/105,2008-09-13,3.0,8.0,9.0,16.0,34.0,46.0,42.0,8,4.0,2.0,2.0,4.0,3.0,1.0,0.0,1.0,1.0,0.0,0.0,1.0,1165725.0,86.0,36145.0,204.8,4800.0,5491.0,320.0,5523.8,160.0,104906.4,20.0,26411557.0,3,,,,,,
08/106,2008-09-16,4.0,9.0,14.0,25.0,36.0,40.0,45.0,9,3.0,3.0,2.0,4.0,2.0,1.0,1.0,2.0,0.0,1.0,9031915.0,2.0,671985.0,151.0,23730.0,319.0,4800.0,7433.8,320.0,8899.8,160.0,113809.4,20.0,32326152.0,4,,,,,,
08/107,2008-09-18,2.0,17.0,34.0,38.0,46.0,49.0,33.0,,2.0,4.0,2.0,4.0,1.0,1.0,0.0,2.0,2.0,1.0,5000000.0,2.0,721365.0,52.0,73985.0,137.0,4800.0,3397.4,320.0,4669.8,160.0,67319.4,20.0,26681126.0,2,,,,,,
08/108,2008-09-20,4.0,5.0,10.0,27.0,28.0,49.0,46.0,49,3.0,3.0,3.0,3.0,3.0,0.0,2.0,0.0,1.0,0.0,0.0,4.0,279720.0,122.0,24455.0,178.0,4800.0,5424.6,320.0,4224.0,160.0,90657.2,20.0,24585622.0,4,,,,,,
08/109,2008-09-25,1.0,4.0,15.0,16.0,29.0,46.0,30.0,4,4.0,2.0,3.0,3.0,2.0,2.0,1.0,0.0,1.0,0.0,0.0,1.0,2072735.0,129.0,42845.0,296.0,4800.0,6685.8,320.0,8832.4,160.0,127312.4,20.0,42045508.0,1,,,,,,
08/110,2008-09-27,7.0,17.0,33.0,36.0,39.0,44.0,31.0,,2.0,4.0,4.0,2.0,1.0,1.0,0.0,3.0,1.0,0.0,0.0,5.0,352515.0,116.0,40515.0,332.0,4800.0,6401.8,320.0,8720.0,160.0,116874.8,20.0,37569733.0,7,,,,,,
08/111,2008-09-30,11.0,26.0,27.0,39.0,40.0,47.0,34.0,39,1.0,5.0,4.0,2.0,0.0,1.0,2.0,2.0,1.0,0.0,0.0,7.0,396955.0,159.0,46600.0,427.0,4800.0,8490.8,320.0,10927.2,160.0,162523.0,20.0,55781883.0,11,,,,,,
08/112,2008-10-02,13.0,17.0,20.0,29.0,32.0,42.0,15.0,,3.0,3.0,3.0,3.0,0.0,3.0,1.0,1.0,1.0,1.0,35092340.0,3.0,1138915.0,178.0,51185.0,452.0,4800.0,10199.0,320.0,13759.4,160.0,192506.4,20.0,67622368.0,13,,,,,,
08/113,2008-10-04,4.0,14.0,16.0,19.0,22.0,35.0,9.0,,5.0,1.0,2.0,4.0,1.0,3.0,1.0,1.0,0.0,0.0,0.0,3.0,316155.0,94.0,26905.0,337.0,4800.0,5103.0,320.0,9627.0,160.0,83841.6,20.0,24844910.0,4,,,,,,
08/114,2008-10-07,4.0,10.0,26.0,34.0,46.0,49.0,5.0,4,2.0,4.0,1.0,5.0,2.0,0.0,1.0,1.0,2.0,2.0,4535500.0,5.0,271400.0,298.0,12140.0,379.0,4800.0,8823.0,320.0,8792.4,160.0,111504.2,20.0,33742275.0,4,,,,,,
08/115,2008-10-09,1.0,2.0,12.0,19.0,27.0,38.0,41.0,,4.0,2.0,3.0,3.0,2.0,2.0,1.0,1.0,0.0,2.0,14349375.0,9.0,322175.0,292.4,26440.0,547.0,4800.0,14793.8,320.0,14048.4,160.0,248281.6,20.0,66324768.0,1,,,,,,
08/116,2008-10-11,8.0,11.0,35.0,37.0,38.0,46.0,27.0,38,2.0,4.0,3.0,3.0,1.0,1.0,0.0,3.0,1.0,0.0,0.0,4.0,314110.0,66.0,50765.0,148.0,4800.0,3898.2,320.0,5588.4,160.0,78483.0,20.0,25234063.0,8,,,,,,
08/117,2008-10-14,11.0,14.0,19.0,21.0,41.0,44.0,31.0,11,4.0,2.0,4.0,2.0,0.0,3.0,1.0,0.0,2.0,1.0,9694050.0,5.0,312935.0,108.0,38630.0,420.0,4800.0,5251.8,320.0,10159.8,160.0,97139.2,20.0,34681133.0,11,,,,,,
08/118,2008-10-16,6.0,21.0,31.0,40.0,42.0,44.0,7.0,"21,44",2.0,4.0,2.0,4.0,1.0,0.0,1.0,2.0,2.0,0.0,0.0,3.0,466935.0,45.0,83010.0,177.0,4800.0,3300.0,320.0,5837.0,160.0,69414.0,20.0,26833726.0,6,,,,,,
08/119,2008-10-18,3.0,6.0,7.0,9.0,32.0,35.0,24.0,6,4.0,2.0,4.0,2.0,4.0,0.0,0.0,2.0,0.0,0.0,0.0,5.0,181340.0,143.4,16860.0,441.4,4800.0,8264.4,320.0,10312.6,160.0,138971.6,20.0,29324743.0,3,,,,,,
08/120,2008-10-21,1.0,8.0,9.0,32.0,35.0,37.0,14.0,"9,32,35",3.0,3.0,4.0,2.0,3.0,0.0,0.0,3.0,0.0,0.0,0.0,6.0,288970.0,142.0,32560.0,334.0,4800.0,7331.4,320.0,9361.0,160.0,144213.4,20.0,38950598.0,1,,,,,,
08/121,2008-10-23,5.0,9.0,19.0,21.0,27.0,46.0,37.0,9,4.0,2.0,5.0,1.0,2.0,1.0,2.0,0.0,1.0,0.0,0.0,5.0,407305.0,193.0,28135.0,406.0,4800.0,10608.4,320.0,11404.0,160.0,182581.8,20.0,47665584.0,5,,,,,,
08/122,2008-10-25,3.0,13.0,18.0,20.0,22.0,30.0,39.0,,5.0,1.0,2.0,4.0,1.0,3.0,2.0,0.0,0.0,0.0,0.0,4.0,584900.0,198.0,31505.0,476.0,4800.0,11632.8,320.0,12748.2,160.0,199594.2,20.0,54034852.0,3,,,,,,
08/123,2008-10-28,3.0,10.0,11.0,13.0,26.0,48.0,9.0,"3,13",4.0,2.0,3.0,3.0,2.0,2.0,1.0,0.0,1.0,0.0,0.0,5.0,623895.0,289.0,28780.0,1029.0,4800.0,15381.4,320.0,27738.6,160.0,269417.4,20.0,78779897.0,3,,,,,,
08/124,2008-10-30,5.0,13.0,23.0,33.0,37.0,40.0,39.0,13,3.0,3.0,5.0,1.0,1.0,1.0,1.0,3.0,0.0,1.0,48890260.0,10.0,449390.0,281.0,42645.0,859.4,4800.0,18329.6,320.0,23168.0,160.0,326807.6,20.0,98437363.0,5,,,,,,
08/125,2008-11-01,11.0,17.0,19.0,23.0,32.0,44.0,25.0,23,4.0,2.0,4.0,2.0,0.0,3.0,1.0,1.0,1.0,0.0,0.0,4.0,304665.0,80.0,40620.0,193.0,4800.0,4477.6,320.0,5583.4,160.0,81121.4,20.0,25560969.0,11,,,,,,
08/126,2008-11-03,1.0,8.0,20.0,25.0,38.0,43.0,39.0,,3.0,3.0,3.0,3.0,2.0,1.0,1.0,1.0,1.0,0.0,0.0,0.0,0.0,107.0,29445.0,197.0,4800.0,5175.4,320.0,5888.0,160.0,94273.0,20.0,26085656.0,1,,,,,,
08/127,2008-11-06,5.0,6.0,28.0,35.0,42.0,43.0,4.0,43,2.0,4.0,3.0,3.0,2.0,0.0,1.0,1.0,2.0,0.0,0.0,2.0,1133640.0,150.0,40305.0,400.8,4800.0,8692.4,320.0,11510.6,160.0,164337.2,20.0,48970365.0,5,,,,,,
08/128,2008-11-09,1.0,4.0,6.0,15.0,24.0,48.0,43.0,6,5.0,1.0,2.0,4.0,3.0,1.0,1.0,0.0,1.0,2.0,12176225.0,4.0,651990.0,136.0,51135.0,314.0,4800.0,10457.8,320.0,10307.0,160.0,194907.6,20.0,54642426.0,1,,,,,,
08/129,2008-11-11,17.0,19.0,20.0,27.0,32.0,35.0,11.0,,3.0,3.0,4.0,2.0,0.0,3.0,1.0,2.0,0.0,0.0,0.0,2.0,1552840.0,228.0,36320.0,835.0,4800.0,12134.8,320.0,23226.4,160.0,217835.0,20.0,71696916.0,17,,,,,,
08/130,2008-11-13,9.0,10.0,20.0,33.0,34.0,43.0,42.0,20,3.0,3.0,3.0,3.0,2.0,1.0,0.0,2.0,1.0,3.0,13659900.0,7.0,555360.0,252.0,41135.0,673.0,4800.0,14941.6,320.0,18039.0,160.0,275258.2,20.0,83117323.0,9,,,,,,
08/131,2008-11-15,2.0,5.0,8.0,24.0,32.0,37.0,35.0,,4.0,2.0,2.0,4.0,3.0,0.0,1.0,2.0,0.0,0.0,0.0,5.0,197910.0,143.0,18450.0,316.4,4800.0,6268.8,320.0,8519.2,160.0,105765.6,20.0,26393845.0,2,,,,,,
08/132,2008-11-18,5.0,11.0,18.0,28.0,29.0,32.0,10.0,"5,32",3.0,3.0,3.0,3.0,1.0,2.0,2.0,1.0,0.0,0.0,0.0,5.0,275850.0,148.0,24850.0,508.8,4800.0,8543.2,320.0,13071.8,160.0,144654.2,20.0,37528101.0,5,,,,,,
08/133,2008-11-20,4.0,13.0,31.0,36.0,40.0,41.0,49.0,,2.0,4.0,3.0,3.0,1.0,1.0,0.0,3.0,1.0,1.0,14286415.0,10.0,171620.0,179.0,25565.0,788.0,4800.0,7957.6,320.0,10199.0,160.0,131142.6,20.0,42882294.0,4,,,,,,
08/134,2008-11-22,1.0,3.0,4.0,17.0,24.0,28.0,7.0,4,5.0,1.0,3.0,3.0,3.0,1.0,2.0,0.0,0.0,0.0,0.0,7.0,108530.0,136.0,14895.0,716.0,4800.0,6102.2,320.0,16472.8,160.0,103589.4,20.0,25767334.0,1,,,,,,
08/135,2008-11-25,3.0,9.0,18.0,38.0,46.0,48.0,13.0,3,3.0,3.0,2.0,4.0,2.0,1.0,0.0,1.0,2.0,0.0,0.0,1.0,1424555.0,123.0,30880.0,407.0,4800.0,7624.2,320.0,10933.2,160.0,131080.4,20.0,35556622.0,3,,,,,,
08/136,2008-11-27,4.0,6.0,14.0,21.0,36.0,46.0,41.0,46,4.0,2.0,1.0,5.0,2.0,1.0,1.0,1.0,1.0,0.0,0.0,6.0,323825.0,150.0,34540.0,335.0,4800.0,7031.8,320.0,8472.4,160.0,128502.2,20.0,40774183.0,4,,,,,,
08/137,2008-11-29,5.0,6.0,27.0,33.0,36.0,37.0,48.0,"6,36",2.0,4.0,4.0,2.0,2.0,0.0,1.0,3.0,0.0,1.0,21325340.0,1.0,2074245.0,192.0,28805.0,321.0,4800.0,9515.8,320.0,9710.0,160.0,167684.6,20.0,45720566.0,5,,,,,,
08/138,2008-12-02,3.0,13.0,29.0,30.0,31.0,43.0,8.0,,2.0,4.0,5.0,1.0,1.0,1.0,2.0,1.0,1.0,1.0,5000000.0,3.0,393010.0,141.0,22295.0,372.4,4800.0,6239.8,320.0,10186.6,160.0,97896.2,20.0,29647582.0,3,,,,,,
08/139,2008-12-04,8.0,10.0,28.0,35.0,37.0,47.0,12.0,,2.0,4.0,3.0,3.0,2.0,0.0,1.0,2.0,1.0,0.0,0.0,2.0,616410.0,85.0,38675.0,241.0,4800.0,4676.0,320.0,7710.4,160.0,90617.8,20.0,27279254.0,8,,,,,,
08/140,2008-12-07,4.0,9.0,17.0,26.0,28.0,30.0,1.0,28,3.0,3.0,2.0,4.0,2.0,1.0,3.0,0.0,0.0,0.0,0.0,9.0,127840.0,113.0,27150.0,470.2,4800.0,6457.4,320.0,12568.4,160.0,112115.6,20.0,31492017.0,4,,,,,,
08/141,2008-12-09,7.0,14.0,21.0,43.0,44.0,47.0,35.0,,3.0,3.0,4.0,2.0,1.0,1.0,1.0,0.0,3.0,1.0,29663860.0,11.0,292840.0,210.0,40905.0,529.0,4800.0,11275.0,320.0,15401.0,160.0,198044.2,20.0,66984116.0,7,,,,,,
08/142,2008-12-11,1.0,10.0,11.0,41.0,47.0,48.0,20.0,47,3.0,3.0,4.0,2.0,2.0,1.0,0.0,0.0,3.0,1.0,5000000.0,3.0,422985.0,130.0,26025.0,189.0,4800.0,5305.0,320.0,6204.4,160.0,90006.8,20.0,27211172.0,1,,,,,,
08/143,2008-12-13,1.0,7.0,27.0,36.0,40.0,48.0,13.0,"1,48",2.0,4.0,3.0,3.0,2.0,0.0,1.0,2.0,1.0,0.0,0.0,5.0,235605.0,73.0,43030.0,234.0,4800.0,3774.8,320.0,7172.4,160.0,78182.6,20.0,25319936.0,1,,,,,,
08/144,2008-12-16,21.0,29.0,32.0,36.0,38.0,44.0,43.0,36,1.0,5.0,2.0,4.0,0.0,0.0,2.0,3.0,1.0,0.0,0.0,3.0,595360.0,114.0,41775.0,211.0,4800.0,4741.2,320.0,7233.2,160.0,92755.0,20.0,34495071.0,21,,,,,,
08/145,2008-12-18,2.0,22.0,27.0,31.0,40.0,46.0,13.0,,2.0,4.0,2.0,4.0,1.0,0.0,2.0,2.0,1.0,1.0,16252200.0,3.0,654880.0,96.0,54570.0,330.0,4800.0,5483.0,320.0,9709.8,160.0,108392.8,20.0,39727696.0,2,,,,,,
08/146,2008-12-21,6.0,13.0,20.0,26.0,34.0,40.0,10.0,40,3.0,3.0,1.0,5.0,1.0,2.0,1.0,2.0,0.0,0.0,0.0,1.0,1273320.0,80.0,42440.0,272.0,4800.0,4164.2,320.0,7716.2,160.0,78067.4,20.0,27337869.0,6,,,,,,
08/147,2008-12-23,22.0,24.0,26.0,29.0,33.0,48.0,46.0,26,2.0,4.0,2.0,4.0,0.0,0.0,4.0,1.0,1.0,0.0,0.0,8.0,552150.0,270.0,43625.0,681.0,4800.0,15810.0,320.0,18745.0,160.0,291001.6,20.0,91681157.0,22,,,,,,
08/148,2008-12-27,2.0,17.0,19.0,21.0,24.0,34.0,18.0,24,5.0,1.0,3.0,3.0,1.0,2.0,2.0,1.0,0.0,2.0,29659155.0,10.0,602220.0,382.0,42035.0,1024.0,4800.0,19614.6,320.0,27626.6,160.0,361675.4,20.0,124008231.0,2,,,,,,
08/149,2008-12-30,4.0,8.0,18.0,29.0,40.0,47.0,9.0,,3.0,3.0,2.0,4.0,2.0,1.0,1.0,1.0,1.0,0.0,0.0,5.0,272815.0,62.0,58670.0,267.0,4800.0,4272.4,320.0,8846.0,160.0,86861.6,20.0,29249504.0,4,,,,,,
09/001,2009-01-03,2.0,10.0,16.0,21.0,22.0,30.0,26.0,,5.0,1.0,1.0,5.0,2.0,1.0,3.0,0.0,0.0,0.0,0.0,4.0,403705.0,177.0,24325.0,419.0,4800.0,8219.6,320.0,10420.6,160.0,137588.6,20.0,38686625.0,2,,,,,,
09/002,2009-01-06,9.0,14.0,23.0,30.0,42.0,45.0,19.0,30,3.0,3.0,3.0,3.0,1.0,1.0,2.0,0.0,2.0,2.0,8335270.0,4.0,568835.0,163.6,37085.0,371.0,4800.0,8396.4,320.0,10898.8,160.0,154668.4,20.0,48100179.0,9,,,,,,
09/003,2009-01-08,18.0,19.0,22.0,33.0,42.0,46.0,7.0,42,3.0,3.0,2.0,4.0,0.0,2.0,1.0,1.0,2.0,0.0,0.0,8.0,166170.0,93.0,38115.0,230.0,4800.0,4610.0,320.0,6698.2,160.0,83064.2,20.0,27872885.0,18,,,,,,
09/004,2009-01-11,3.0,7.0,16.0,19.0,44.0,47.0,31.0,19,4.0,2.0,4.0,2.0,2.0,2.0,0.0,0.0,2.0,0.0,0.0,3.0,554585.0,69.0,64300.0,206.0,4800.0,4926.0,320.0,6876.6,160.0,97727.6,20.0,32979008.0,3,,,,,,
09/005,2009-01-13,12.0,15.0,36.0,40.0,41.0,49.0,42.0,,2.0,4.0,3.0,3.0,0.0,2.0,0.0,2.0,2.0,1.0,16231080.0,2.0,1039965.0,109.0,50885.0,296.0,4800.0,6777.4,320.0,8243.0,160.0,123794.2,20.0,41892462.0,12,,,,,,
09/006,2009-01-15,6.0,9.0,10.0,12.0,24.0,32.0,30.0,12,5.0,1.0,1.0,5.0,3.0,1.0,1.0,1.0,0.0,1.0,5000000.0,5.0,155540.0,227.0,9600.0,450.0,4800.0,9186.0,320.0,10740.4,160.0,130927.6,20.0,26913079.0,6,,,,,,
09/007,2009-01-17,1.0,15.0,16.0,28.0,29.0,47.0,37.0,,3.0,3.0,4.0,2.0,1.0,2.0,2.0,0.0,1.0,1.0,5000000.0,6.0,212295.0,87.0,39040.0,178.0,4800.0,4225.6,320.0,5134.6,160.0,80296.6,20.0,25862773.0,1,,,,,,
09/008,2009-01-20,5.0,13.0,22.0,29.0,34.0,42.0,37.0,29,3.0,3.0,3.0,3.0,1.0,1.0,2.0,1.0,1.0,0.0,0.0,14.0,355430.0,422.0,31440.0,1047.0,4800.0,20610.2,320.0,25473.2,160.0,366309.4,20.0,110143413.0,5,,,,,,
09/009,2009-01-23,5.0,17.0,37.0,38.0,44.0,47.0,12.0,5,2.0,4.0,4.0,2.0,1.0,1.0,0.0,2.0,2.0,2.0,37514940.0,7.0,1052460.0,463.0,42430.0,1065.0,4800.0,25963.2,320.0,33807.2,160.0,476274.0,20.0,152457863.0,5,,,,,,
09/010,2009-01-25,4.0,12.0,19.0,40.0,44.0,47.0,49.0,"44,47",3.0,3.0,2.0,4.0,1.0,2.0,0.0,1.0,2.0,0.0,0.0,1.0,1255665.0,58.0,57730.0,161.0,4800.0,3577.0,320.0,4649.0,160.0,69326.6,20.0,24531204.0,4,,,,,,
09/011,2009-01-27,7.0,13.0,17.0,21.0,42.0,45.0,36.0,,4.0,2.0,5.0,1.0,1.0,2.0,1.0,0.0,2.0,0.0,0.0,2.0,613020.0,100.0,32690.0,311.0,4800.0,4544.4,320.0,6453.6,160.0,85883.2,20.0,27183768.0,7,,,,,,
09/012,2009-01-29,6.0,8.0,9.0,17.0,25.0,36.0,4.0,17,4.0,2.0,3.0,3.0,3.0,1.0,1.0,1.0,0.0,0.0,0.0,8.0,168980.0,251.8,14315.0,620.0,4800.0,11701.4,320.0,15997.0,160.0,185600.8,20.0,42399637.0,6,,,,,,
09/013,2009-01-31,4.0,9.0,10.0,14.0,24.0,29.0,38.0,9,5.0,1.0,2.0,4.0,3.0,1.0,2.0,0.0,0.0,3.0,6222920.0,4.0,494585.0,342.0,15425.0,508.8,4800.0,13932.2,320.0,13918.8,160.0,215509.6,20.0,51724251.0,4,,,,,,
09/014,2009-02-03,8.0,12.0,26.0,31.0,44.0,46.0,42.0,,2.0,4.0,1.0,5.0,1.0,1.0,1.0,1.0,2.0,1.0,5000000.0,1.0,1657005.0,90.0,49095.0,233.0,4800.0,5116.4,320.0,6734.2,160.0,98719.6,20.0,33234733.0,8,,,,,,
09/015,2009-02-05,3.0,23.0,25.0,36.0,46.0,47.0,20.0,46,2.0,4.0,4.0,2.0,1.0,0.0,2.0,1.0,2.0,0.0,0.0,2.0,777650.0,82.0,50575.0,185.0,4800.0,4624.0,320.0,5227.4,160.0,85234.8,20.0,30190654.0,3,,,,,,
09/016,2009-02-07,9.0,12.0,42.0,44.0,45.0,48.0,35.0,,2.0,4.0,2.0,4.0,1.0,1.0,0.0,0.0,4.0,0.0,0.0,4.0,398385.0,141.0,30135.0,211.0,4800.0,7322.0,320.0,6556.0,160.0,109288.8,20.0,33824023.0,9,,,,,,
09/017,2009-02-10,4.0,6.0,14.0,21.0,24.0,48.0,8.0,48,5.0,1.0,1.0,5.0,2.0,1.0,2.0,0.0,1.0,2.0,7699240.0,9.0,208065.0,170.0,29370.0,714.8,4800.0,9369.6,320.0,17067.0,160.0,158712.0,20.0,48246308.0,4,,,,,,
09/018,2009-02-12,10.0,14.0,22.0,28.0,32.0,42.0,36.0,14,3.0,3.0,0.0,6.0,1.0,1.0,2.0,1.0,1.0,0.0,0.0,3.0,424875.0,83.0,40950.0,266.0,4800.0,5777.2,320.0,7495.2,160.0,100664.0,20.0,29029643.0,10,,,,,,
09/019,2009-02-14,12.0,17.0,31.0,37.0,39.0,46.0,8.0,,2.0,4.0,4.0,2.0,0.0,2.0,0.0,3.0,1.0,0.0,0.0,2.0,792425.0,81.0,52175.0,269.0,4800.0,4438.6,320.0,7854.2,160.0,87686.6,20.0,32097496.0,12,,,,,,
09/020,2009-02-17,8.0,12.0,15.0,26.0,39.0,44.0,6.0,"12,39",3.0,3.0,2.0,4.0,1.0,2.0,1.0,1.0,1.0,2.0,14101445.0,48.0,56960.0,317.0,23000.0,1149.0,4800.0,12054.4,320.0,19110.4,160.0,217936.6,20.0,68186091.0,8,,,,,,
09/021,2009-02-19,6.0,9.0,16.0,26.0,29.0,36.0,8.0,26,3.0,3.0,2.0,4.0,2.0,1.0,2.0,1.0,0.0,9.0,555555.0,27.0,19200.0,781.0,9600.0,989.8,4800.0,13086.2,320.0,14595.8,160.0,125192.8,20.0,28212824.0,6,,,,,,
09/022,2009-02-21,7.0,8.0,14.0,15.0,20.0,21.0,44.0,,6.0,0.0,3.0,3.0,2.0,3.0,1.0,0.0,0.0,1.0,5000000.0,4.0,287015.0,142.0,21560.0,212.0,4800.0,6110.0,320.0,5691.0,160.0,101863.6,20.0,26539704.0,7,,,,,,
09/023,2009-02-24,1.0,9.0,32.0,37.0,38.0,47.0,25.0,,2.0,4.0,4.0,2.0,2.0,0.0,0.0,3.0,1.0,0.0,0.0,0.0,0.0,67.0,60025.0,212.0,4800.0,4683.4,320.0,6506.8,160.0,94690.4,20.0,30556763.0,1,,,,,,
09/024,2009-02-26,14.0,15.0,19.0,23.0,24.0,25.0,2.0,,5.0,1.0,4.0,2.0,0.0,3.0,3.0,0.0,0.0,0.0,0.0,1.0,1677670.0,168.0,26625.0,325.0,4800.0,6317.8,320.0,8803.6,160.0,111228.2,20.0,36121223.0,14,,,,,,
09/025,2009-02-28,5.0,15.0,22.0,24.0,34.0,46.0,26.0,"15,24",4.0,2.0,2.0,4.0,1.0,1.0,2.0,1.0,1.0,0.0,0.0,3.0,670405.0,87.0,61645.0,330.0,4800.0,6077.4,320.0,9600.6,160.0,118478.0,20.0,41053141.0,5,,,,,,
09/026,2009-03-03,22.0,25.0,30.0,37.0,38.0,49.0,15.0,22,1.0,5.0,3.0,3.0,0.0,0.0,3.0,2.0,1.0,0.0,0.0,4.0,707050.0,134.0,56280.0,360.0,4800.0,8721.4,320.0,10933.8,160.0,156050.6,20.0,55757035.0,22,,,,,,
09/027,2009-03-05,2.0,7.0,17.0,20.0,33.0,47.0,45.0,,4.0,2.0,4.0,2.0,2.0,2.0,0.0,1.0,1.0,2.0,17493305.0,4.0,743915.0,230.0,34500.0,432.0,4800.0,12116.0,320.0,13130.4,160.0,221271.8,20.0,63475590.0,2,,,,,,
09/028,2009-03-08,3.0,4.0,11.0,28.0,37.0,40.0,36.0,,3.0,3.0,3.0,3.0,2.0,1.0,1.0,2.0,0.0,0.0,0.0,6.0,206830.0,96.0,34470.0,267.0,4800.0,5531.2,320.0,6851.2,160.0,100502.6,20.0,28239478.0,3,,,,,,
09/029,2009-03-10,21.0,27.0,32.0,33.0,39.0,48.0,9.0,,1.0,5.0,4.0,2.0,0.0,0.0,2.0,3.0,1.0,0.0,0.0,6.0,508860.0,204.0,39910.0,722.4,4800.0,11227.4,320.0,20222.0,160.0,206945.6,20.0,68152250.0,21,,,,,,
09/030,2009-03-12,2.0,12.0,15.0,16.0,30.0,32.0,5.0,32,4.0,2.0,1.0,5.0,1.0,3.0,1.0,1.0,0.0,3.0,13038055.0,7.0,474030.0,316.0,28000.0,876.0,4800.0,15748.2,320.0,23406.4,160.0,274982.4,20.0,79256046.0,2,,,,,,
09/031,2009-03-14,10.0,16.0,19.0,33.0,42.0,43.0,12.0,16,3.0,3.0,3.0,3.0,1.0,2.0,0.0,1.0,2.0,1.0,5000000.0,1.0,1329290.0,73.0,48555.0,186.0,4800.0,3806.4,320.0,5517.6,160.0,77503.4,20.0,26448386.0,10,,,,,,
09/032,2009-03-17,11.0,12.0,14.0,17.0,21.0,37.0,10.0,,5.0,1.0,4.0,2.0,0.0,4.0,1.0,1.0,0.0,2.0,2500000.0,3.0,404820.0,123.0,26325.0,349.0,4800.0,6691.2,320.0,9655.8,160.0,113588.4,20.0,30611627.0,11,,,,,,
09/033,2009-03-19,6.0,14.0,18.0,21.0,32.0,46.0,43.0,"14,21",4.0,2.0,1.0,5.0,1.0,2.0,1.0,1.0,1.0,0.0,0.0,1.0,1469075.0,92.0,42580.0,164.0,4800.0,4426.6,320.0,4959.0,160.0,84261.0,20.0,28601595.0,6,,,,,,
09/034,2009-03-21,13.0,23.0,27.0,32.0,34.0,43.0,22.0,32,2.0,4.0,4.0,2.0,0.0,1.0,2.0,2.0,1.0,0.0,0.0,3.0,430015.0,146.0,23560.0,362.0,4800.0,6765.0,320.0,8745.0,160.0,103805.0,20.0,31164098.0,13,,,,,,
09/035,2009-03-24,4.0,12.0,15.0,16.0,38.0,46.0,21.0,,4.0,2.0,1.0,5.0,1.0,3.0,0.0,1.0,1.0,0.0,0.0,3.0,695655.0,113.0,49250.0,336.0,4800.0,7217.2,320.0,10711.2,160.0,141089.6,20.0,43976134.0,4,,,,,,
09/036,2009-03-26,5.0,14.0,34.0,36.0,38.0,42.0,19.0,38,2.0,4.0,1.0,5.0,1.0,1.0,0.0,3.0,1.0,1.0,22911730.0,2.0,1296770.0,149.0,46415.0,393.0,4800.0,8096.0,320.0,11260.8,160.0,158543.2,20.0,52685330.0,5,,,,,,
09/037,2009-03-29,24.0,32.0,36.0,40.0,42.0,43.0,47.0,"36,42",1.0,5.0,1.0,5.0,0.0,0.0,1.0,3.0,2.0,0.0,0.0,1.0,1339385.0,80.0,44645.0,202.0,4800.0,4506.8,320.0,4900.0,160.0,80462.8,20.0,27069275.0,24,,,,,,
09/038,2009-03-31,1.0,7.0,15.0,23.0,29.0,35.0,14.0,,4.0,2.0,6.0,0.0,2.0,1.0,2.0,1.0,0.0,1.0,9361260.0,2.0,726875.0,160.0,24225.0,326.4,4800.0,7786.8,320.0,9116.4,160.0,132404.8,20.0,34843390.0,1,,,,,,
09/039,2009-04-02,7.0,13.0,20.0,33.0,39.0,45.0,30.0,7,3.0,3.0,5.0,1.0,1.0,2.0,0.0,2.0,1.0,0.0,0.0,1.0,1362650.0,97.0,37460.0,193.0,4800.0,4635.4,320.0,6311.2,160.0,85106.4,20.0,27971222.0,7,,,,,,
09/040,2009-04-04,2.0,6.0,10.0,17.0,18.0,46.0,34.0,,5.0,1.0,1.0,5.0,3.0,2.0,0.0,0.0,1.0,0.0,0.0,4.0,330680.0,115.0,30670.0,235.0,4800.0,5865.8,320.0,6595.4,160.0,107216.4,20.0,29435096.0,2,,,,,,
09/041,2009-04-07,4.0,21.0,22.0,29.0,41.0,45.0,14.0,,3.0,3.0,4.0,2.0,1.0,0.0,3.0,0.0,2.0,1.0,31041760.0,7.0,525795.0,201.0,48830.0,543.0,4800.0,10829.4,320.0,16964.8,160.0,211987.8,20.0,74055441.0,4,,,,,,
09/042,2009-04-09,7.0,9.0,22.0,29.0,44.0,49.0,1.0,"22,29",3.0,3.0,4.0,2.0,2.0,0.0,2.0,0.0,2.0,0.0,0.0,5.0,188080.0,124.0,20220.0,385.0,4800.0,5828.0,320.0,10439.8,160.0,96958.4,20.0,26318566.0,7,,,,,,
09/043,2009-04-11,3.0,16.0,25.0,38.0,45.0,47.0,35.0,,2.0,4.0,4.0,2.0,1.0,1.0,1.0,1.0,2.0,0.0,0.0,1.0,1354640.0,78.0,46310.0,225.0,4800.0,4406.0,320.0,6624.2,160.0,81028.8,20.0,27952782.0,3,,,,,,
09/044,2009-04-14,2.0,7.0,22.0,27.0,41.0,42.0,5.0,,3.0,3.0,3.0,3.0,2.0,0.0,2.0,0.0,2.0,0.0,0.0,5.0,358770.0,151.0,31675.0,382.0,4800.0,7642.0,320.0,11005.0,160.0,132666.8,20.0,40435262.0,2,,,,,,
09/045,2009-04-16,1.0,11.0,12.0,19.0,28.0,30.0,49.0,,4.0,2.0,3.0,3.0,1.0,3.0,2.0,0.0,0.0,2.0,9855770.0,4.0,438830.0,360.4,12985.0,528.0,4800.0,15135.8,320.0,11941.0,160.0,212675.0,20.0,48891750.0,1,,,,,,
09/046,2009-04-18,10.0,14.0,22.0,29.0,33.0,48.0,5.0,,3.0,3.0,2.0,4.0,1.0,1.0,2.0,1.0,1.0,0.0,0.0,3.0,332060.0,99.0,26830.0,237.0,4800.0,5160.0,320.0,6985.2,160.0,88594.0,20.0,24030389.0,10,,,,,,
09/047,2009-04-21,4.0,18.0,31.0,41.0,42.0,43.0,24.0,,2.0,4.0,3.0,3.0,1.0,1.0,0.0,1.0,3.0,1.0,10013435.0,3.0,557045.0,98.0,45470.0,311.0,4800.0,5936.0,320.0,8254.2,160.0,105013.4,20.0,35289048.0,4,,,,,,
09/048,2009-04-23,15.0,20.0,34.0,42.0,45.0,46.0,23.0,42,2.0,4.0,2.0,4.0,0.0,2.0,0.0,1.0,3.0,0.0,0.0,1.0,1385245.0,69.0,53535.0,175.0,4800.0,3557.0,320.0,6024.0,160.0,66811.0,20.0,26715960.0,15,,,,,,
09/049,2009-04-25,4.0,17.0,34.0,38.0,46.0,49.0,7.0,"34,46",2.0,4.0,2.0,4.0,1.0,1.0,0.0,2.0,2.0,0.0,0.0,1.0,1529335.0,85.0,47975.0,190.0,4800.0,3775.0,320.0,6276.4,160.0,72406.6,20.0,29215389.0,4,,,,,,
09/050,2009-04-28,3.0,7.0,20.0,34.0,36.0,41.0,39.0,34,3.0,3.0,3.0,3.0,2.0,1.0,0.0,2.0,1.0,0.0,0.0,2.0,1095230.0,105.0,55630.0,276.0,4800.0,6303.6,320.0,7936.2,160.0,125574.2,20.0,42908522.0,3,,,,,,
09/051,2009-04-30,8.0,11.0,21.0,30.0,38.0,49.0,35.0,,3.0,3.0,3.0,3.0,1.0,1.0,2.0,1.0,1.0,1.0,23304255.0,3.0,793870.0,200.0,31750.0,369.0,4800.0,9007.8,320.0,10974.6,160.0,167877.4,20.0,50397948.0,8,,,,,,
09/052,2009-05-02,1.0,6.0,18.0,29.0,39.0,48.0,10.0,,3.0,3.0,3.0,3.0,2.0,1.0,1.0,1.0,1.0,0.0,0.0,1.0,964140.0,62.0,41465.0,247.0,4800.0,3935.2,320.0,7027.4,160.0,75343.2,20.0,22480389.0,1,,,,,,
09/053,2009-05-05,5.0,29.0,30.0,31.0,41.0,45.0,47.0,29,1.0,5.0,5.0,1.0,1.0,0.0,2.0,1.0,2.0,2.0,5086930.0,2.0,862310.0,153.0,30055.0,224.0,4800.0,6178.8,320.0,7112.0,160.0,113182.6,20.0,35349229.0,5,,,,,,
09/054,2009-05-07,2.0,3.0,7.0,9.0,16.0,34.0,14.0,,5.0,1.0,3.0,3.0,4.0,1.0,0.0,1.0,0.0,1.0,5000000.0,5.0,162040.0,196.0,11020.0,382.0,4800.0,8363.6,320.0,9604.0,160.0,128543.0,20.0,26950202.0,2,,,,,,
09/055,2009-05-10,11.0,14.0,21.0,28.0,41.0,48.0,32.0,,3.0,3.0,3.0,3.0,0.0,2.0,2.0,0.0,2.0,0.0,0.0,0.0,0.0,77.0,45260.0,210.0,4800.0,4385.2,320.0,5425.4,160.0,82130.6,20.0,26845908.0,11,,,,,,
09/056,2009-05-12,9.0,25.0,29.0,36.0,38.0,41.0,23.0,41,1.0,5.0,4.0,2.0,1.0,0.0,2.0,2.0,1.0,0.0,0.0,2.0,825030.0,91.0,48350.0,277.0,4800.0,5745.8,320.0,8334.0,160.0,111664.6,20.0,34858068.0,9,,,,,,
09/057,2009-05-14,6.0,23.0,31.0,43.0,46.0,49.0,40.0,,2.0,4.0,4.0,2.0,1.0,0.0,1.0,1.0,3.0,0.0,0.0,1.0,2093660.0,115.0,48545.0,333.0,4800.0,6795.8,320.0,8059.0,160.0,122914.6,20.0,42331422.0,6,,,,,,
09/058,2009-05-16,3.0,7.0,11.0,18.0,20.0,27.0,2.0,,5.0,1.0,4.0,2.0,2.0,3.0,1.0,0.0,0.0,0.0,0.0,11.0,133940.0,308.0,12755.0,817.8,4800.0,12767.2,320.0,18129.0,160.0,200556.0,20.0,47623438.0,3,,,,,,
09/059,2009-05-19,28.0,33.0,36.0,38.0,40.0,45.0,4.0,,0.0,6.0,2.0,4.0,0.0,0.0,1.0,4.0,1.0,1.0,32332150.0,6.0,576325.0,248.0,37180.0,488.0,4800.0,12566.0,320.0,15265.2,160.0,227472.8,20.0,71645335.0,28,,,,,,
09/060,2009-05-23,1.0,8.0,21.0,32.0,37.0,46.0,22.0,,3.0,3.0,3.0,3.0,2.0,0.0,1.0,2.0,1.0,0.0,0.0,0.0,0.0,96.0,38130.0,291.0,4800.0,4501.0,320.0,7889.8,160.0,93205.4,20.0,29667530.0,1,,,,,,
09/061,2009-05-26,11.0,14.0,19.0,25.0,27.0,47.0,20.0,,3.0,3.0,5.0,1.0,0.0,3.0,2.0,0.0,1.0,1.0,31180415.0,5.0,745360.0,229.0,43395.0,604.0,4800.0,13434.6,320.0,16881.0,160.0,251530.0,20.0,78208210.0,11,,,,,,
09/062,2009-05-28,2.0,12.0,20.0,28.0,46.0,49.0,31.0,,3.0,3.0,1.0,5.0,1.0,2.0,1.0,0.0,2.0,1.0,5000000.0,0.0,0.0,80.0,39720.0,125.0,4800.0,3522.0,320.0,4276.2,160.0,69809.6,20.0,23217508.0,2,,,,,,
09/063,2009-05-30,9.0,12.0,14.0,20.0,27.0,36.0,11.0,"12,20",4.0,2.0,2.0,4.0,1.0,3.0,1.0,1.0,0.0,1.0,5000000.0,4.0,267825.0,99.0,28855.0,309.0,4800.0,5094.0,320.0,8984.2,160.0,90993.2,20.0,26331677.0,9,,,,,,
09/064,2009-06-02,5.0,7.0,18.0,26.0,29.0,47.0,2.0,,3.0,3.0,4.0,2.0,2.0,1.0,2.0,0.0,1.0,0.0,0.0,3.0,392545.0,125.0,25120.0,350.4,4800.0,6010.8,320.0,8925.6,160.0,105144.8,20.0,29192277.0,5,,,,,,
09/065,2009-06-04,4.0,9.0,19.0,22.0,24.0,43.0,1.0,,5.0,1.0,3.0,3.0,2.0,1.0,2.0,0.0,1.0,0.0,0.0,3.0,419685.0,123.0,27295.0,416.4,4800.0,6742.0,320.0,11591.4,160.0,121876.0,20.0,32726314.0,4,,,,,,
09/066,2009-06-06,1.0,5.0,8.0,23.0,32.0,48.0,3.0,,4.0,2.0,3.0,3.0,3.0,0.0,1.0,1.0,1.0,0.0,0.0,4.0,293335.0,160.0,19555.0,599.0,4800.0,8167.4,320.0,16242.6,160.0,138818.4,20.0,36036957.0,1,,,,,,
09/067,2009-06-09,7.0,13.0,16.0,35.0,42.0,46.0,25.0,,3.0,3.0,3.0,3.0,1.0,2.0,0.0,1.0,2.0,0.0,0.0,5.0,436605.0,155.0,37555.0,450.0,4800.0,8452.8,320.0,11707.4,160.0,154970.6,20.0,47834209.0,7,,,,,,
09/068,2009-06-11,8.0,11.0,15.0,20.0,33.0,43.0,34.0,,4.0,2.0,4.0,2.0,1.0,3.0,0.0,1.0,1.0,0.0,0.0,3.0,845945.0,202.0,33500.0,496.0,4800.0,10692.4,320.0,13807.2,160.0,199125.2,20.0,56641291.0,8,,,,,,
09/069,2009-06-14,12.0,13.0,25.0,39.0,42.0,43.0,38.0,43,2.0,4.0,4.0,2.0,0.0,2.0,1.0,1.0,2.0,1.0,37337865.0,10.0,362595.0,223.4,43280.0,634.0,4800.0,11280.8,320.0,17045.8,160.0,208852.4,20.0,74298944.0,12,,,,,,
09/070,2009-06-16,16.0,25.0,27.0,30.0,37.0,41.0,36.0,25,1.0,5.0,4.0,2.0,0.0,1.0,3.0,1.0,1.0,1.0,5000000.0,1.0,1419320.0,63.0,60075.0,140.0,4800.0,3440.0,320.0,5482.0,160.0,70637.6,20.0,26778950.0,16,,,,,,
09/071,2009-06-18,2.0,11.0,17.0,19.0,22.0,26.0,13.0,,5.0,1.0,3.0,3.0,1.0,3.0,2.0,0.0,0.0,1.0,5000000.0,6.0,171625.0,133.0,20645.0,305.0,4800.0,6084.8,320.0,7738.8,160.0,103103.0,20.0,26398877.0,2,,,,,,
09/072,2009-06-20,7.0,11.0,24.0,32.0,35.0,49.0,46.0,11,3.0,3.0,4.0,2.0,1.0,1.0,1.0,2.0,1.0,1.0,5000000.0,2.0,609540.0,80.0,40635.0,171.0,4800.0,4017.8,320.0,5242.0,160.0,78658.0,20.0,24906257.0,7,,,,,,
09/073,2009-06-23,1.0,19.0,34.0,39.0,43.0,48.0,45.0,,2.0,4.0,4.0,2.0,1.0,1.0,0.0,2.0,2.0,1.0,40097340.0,5.0,806485.0,209.0,51450.0,457.0,4800.0,11481.0,320.0,14478.0,160.0,221314.0,20.0,78059293.0,1,,,,,,
09/074,2009-06-25,12.0,19.0,26.0,30.0,36.0,45.0,20.0,19,2.0,4.0,2.0,4.0,0.0,2.0,2.0,1.0,1.0,0.0,0.0,0.0,0.0,68.0,49785.0,155.0,4800.0,3794.0,320.0,5271.4,160.0,72578.6,20.0,25099706.0,12,,,,,,
09/075,2009-06-27,16.0,18.0,21.0,26.0,30.0,48.0,45.0,"26,30",3.0,3.0,1.0,5.0,0.0,2.0,3.0,0.0,1.0,0.0,0.0,2.0,799975.0,62.0,68815.0,164.0,4800.0,3957.4,320.0,5073.0,160.0,81216.2,20.0,30020146.0,16,,,,,,
09/076,2009-06-30,5.0,11.0,15.0,17.0,25.0,46.0,24.0,,4.0,2.0,5.0,1.0,1.0,3.0,1.0,0.0,1.0,0.0,0.0,2.0,920980.0,180.0,27285.0,386.0,4800.0,10153.4,320.0,11718.4,160.0,168952.6,20.0,44166871.0,5,,,,,,
09/077,2009-07-02,6.0,19.0,22.0,24.0,29.0,40.0,4.0,,4.0,2.0,2.0,4.0,1.0,1.0,3.0,1.0,0.0,1.0,23037500.0,1.0,2147395.0,145.0,39490.0,494.4,4800.0,8832.2,320.0,13714.0,160.0,166986.8,20.0,49009714.0,6,,,,,,
09/078,2009-07-04,2.0,14.0,17.0,19.0,20.0,49.0,26.0,19,5.0,1.0,3.0,3.0,1.0,4.0,0.0,0.0,1.0,0.0,0.0,3.0,437825.0,62.0,56490.0,125.4,4800.0,3509.2,320.0,5207.0,160.0,70778.4,20.0,25178074.0,2,,,,,,
09/079,2009-07-07,6.0,27.0,30.0,38.0,41.0,47.0,20.0,,1.0,5.0,3.0,3.0,1.0,0.0,2.0,1.0,2.0,1.0,10490230.0,1.0,1830075.0,80.0,61000.0,210.0,4800.0,4984.4,320.0,6464.2,160.0,101277.0,20.0,35314773.0,6,,,,,,
09/080,2009-07-09,4.0,24.0,26.0,30.0,31.0,46.0,2.0,30,2.0,4.0,1.0,5.0,1.0,0.0,3.0,1.0,1.0,0.0,0.0,0.0,0.0,91.0,36685.0,218.0,4800.0,4662.6,320.0,6125.8,160.0,81878.8,20.0,26534431.0,4,,,,,,
09/081,2009-07-11,2.0,9.0,18.0,21.0,32.0,47.0,26.0,,4.0,2.0,3.0,3.0,2.0,1.0,1.0,1.0,1.0,1.0,10746100.0,2.0,749010.0,103.0,38780.0,252.0,4800.0,5482.2,320.0,6747.2,160.0,100473.0,20.0,31532265.0,2,,,,,,
09/082,2009-07-14,2.0,10.0,19.0,39.0,46.0,47.0,41.0,"2,47",3.0,3.0,3.0,3.0,2.0,1.0,0.0,1.0,2.0,1.0,5000000.0,1.0,1495300.0,59.0,67580.0,154.0,4800.0,3738.0,320.0,4268.0,160.0,77234.0,20.0,27995371.0,2,,,,,,
09/083,2009-07-16,3.0,5.0,14.0,17.0,29.0,45.0,31.0,,4.0,2.0,5.0,1.0,2.0,2.0,1.0,0.0,1.0,1.0,5000000.0,3.0,401330.0,124.0,25890.0,246.0,4800.0,4548.2,320.0,6192.4,160.0,89011.8,20.0,26347746.0,3,,,,,,
09/084,2009-07-18,24.0,28.0,29.0,38.0,39.0,41.0,19.0,29,1.0,5.0,3.0,3.0,0.0,0.0,3.0,2.0,1.0,0.0,0.0,0.0,0.0,64.0,46565.0,263.4,4800.0,3590.8,320.0,5367.4,160.0,63132.2,20.0,23560581.0,24,,,,,,
09/085,2009-07-21,1.0,4.0,6.0,13.0,15.0,48.0,39.0,,5.0,1.0,3.0,3.0,3.0,2.0,0.0,0.0,1.0,0.0,0.0,1.0,1597675.0,146.0,29180.0,230.0,4800.0,7210.8,320.0,6343.6,160.0,132945.2,20.0,34796191.0,1,,,,,,
09/086,2009-07-23,1.0,3.0,11.0,15.0,39.0,47.0,44.0,"1,15",4.0,2.0,6.0,0.0,2.0,2.0,0.0,1.0,1.0,1.0,16800000.0,3.0,654365.0,100.0,52345.0,235.0,4800.0,6059.0,320.0,6812.0,160.0,125945.0,20.0,38995233.0,1,,,,,,
09/087,2009-07-25,4.0,22.0,23.0,31.0,36.0,47.0,20.0,47,3.0,3.0,3.0,3.0,1.0,0.0,2.0,2.0,1.0,0.0,0.0,2.0,634090.0,56.0,60385.0,138.0,4800.0,3388.0,320.0,4108.8,160.0,69250.0,20.0,24221673.0,4,,,,,,
09/088,2009-07-28,4.0,11.0,20.0,28.0,46.0,49.0,31.0,4,3.0,3.0,2.0,4.0,1.0,2.0,1.0,0.0,2.0,1.0,30473820.0,6.0,581875.0,213.0,43705.0,441.0,4800.0,11339.4,320.0,13867.6,160.0,215232.8,20.0,70085150.0,4,,,,,,
09/089,2009-07-30,4.0,11.0,12.0,18.0,21.0,40.0,44.0,"4,11",5.0,1.0,2.0,4.0,1.0,3.0,1.0,1.0,0.0,0.0,0.0,2.0,588785.0,84.0,37380.0,176.0,4800.0,4961.4,320.0,4699.0,160.0,91553.0,20.0,25263507.0,4,,,,,,
09/090,2009-08-01,1.0,8.0,20.0,45.0,47.0,48.0,11.0,,3.0,3.0,3.0,3.0,2.0,1.0,0.0,0.0,3.0,0.0,0.0,2.0,678640.0,94.0,38500.0,305.0,4800.0,5251.0,320.0,8629.4,160.0,98336.0,20.0,30435646.0,1,,,,,,
09/091,2009-08-04,9.0,27.0,32.0,34.0,36.0,37.0,20.0,,1.0,5.0,3.0,3.0,1.0,0.0,1.0,4.0,0.0,0.0,0.0,6.0,310340.0,132.0,37615.0,353.0,4800.0,8018.0,320.0,8435.2,160.0,139394.4,20.0,40813015.0,9,,,,,,
09/092,2009-08-06,18.0,28.0,38.0,39.0,47.0,48.0,24.0,,1.0,5.0,2.0,4.0,0.0,1.0,1.0,2.0,2.0,3.0,6153815.0,7.0,181115.0,679.0,9600.0,517.0,4800.0,18329.6,320.0,12597.2,160.0,173187.2,20.0,49189396.0,18,,,,,,
09/093,2009-08-08,5.0,8.0,10.0,11.0,23.0,30.0,42.0,,5.0,1.0,3.0,3.0,3.0,1.0,2.0,0.0,0.0,5.0,1000000.0,4.0,113805.0,333.4,9600.0,249.0,4800.0,10346.4,320.0,6618.4,160.0,133021.8,20.0,25451186.0,5,,,,,,
09/094,2009-08-11,1.0,15.0,23.0,24.0,31.0,39.0,33.0,23,4.0,2.0,5.0,1.0,1.0,1.0,2.0,2.0,0.0,0.0,0.0,3.0,472355.0,88.4,42745.0,178.0,4800.0,4921.4,320.0,6468.6,160.0,91758.0,20.0,29038546.0,1,,,,,,
09/095,2009-08-13,3.0,6.0,18.0,27.0,29.0,37.0,4.0,,3.0,3.0,4.0,2.0,2.0,1.0,2.0,1.0,0.0,0.0,0.0,2.0,686160.0,148.0,24725.0,319.0,4800.0,7062.4,320.0,8784.2,160.0,120603.8,20.0,32708123.0,3,,,,,,
09/096,2009-08-15,6.0,16.0,20.0,23.0,24.0,34.0,42.0,6,5.0,1.0,1.0,5.0,1.0,2.0,2.0,1.0,0.0,0.0,0.0,1.0,1736605.0,105.0,44100.0,285.0,4800.0,5492.0,320.0,7653.0,160.0,111548.4,20.0,35746815.0,6,,,,,,
09/097,2009-08-18,1.0,3.0,15.0,18.0,20.0,33.0,48.0,20,5.0,1.0,4.0,2.0,2.0,3.0,0.0,1.0,0.0,0.0,0.0,6.0,358840.0,176.0,32620.0,510.0,4800.0,10558.4,320.0,12482.0,160.0,188431.6,20.0,50677123.0,1,,,,,,
09/098,2009-08-20,12.0,15.0,22.0,26.0,27.0,29.0,37.0,15,3.0,3.0,3.0,3.0,0.0,2.0,4.0,0.0,0.0,1.0,29692395.0,3.0,989605.0,205.0,38615.0,468.0,4800.0,12055.0,320.0,14249.2,160.0,210285.2,20.0,63591115.0,12,,,,,,
09/099,2009-08-22,3.0,4.0,12.0,29.0,32.0,48.0,16.0,"12,29",3.0,3.0,2.0,4.0,2.0,1.0,1.0,1.0,1.0,0.0,0.0,1.0,1204410.0,48.0,66910.0,195.0,4800.0,4010.4,320.0,5675.6,160.0,80559.8,20.0,25115088.0,3,,,,,,
09/100,2009-08-25,5.0,11.0,12.0,15.0,24.0,32.0,39.0,"12,32",5.0,1.0,3.0,3.0,1.0,3.0,1.0,1.0,0.0,0.0,0.0,4.0,362625.0,160.0,24175.0,326.0,4800.0,8431.2,320.0,8915.0,160.0,140623.6,20.0,35422394.0,5,,,,,,
09/101,2009-08-27,5.0,8.0,17.0,24.0,30.0,42.0,34.0,"5,24",4.0,2.0,2.0,4.0,2.0,1.0,2.0,0.0,1.0,0.0,0.0,5.0,382295.0,163.0,31270.0,328.0,4800.0,7559.4,320.0,8655.6,160.0,139295.0,20.0,41051580.0,5,,,,,,
09/102,2009-08-29,4.0,17.0,18.0,26.0,33.0,35.0,40.0,17,3.0,3.0,3.0,3.0,1.0,2.0,1.0,2.0,0.0,0.0,0.0,1.0,2315905.0,196.0,31505.0,328.0,4800.0,8223.2,320.0,9607.8,160.0,150191.8,20.0,47617173.0,4,,,,,,
09/103,2009-09-01,17.0,19.0,22.0,27.0,40.0,46.0,4.0,17,3.0,3.0,3.0,3.0,0.0,2.0,2.0,1.0,1.0,2.0,16408335.0,6.0,599050.0,184.0,52090.0,466.0,4800.0,9927.4,320.0,16058.6,160.0,196183.4,20.0,70812128.0,17,,,,,,
09/104,2009-09-04,6.0,9.0,14.0,17.0,47.0,49.0,38.0,17,4.0,2.0,4.0,2.0,2.0,2.0,0.0,0.0,2.0,0.0,0.0,2.0,661525.0,101.0,34930.0,271.0,4800.0,5499.4,320.0,8145.4,160.0,101667.8,20.0,29796211.0,6,,,,,,
09/105,2009-09-06,9.0,24.0,35.0,40.0,41.0,48.0,31.0,9,2.0,4.0,3.0,3.0,1.0,0.0,1.0,2.0,2.0,0.0,0.0,3.0,526145.0,69.0,61000.0,173.0,4800.0,4008.8,320.0,5331.0,160.0,81622.2,20.0,29930095.0,9,,,,,,
09/106,2009-09-08,11.0,13.0,16.0,20.0,21.0,28.0,15.0,,5.0,1.0,3.0,3.0,0.0,4.0,2.0,0.0,0.0,2.0,7612335.0,5.0,365955.0,172.0,28365.0,423.0,4800.0,8604.6,320.0,11151.6,160.0,149741.0,20.0,42533329.0,11,,,,,,
09/107,2009-09-10,7.0,29.0,31.0,32.0,33.0,35.0,48.0,,1.0,5.0,5.0,1.0,1.0,0.0,1.0,4.0,0.0,0.0,0.0,4.0,329075.0,126.0,27855.0,176.0,4800.0,5620.4,320.0,4986.0,160.0,90150.6,20.0,27569197.0,7,,,,,,
09/108,2009-09-12,1.0,3.0,14.0,17.0,35.0,43.0,47.0,35,4.0,2.0,5.0,1.0,2.0,2.0,0.0,1.0,1.0,0.0,0.0,4.0,386580.0,69.0,59760.0,189.0,4800.0,4725.6,320.0,5982.0,160.0,95129.2,20.0,30754620.0,1,,,,,,
09/109,2009-09-15,11.0,14.0,16.0,17.0,35.0,49.0,34.0,"14,17,35",4.0,2.0,4.0,2.0,0.0,4.0,0.0,1.0,1.0,0.0,0.0,5.0,370680.0,102.0,48455.0,280.0,4800.0,5762.0,320.0,7497.6,160.0,110339.0,20.0,37356258.0,11,,,,,,
09/110,2009-09-17,19.0,21.0,24.0,28.0,30.0,48.0,26.0,,3.0,3.0,2.0,4.0,0.0,1.0,4.0,0.0,1.0,1.0,22080625.0,3.0,764595.0,138.0,44320.0,442.0,4800.0,7969.0,320.0,12118.6,160.0,154476.6,20.0,49082557.0,19,,,,,,
09/111,2009-09-19,20.0,23.0,28.0,37.0,39.0,41.0,26.0,28,2.0,4.0,4.0,2.0,0.0,1.0,2.0,2.0,1.0,0.0,0.0,1.0,1225555.0,56.0,58355.0,187.0,4800.0,3277.8,320.0,4725.2,160.0,68850.2,20.0,24181441.0,20,,,,,,
09/112,2009-09-22,1.0,5.0,9.0,18.0,24.0,32.0,38.0,,5.0,1.0,3.0,3.0,3.0,1.0,1.0,1.0,0.0,0.0,0.0,8.0,152490.0,222.2,14640.0,427.8,4800.0,9398.8,320.0,10202.8,160.0,150221.6,20.0,34509834.0,1,,,,,,
09/113,2009-09-24,9.0,19.0,22.0,26.0,34.0,36.0,24.0,9,3.0,3.0,2.0,4.0,1.0,1.0,2.0,2.0,0.0,1.0,13320465.0,7.0,221930.0,119.0,34810.0,487.4,4800.0,7480.0,320.0,11745.0,160.0,136919.0,20.0,38392456.0,9,,,,,,
09/114,2009-09-27,1.0,3.0,9.0,30.0,41.0,47.0,19.0,9,3.0,3.0,5.0,1.0,3.0,0.0,1.0,0.0,2.0,1.0,5000000.0,2.0,575750.0,55.0,55830.0,264.4,4800.0,4243.2,320.0,7912.4,160.0,91160.8,20.0,26207558.0,1,,,,,,
09/115,2009-09-29,1.0,5.0,15.0,33.0,40.0,48.0,21.0,1,3.0,3.0,4.0,2.0,2.0,1.0,0.0,2.0,1.0,1.0,30628460.0,5.0,708560.0,237.0,39860.0,645.0,4800.0,13857.0,320.0,17596.6,160.0,255205.4,20.0,76675076.0,1,,,,,,
09/116,2009-10-03,4.0,6.0,11.0,16.0,22.0,39.0,10.0,,5.0,1.0,2.0,4.0,2.0,2.0,1.0,1.0,0.0,1.0,5000000.0,1.0,1015455.0,158.0,17135.0,445.0,4800.0,7162.4,320.0,11493.8,160.0,116589.4,20.0,29699995.0,4,,,,,,
09/117,2009-10-06,12.0,15.0,17.0,24.0,36.0,49.0,14.0,,4.0,2.0,3.0,3.0,0.0,3.0,1.0,1.0,1.0,0.0,0.0,0.0,0.0,91.0,39330.0,199.0,4800.0,5087.6,320.0,7258.2,160.0,94247.2,20.0,28634713.0,12,,,,,,
09/118,2009-10-08,21.0,31.0,33.0,35.0,39.0,44.0,28.0,,1.0,5.0,5.0,1.0,0.0,0.0,1.0,4.0,1.0,0.0,0.0,7.0,244775.0,99.0,46150.0,280.0,4800.0,5633.8,320.0,7779.2,160.0,97757.0,20.0,34998790.0,21,,,,,,
09/119,2009-10-10,2.0,12.0,16.0,19.0,20.0,49.0,4.0,,5.0,1.0,2.0,4.0,1.0,4.0,0.0,0.0,1.0,1.0,16868270.0,2.0,897615.0,109.0,43920.0,362.0,4800.0,6771.6,320.0,10018.4,160.0,121929.4,20.0,39070225.0,2,,,,,,
09/120,2009-10-13,13.0,15.0,18.0,36.0,43.0,45.0,7.0,,3.0,3.0,4.0,2.0,0.0,3.0,0.0,1.0,2.0,1.0,5000000.0,1.0,1367820.0,82.0,44480.0,213.0,4800.0,4538.0,320.0,7392.0,160.0,84767.4,20.0,28469081.0,13,,,,,,
09/121,2009-10-15,15.0,17.0,22.0,37.0,39.0,47.0,26.0,15,3.0,3.0,5.0,1.0,0.0,2.0,1.0,2.0,1.0,0.0,0.0,2.0,647455.0,75.0,46040.0,180.0,4800.0,4571.4,320.0,6032.0,160.0,83805.0,20.0,26767829.0,15,,,,,,
09/122,2009-10-18,2.0,4.0,15.0,20.0,32.0,42.0,48.0,15,4.0,2.0,1.0,5.0,2.0,2.0,0.0,1.0,1.0,0.0,0.0,2.0,796905.0,103.0,41260.0,179.0,4800.0,5041.2,320.0,6055.0,160.0,94452.0,20.0,31493587.0,2,,,,,,
09/123,2009-10-20,8.0,26.0,34.0,36.0,39.0,46.0,35.0,,1.0,5.0,1.0,5.0,1.0,0.0,1.0,3.0,1.0,0.0,0.0,1.0,1799870.0,106.0,45275.0,258.0,4800.0,7199.0,320.0,8732.4,160.0,129022.8,20.0,38343673.0,8,,,,,,
09/124,2009-10-22,1.0,2.0,24.0,29.0,40.0,47.0,7.0,,3.0,3.0,3.0,3.0,2.0,0.0,2.0,1.0,1.0,0.0,0.0,5.0,453485.0,114.0,53035.0,390.0,4800.0,7025.8,320.0,12448.2,160.0,138338.2,20.0,47203615.0,1,,,,,,
09/125,2009-10-24,22.0,25.0,26.0,34.0,41.0,45.0,15.0,,1.0,5.0,3.0,3.0,0.0,0.0,3.0,1.0,2.0,2.0,15187950.0,3.0,932505.0,158.0,47215.0,437.0,4800.0,8508.0,320.0,13966.8,160.0,163022.2,20.0,57055406.0,22,,,,,,
09/126,2009-10-27,13.0,16.0,31.0,35.0,41.0,42.0,36.0,41,2.0,4.0,4.0,2.0,0.0,2.0,0.0,2.0,2.0,0.0,0.0,6.0,231145.0,68.0,54385.0,176.0,4800.0,3785.8,320.0,5749.2,160.0,71295.6,20.0,26967501.0,13,,,,,,
09/127,2009-10-29,13.0,14.0,15.0,16.0,18.0,44.0,48.0,"13,16",5.0,1.0,2.0,4.0,0.0,5.0,0.0,0.0,1.0,0.0,0.0,0.0,0.0,241.4,18005.0,230.0,4800.0,5836.4,320.0,6125.0,160.0,93370.4,20.0,32891874.0,13,,,,,,
09/128,2009-10-31,11.0,25.0,27.0,29.0,30.0,44.0,23.0,44,1.0,5.0,4.0,2.0,0.0,1.0,4.0,0.0,1.0,0.0,0.0,2.0,883260.0,117.4,40125.0,537.0,4800.0,6963.4,320.0,12116.8,160.0,125579.0,20.0,41106877.0,11,,,,,,
09/129,2009-11-03,3.0,19.0,33.0,42.0,43.0,45.0,44.0,,2.0,4.0,5.0,1.0,1.0,1.0,0.0,1.0,3.0,1.0,24323900.0,5.0,500245.0,144.0,46315.0,473.0,4800.0,10032.4,320.0,14075.4,160.0,182983.2,20.0,55030646.0,3,,,,,,
09/130,2009-11-05,3.0,9.0,13.0,31.0,40.0,42.0,30.0,"3,42",3.0,3.0,4.0,2.0,2.0,1.0,0.0,2.0,1.0,0.0,0.0,1.0,1188960.0,83.4,38015.0,257.0,4800.0,4647.4,320.0,6730.2,160.0,84426.0,20.0,26289729.0,3,,,,,,
09/131,2009-11-08,2.0,17.0,27.0,32.0,35.0,38.0,41.0,,2.0,4.0,3.0,3.0,1.0,1.0,1.0,3.0,0.0,1.0,9883590.0,1.0,1627860.0,89.0,48770.0,215.0,4800.0,5285.2,320.0,6461.6,160.0,104558.6,20.0,32914892.0,2,,,,,,
09/132,2009-11-10,2.0,8.0,18.0,22.0,24.0,35.0,17.0,"2,35",5.0,1.0,1.0,5.0,2.0,1.0,2.0,1.0,0.0,0.0,0.0,1.0,953295.0,177.0,14360.0,334.4,4800.0,7402.8,320.0,7919.2,160.0,114870.2,20.0,26893255.0,2,,,,,,
09/133,2009-11-12,1.0,6.0,9.0,10.0,20.0,46.0,14.0,,5.0,1.0,2.0,4.0,4.0,1.0,0.0,0.0,1.0,1.0,7571125.0,4.0,214260.0,301.0,9600.0,445.4,4800.0,12319.0,320.0,11169.4,160.0,161740.8,20.0,32141683.0,1,,,,,,
09/134,2009-11-14,3.0,6.0,15.0,26.0,28.0,42.0,21.0,6,3.0,3.0,2.0,4.0,2.0,1.0,2.0,0.0,1.0,0.0,0.0,1.0,1027760.0,99.0,27680.0,253.0,4800.0,4992.2,320.0,6436.0,160.0,91419.8,20.0,24443446.0,3,,,,,,
09/135,2009-11-17,2.0,4.0,9.0,28.0,42.0,43.0,45.0,"28,42",3.0,3.0,2.0,4.0,3.0,0.0,1.0,0.0,2.0,0.0,0.0,0.0,0.0,98.0,39905.0,229.0,4800.0,5321.0,320.0,6179.8,160.0,105994.0,20.0,30841355.0,2,,,,,,
09/136,2009-11-19,11.0,13.0,19.0,35.0,41.0,45.0,24.0,,3.0,3.0,6.0,0.0,0.0,3.0,0.0,1.0,2.0,0.0,0.0,2.0,856745.0,110.0,41535.0,346.0,4800.0,6629.4,320.0,9391.6,160.0,125835.8,20.0,37693803.0,11,,,,,,
09/137,2009-11-21,2.0,8.0,23.0,28.0,38.0,45.0,21.0,45,3.0,3.0,2.0,4.0,2.0,0.0,2.0,1.0,1.0,1.0,21124030.0,6.0,284300.0,414.0,10985.0,380.0,4800.0,12872.0,320.0,11323.4,160.0,172634.6,20.0,43896883.0,2,,,,,,
09/138,2009-11-24,7.0,21.0,24.0,33.0,35.0,45.0,26.0,45,3.0,3.0,5.0,1.0,1.0,0.0,2.0,2.0,1.0,0.0,0.0,4.0,751605.0,212.0,37815.0,553.0,4800.0,12204.2,320.0,16146.4,160.0,222380.6,20.0,65955252.0,7,,,,,,
09/139,2009-11-26,1.0,3.0,9.0,17.0,18.0,42.0,7.0,,5.0,1.0,4.0,2.0,3.0,2.0,0.0,0.0,1.0,2.0,17964920.0,12.0,191960.0,566.4,10845.0,1647.4,4800.0,23651.6,320.0,34730.4,160.0,339280.4,20.0,78128031.0,1,,,,,,
09/140,2009-11-28,1.0,5.0,25.0,32.0,38.0,39.0,4.0,1,2.0,4.0,4.0,2.0,2.0,0.0,1.0,3.0,0.0,1.0,5000000.0,1.0,1159890.0,88.0,35145.0,208.4,4800.0,4343.2,320.0,6253.6,160.0,80706.8,20.0,25004142.0,1,,,,,,
09/141,2009-12-01,4.0,5.0,10.0,17.0,39.0,44.0,24.0,"5,39",4.0,2.0,3.0,3.0,3.0,1.0,0.0,1.0,1.0,1.0,5000000.0,1.0,1406880.0,80.0,46895.0,212.0,4800.0,4444.0,320.0,7283.6,160.0,87841.4,20.0,29016142.0,4,,,,,,
09/142,2009-12-03,10.0,15.0,20.0,21.0,34.0,46.0,4.0,10,4.0,2.0,2.0,4.0,1.0,2.0,1.0,1.0,1.0,0.0,0.0,1.0,1400230.0,64.0,58340.0,184.2,4800.0,3805.4,320.0,5423.6,160.0,72969.0,20.0,27198411.0,10,,,,,,
09/143,2009-12-05,1.0,14.0,17.0,23.0,35.0,38.0,31.0,,4.0,2.0,4.0,2.0,1.0,2.0,1.0,2.0,0.0,1.0,9313755.0,1.0,1437915.0,111.0,34540.0,228.0,4800.0,5602.4,320.0,6668.2,160.0,106632.8,20.0,30779516.0,1,,,,,,
09/144,2009-12-08,6.0,12.0,23.0,29.0,31.0,35.0,21.0,"23,35",3.0,3.0,4.0,2.0,1.0,1.0,2.0,2.0,0.0,0.0,0.0,1.0,1204545.0,143.0,22460.0,308.8,4800.0,5717.8,320.0,7429.0,160.0,99760.0,20.0,28370956.0,6,,,,,,
09/145,2009-12-10,4.0,8.0,15.0,16.0,34.0,49.0,45.0,,4.0,2.0,2.0,4.0,2.0,2.0,0.0,1.0,1.0,0.0,0.0,1.0,1556940.0,99.0,41935.0,218.0,4800.0,6263.4,320.0,6483.0,160.0,101988.4,20.0,32470186.0,4,,,,,,
09/146,2009-12-12,8.0,9.0,37.0,40.0,46.0,49.0,41.0,"8,49",2.0,4.0,3.0,3.0,2.0,0.0,0.0,2.0,2.0,0.0,0.0,1.0,1842730.0,88.0,55840.0,218.0,4800.0,4546.0,320.0,6485.0,160.0,96353.4,20.0,35121571.0,8,,,,,,
09/147,2009-12-15,10.0,27.0,28.0,40.0,46.0,47.0,18.0,"40,46",1.0,5.0,2.0,4.0,1.0,0.0,2.0,1.0,2.0,1.0,22783415.0,1.0,2528130.0,125.0,53930.0,346.0,4800.0,7337.0,320.0,10716.4,160.0,140849.6,20.0,50113669.0,10,,,,,,
09/148,2009-12-17,2.0,4.0,30.0,37.0,43.0,49.0,10.0,,2.0,4.0,3.0,3.0,2.0,0.0,1.0,1.0,2.0,0.0,0.0,0.0,0.0,51.0,71495.0,137.0,4800.0,2676.0,320.0,4837.4,160.0,58958.0,20.0,24971908.0,2,,,,,,
09/149,2009-12-20,2.0,4.0,24.0,28.0,32.0,45.0,38.0,"2,4",3.0,3.0,1.0,5.0,2.0,0.0,2.0,1.0,1.0,0.0,0.0,1.0,1450420.0,106.0,36485.0,343.0,4800.0,6178.4,320.0,9384.8,160.0,110348.8,20.0,33255236.0,2,,,,,,
09/150,2009-12-22,6.0,23.0,30.0,33.0,43.0,44.0,10.0,,2.0,4.0,3.0,3.0,1.0,0.0,2.0,1.0,2.0,0.0,0.0,10.0,355020.0,266.0,35590.0,799.0,4800.0,15866.0,320.0,19923.4,160.0,261039.4,20.0,80240130.0,6,,,,,,
09/151,2009-12-24,20.0,22.0,26.0,27.0,31.0,44.0,49.0,44,2.0,4.0,2.0,4.0,0.0,1.0,3.0,1.0,1.0,1.0,44681575.0,2.0,2338490.0,232.0,53755.0,606.0,4800.0,14036.2,320.0,17053.0,160.0,271117.6,20.0,92249753.0,20,,,,,,
09/152,2009-12-26,6.0,17.0,21.0,27.0,36.0,42.0,23.0,27,3.0,3.0,3.0,3.0,1.0,1.0,2.0,1.0,1.0,1.0,5000000.0,1.0,1051600.0,86.0,32605.0,174.0,4800.0,3995.6,320.0,5300.2,160.0,74476.6,20.0,22510037.0,6,,,,,,
09/153,2009-12-29,9.0,27.0,33.0,38.0,39.0,40.0,14.0,27,1.0,5.0,4.0,2.0,1.0,0.0,1.0,4.0,0.0,0.0,0.0,2.0,626905.0,117.0,28575.0,279.0,4800.0,5837.6,320.0,6999.4,160.0,98280.4,20.0,28663382.0,9,,,,,,
09/154,2009-12-31,26.0,28.0,31.0,33.0,40.0,41.0,19.0,"33,40",0.0,6.0,3.0,3.0,0.0,0.0,2.0,3.0,1.0,0.0,0.0,3.0,606525.0,103.0,47105.0,256.0,4800.0,5901.8,320.0,7320.2,160.0,108397.2,20.0,36642181.0,26,,,,,,
10/001,2010-01-02,11.0,13.0,16.0,18.0,21.0,22.0,6.0,,6.0,0.0,3.0,3.0,0.0,4.0,2.0,0.0,0.0,4.0,3629600.0,6.0,225535.0,240.0,15035.0,561.0,4800.0,9257.0,320.0,12887.4,160.0,142101.2,20.0,37912596.0,11,,,,,,
10/002,2010-01-05,5.0,14.0,16.0,22.0,26.0,28.0,27.0,"16,22",4.0,2.0,1.0,5.0,1.0,2.0,3.0,0.0,0.0,0.0,0.0,5.0,251160.0,117.4,28520.0,297.4,4800.0,5828.8,320.0,8814.2,160.0,102474.0,20.0,29541793.0,5,,,,,,
10/003,2010-01-07,5.0,14.0,16.0,25.0,45.0,48.0,42.0,"5,14,16",3.0,3.0,3.0,3.0,1.0,2.0,1.0,0.0,2.0,0.0,0.0,1.0,1791400.0,96.0,49760.0,210.0,4800.0,5299.0,320.0,6312.4,160.0,101798.8,20.0,34950858.0,5,,,,,,
10/004,2010-01-09,4.0,8.0,16.0,39.0,40.0,45.0,10.0,"16,45",3.0,3.0,2.0,4.0,2.0,1.0,0.0,2.0,1.0,0.0,0.0,3.0,650010.0,110.0,47270.0,301.0,4800.0,5938.6,320.0,9230.0,160.0,113660.4,20.0,39594809.0,4,,,,,,
10/005,2010-01-12,9.0,23.0,25.0,29.0,30.0,48.0,1.0,,2.0,4.0,4.0,2.0,1.0,0.0,4.0,0.0,1.0,1.0,23594340.0,4.0,614165.0,180.0,36395.0,546.0,4800.0,10115.8,320.0,15895.6,160.0,182214.0,20.0,55635198.0,9,,,,,,
10/006,2010-01-14,21.0,26.0,27.0,35.0,38.0,48.0,41.0,48,1.0,5.0,3.0,3.0,0.0,0.0,3.0,2.0,1.0,0.0,0.0,0.0,0.0,80.0,46320.0,160.0,4800.0,3859.2,320.0,4778.0,160.0,78880.2,20.0,26900313.0,21,,,,,,
10/007,2010-01-17,5.0,18.0,19.0,28.0,35.0,45.0,27.0,35,3.0,3.0,4.0,2.0,1.0,2.0,1.0,1.0,1.0,0.0,0.0,2.0,760575.0,132.0,30730.0,373.0,4800.0,7389.0,320.0,10037.6,160.0,128391.4,20.0,36060558.0,5,,,,,,
10/008,2010-01-19,2.0,3.0,9.0,24.0,33.0,41.0,40.0,,4.0,2.0,4.0,2.0,3.0,0.0,1.0,1.0,1.0,0.0,0.0,5.0,403990.0,160.0,33665.0,386.0,4800.0,8260.2,320.0,10230.6,160.0,165225.2,20.0,44880911.0,2,,,,,,
10/009,2010-01-21,6.0,7.0,17.0,24.0,41.0,48.0,16.0,"24,41",4.0,2.0,3.0,3.0,2.0,1.0,1.0,0.0,2.0,2.0,12523770.0,2.0,1339080.0,156.0,45780.0,453.0,4800.0,8854.0,320.0,13053.2,160.0,174715.2,20.0,55945818.0,6,,,,,,
10/010,2010-01-23,18.0,19.0,26.0,34.0,39.0,46.0,2.0,,2.0,4.0,2.0,4.0,0.0,2.0,1.0,2.0,1.0,0.0,0.0,1.0,1301665.0,60.0,57850.0,174.0,4800.0,3669.4,320.0,4729.8,160.0,69933.8,20.0,25371963.0,18,,,,,,
10/011,2010-01-26,8.0,9.0,17.0,31.0,37.0,38.0,2.0,,3.0,3.0,4.0,2.0,2.0,1.0,0.0,3.0,0.0,0.0,0.0,2.0,772075.0,153.0,26910.0,355.0,4800.0,7682.6,320.0,9976.4,160.0,132958.6,20.0,36537694.0,8,,,,,,
10/012,2010-01-28,3.0,9.0,15.0,32.0,43.0,46.0,28.0,9,3.0,3.0,4.0,2.0,2.0,1.0,0.0,1.0,2.0,1.0,15859435.0,5.0,415130.0,110.0,50315.0,345.0,4800.0,6685.4,320.0,10317.4,160.0,132685.6,20.0,43159386.0,3,,,,,,
10/013,2010-01-30,2.0,4.0,6.0,30.0,32.0,34.0,40.0,32,3.0,3.0,0.0,6.0,3.0,0.0,1.0,2.0,0.0,2.0,2500000.0,0.0,0.0,106.0,30155.0,180.0,4800.0,4479.4,320.0,5008.6,160.0,85763.4,20.0,25179240.0,2,,,,,,
10/014,2010-02-02,1.0,10.0,13.0,14.0,38.0,39.0,41.0,,4.0,2.0,3.0,3.0,2.0,2.0,0.0,2.0,0.0,0.0,0.0,3.0,484075.0,112.0,34575.0,228.0,4800.0,6184.2,320.0,6989.2,160.0,111946.8,20.0,31610376.0,1,,,,,,
10/015,2010-02-04,9.0,20.0,25.0,36.0,42.0,47.0,13.0,,2.0,4.0,3.0,3.0,1.0,1.0,1.0,1.0,2.0,1.0,10438295.0,5.0,325515.0,168.0,25830.0,269.0,4800.0,7950.4,320.0,7539.8,160.0,122929.2,20.0,35970379.0,9,,,,,,
10/016,2010-02-06,1.0,5.0,13.0,16.0,24.0,41.0,14.0,,5.0,1.0,4.0,2.0,2.0,2.0,1.0,0.0,1.0,0.0,0.0,1.0,1207970.0,91.0,35395.0,216.0,4800.0,4515.0,320.0,6494.8,160.0,87525.6,20.0,26149782.0,1,,,,,,
10/017,2010-02-09,4.0,8.0,10.0,13.0,14.0,49.0,7.0,13,5.0,1.0,2.0,4.0,3.0,2.0,0.0,0.0,1.0,1.0,38609565.0,11.0,382105.0,417.0,26875.0,1186.4,4800.0,19974.8,320.0,31762.2,160.0,346992.4,20.0,101668618.0,4,,,,,,
10/018,2010-02-11,21.0,24.0,27.0,32.0,35.0,36.0,16.0,,2.0,4.0,3.0,3.0,0.0,0.0,3.0,3.0,0.0,1.0,5000000.0,4.0,337040.0,93.0,38655.0,220.0,4800.0,4609.2,320.0,6218.4,160.0,84149.6,20.0,27936326.0,21,,,,,,
10/019,2010-02-13,5.0,21.0,26.0,27.0,28.0,29.0,44.0,"21,27",2.0,4.0,4.0,2.0,1.0,0.0,5.0,0.0,0.0,1.0,5000000.0,0.0,0.0,149.4,20345.0,185.0,4800.0,6734.8,320.0,4872.0,160.0,98834.2,20.0,26204440.0,5,,,,,,
10/020,2010-02-15,1.0,7.0,17.0,20.0,29.0,49.0,19.0,29,4.0,2.0,5.0,1.0,2.0,2.0,1.0,0.0,1.0,0.0,0.0,2.0,451880.0,80.0,30125.0,265.0,4800.0,4233.8,320.0,7853.2,160.0,76305.0,20.0,22278489.0,1,,,,,,
10/021,2010-02-18,4.0,5.0,7.0,11.0,28.0,32.0,3.0,7,4.0,2.0,3.0,3.0,3.0,1.0,1.0,1.0,0.0,0.0,0.0,4.0,276025.0,263.8,11160.0,740.4,4800.0,10667.2,320.0,17135.8,160.0,155971.6,20.0,37447445.0,4,,,,,,
10/022,2010-02-20,3.0,4.0,11.0,15.0,32.0,45.0,1.0,"4,11,32",4.0,2.0,4.0,2.0,2.0,2.0,0.0,1.0,1.0,0.0,0.0,0.0,0.0,82.0,53940.0,387.0,4800.0,6400.2,320.0,11293.0,160.0,116382.2,20.0,37392609.0,3,,,,,,
10/023,2010-02-23,8.0,19.0,43.0,44.0,48.0,49.0,46.0,,2.0,4.0,3.0,3.0,1.0,1.0,0.0,0.0,4.0,1.0,23075320.0,5.0,541875.0,196.0,36860.0,725.0,4800.0,9888.0,320.0,14371.0,160.0,182042.0,20.0,60061602.0,8,,,,,,
10/024,2010-02-25,11.0,20.0,31.0,37.0,44.0,47.0,46.0,44,2.0,4.0,4.0,2.0,0.0,2.0,0.0,2.0,2.0,0.0,0.0,4.0,382635.0,70.0,58305.0,159.0,4800.0,3527.0,320.0,4693.0,160.0,70608.4,20.0,28273443.0,11,,,,,,
10/025,2010-02-27,16.0,17.0,18.0,22.0,25.0,36.0,47.0,,4.0,2.0,2.0,4.0,0.0,3.0,2.0,1.0,0.0,0.0,0.0,2.0,752935.0,122.0,32915.0,218.0,4800.0,6919.8,320.0,6238.0,160.0,118337.4,20.0,32699329.0,16,,,,,,
10/026,2010-03-02,1.0,6.0,10.0,21.0,28.0,35.0,46.0,,4.0,2.0,3.0,3.0,3.0,0.0,2.0,1.0,0.0,0.0,0.0,7.0,291475.0,237.0,22955.0,361.0,4800.0,11825.8,320.0,10783.0,160.0,200930.8,20.0,48534300.0,1,,,,,,
10/027,2010-03-04,10.0,11.0,24.0,33.0,34.0,38.0,16.0,10,3.0,3.0,2.0,4.0,1.0,1.0,1.0,3.0,0.0,0.0,0.0,10.0,256700.0,172.0,39795.0,482.0,4800.0,10461.8,320.0,12734.6,160.0,197603.8,20.0,56402010.0,10,,,,,,
10/028,2010-03-07,3.0,12.0,26.0,28.0,31.0,46.0,16.0,,2.0,4.0,2.0,4.0,1.0,1.0,2.0,1.0,1.0,1.0,33237010.0,9.0,366565.0,292.0,30125.0,722.0,4800.0,14469.8,320.0,19423.4,160.0,257441.2,20.0,75040047.0,3,,,,,,
10/029,2010-03-09,9.0,13.0,14.0,17.0,28.0,45.0,20.0,28,4.0,2.0,4.0,2.0,1.0,3.0,1.0,0.0,1.0,0.0,0.0,2.0,598460.0,93.0,34320.0,263.4,4800.0,5282.2,320.0,6146.8,160.0,102462.0,20.0,27325933.0,9,,,,,,
10/030,2010-03-11,10.0,14.0,35.0,40.0,43.0,48.0,21.0,14,2.0,4.0,2.0,4.0,1.0,1.0,0.0,2.0,2.0,0.0,0.0,4.0,466620.0,85.0,58555.0,269.0,4800.0,4629.4,320.0,6630.2,160.0,91837.0,20.0,35822473.0,10,,,,,,
10/031,2010-03-13,1.0,4.0,14.0,18.0,22.0,39.0,48.0,14,5.0,1.0,2.0,4.0,2.0,2.0,1.0,1.0,0.0,0.0,0.0,2.0,983340.0,128.0,40970.0,354.0,4800.0,8038.8,320.0,8757.0,160.0,150420.8,20.0,42757647.0,1,,,,,,
10/032,2010-03-16,4.0,16.0,28.0,37.0,38.0,47.0,30.0,4,2.0,4.0,2.0,4.0,1.0,1.0,1.0,2.0,1.0,0.0,0.0,5.0,538805.0,204.0,35215.0,383.0,4800.0,10956.6,320.0,11319.4,160.0,199929.2,20.0,57205179.0,4,,,,,,
10/033,2010-03-18,4.0,19.0,30.0,37.0,39.0,41.0,31.0,"4,37",2.0,4.0,4.0,2.0,1.0,1.0,1.0,2.0,1.0,0.0,0.0,3.0,1213435.0,157.0,61830.0,436.0,4800.0,9318.0,320.0,13872.8,160.0,186172.4,20.0,69789983.0,4,,,,,,
10/034,2010-03-20,8.0,12.0,29.0,33.0,39.0,45.0,36.0,39,2.0,4.0,4.0,2.0,1.0,1.0,1.0,2.0,1.0,0.0,0.0,4.0,1053980.0,270.0,41635.0,732.0,4800.0,14626.2,320.0,21477.4,160.0,277463.0,20.0,89010274.0,8,,,,,,
10/035,2010-03-23,7.0,11.0,22.0,27.0,32.0,46.0,17.0,,3.0,3.0,3.0,3.0,1.0,1.0,2.0,1.0,1.0,5.0,13161965.0,37.0,159090.0,723.0,21710.0,1995.0,4800.0,33552.0,320.0,46857.0,160.0,553318.2,20.0,151852842.0,7,,,,,,
10/036,2010-03-25,14.0,16.0,29.0,44.0,45.0,47.0,42.0,,2.0,4.0,3.0,3.0,0.0,2.0,1.0,0.0,3.0,0.0,0.0,1.0,1463765.0,44.0,88710.0,142.0,4800.0,3498.0,320.0,4767.0,160.0,69931.6,20.0,27196108.0,14,,,,,,
10/037,2010-03-27,1.0,3.0,8.0,22.0,36.0,44.0,29.0,44,4.0,2.0,2.0,4.0,3.0,0.0,1.0,1.0,1.0,0.0,0.0,4.0,325480.0,134.0,25905.0,379.8,4800.0,7511.4,320.0,8375.8,160.0,130141.0,20.0,32791733.0,1,,,,,,
10/038,2010-03-30,2.0,22.0,29.0,31.0,40.0,48.0,20.0,22,2.0,4.0,2.0,4.0,1.0,0.0,2.0,2.0,1.0,1.0,33012280.0,1.0,4337425.0,234.0,49425.0,586.0,4800.0,13307.8,320.0,17955.0,160.0,258204.2,20.0,86822603.0,2,,,,,,
10/039,2010-04-01,20.0,21.0,23.0,31.0,42.0,43.0,41.0,31,3.0,3.0,4.0,2.0,0.0,1.0,2.0,1.0,2.0,0.0,0.0,7.0,175765.0,113.0,29035.0,381.0,4800.0,4539.0,320.0,7198.8,160.0,81171.2,20.0,27907970.0,20,,,,,,
10/040,2010-04-03,11.0,23.0,35.0,37.0,40.0,43.0,30.0,"23,43",2.0,4.0,5.0,1.0,0.0,1.0,1.0,3.0,1.0,0.0,0.0,0.0,0.0,57.0,74815.0,168.0,4800.0,3970.0,320.0,5640.8,160.0,78717.2,20.0,30128397.0,11,,,,,,
10/041,2010-04-06,11.0,20.0,25.0,35.0,42.0,45.0,8.0,"11,35",2.0,4.0,4.0,2.0,0.0,2.0,1.0,1.0,2.0,0.0,0.0,6.0,356430.0,126.0,45260.0,316.0,4800.0,6877.0,320.0,9710.8,160.0,125194.4,20.0,43412049.0,11,,,,,,
10/042,2010-04-08,3.0,5.0,25.0,30.0,33.0,37.0,35.0,25,2.0,4.0,5.0,1.0,2.0,0.0,2.0,2.0,0.0,1.0,25238935.0,5.0,495090.0,200.0,33005.0,566.0,4800.0,9300.4,320.0,13299.0,160.0,173615.6,20.0,54496820.0,3,,,,,,
10/043,2010-04-11,2.0,7.0,20.0,36.0,38.0,41.0,40.0,,3.0,3.0,2.0,4.0,2.0,1.0,0.0,2.0,1.0,0.0,0.0,2.0,701940.0,84.0,44565.0,205.0,4800.0,4450.2,320.0,5896.8,160.0,85746.2,20.0,28428393.0,2,,,,,,
10/044,2010-04-13,31.0,32.0,33.0,37.0,42.0,46.0,17.0,,0.0,6.0,3.0,3.0,0.0,0.0,0.0,4.0,2.0,2.0,5199965.0,1.0,1349980.0,124.0,36285.0,253.0,4800.0,5884.0,320.0,7081.4,160.0,103141.6,20.0,34547453.0,31,,,,,,
10/045,2010-04-15,19.0,21.0,30.0,35.0,36.0,37.0,33.0,37,2.0,4.0,4.0,2.0,0.0,1.0,2.0,3.0,0.0,0.0,0.0,4.0,293875.0,71.0,44150.0,346.8,4800.0,4148.2,320.0,6851.8,160.0,77596.8,20.0,26392868.0,19,,,,,,
10/046,2010-04-17,1.0,2.0,24.0,38.0,42.0,49.0,19.0,,3.0,3.0,2.0,4.0,2.0,0.0,1.0,1.0,2.0,0.0,0.0,2.0,735200.0,81.0,48405.0,237.0,4800.0,4866.0,320.0,6173.2,160.0,91673.6,20.0,30163181.0,1,,,,,,
10/047,2010-04-20,6.0,17.0,25.0,27.0,35.0,40.0,32.0,,2.0,4.0,4.0,2.0,1.0,1.0,2.0,2.0,0.0,2.0,15219685.0,3.0,1159930.0,219.0,42370.0,499.0,4800.0,11832.6,320.0,15093.6,160.0,225958.8,20.0,71497707.0,6,,,,,,
10/048,2010-04-22,1.0,16.0,23.0,29.0,39.0,46.0,17.0,,3.0,3.0,4.0,2.0,1.0,1.0,2.0,1.0,1.0,0.0,0.0,1.0,1337115.0,57.0,62555.0,143.0,4800.0,3822.8,320.0,4799.0,160.0,74534.2,20.0,25859157.0,1,,,,,,
10/049,2010-04-24,5.0,12.0,16.0,23.0,29.0,39.0,11.0,"16,23,29,39",4.0,2.0,4.0,2.0,1.0,2.0,2.0,1.0,0.0,1.0,8894105.0,3.0,432675.0,102.0,33935.0,325.0,4800.0,6343.6,320.0,9356.6,160.0,101555.0,20.0,30791727.0,5,,,,,,
10/050,2010-04-27,3.0,13.0,18.0,21.0,22.0,33.0,8.0,,5.0,1.0,4.0,2.0,1.0,2.0,2.0,1.0,0.0,2.0,2500000.0,14.0,61095.0,200.6,11370.0,950.2,4800.0,8289.6,320.0,15638.2,160.0,119510.8,20.0,29009976.0,3,,,,,,
10/051,2010-04-29,5.0,7.0,24.0,26.0,41.0,49.0,3.0,,3.0,3.0,4.0,2.0,2.0,0.0,2.0,0.0,2.0,0.0,0.0,2.0,631085.0,63.0,53425.0,168.0,4800.0,3541.0,320.0,5885.6,160.0,73881.6,20.0,25195454.0,5,,,,,,
10/052,2010-05-02,7.0,16.0,26.0,28.0,41.0,44.0,24.0,"7,26,41",2.0,4.0,2.0,4.0,1.0,1.0,2.0,0.0,2.0,0.0,0.0,1.0,1545845.0,91.0,45295.0,235.0,4800.0,4477.0,320.0,8869.8,160.0,89186.8,20.0,31645273.0,7,,,,,,
10/053,2010-05-04,19.0,24.0,34.0,40.0,41.0,46.0,15.0,41,2.0,4.0,2.0,4.0,0.0,1.0,1.0,2.0,2.0,1.0,15935960.0,1.0,2099470.0,96.0,58315.0,206.0,4800.0,5124.2,320.0,6819.0,160.0,100025.2,20.0,39075626.0,19,,,,,,
10/054,2010-05-06,2.0,31.0,37.0,38.0,39.0,40.0,44.0,40,1.0,5.0,3.0,3.0,1.0,0.0,0.0,5.0,0.0,0.0,0.0,2.0,654125.0,133.0,26230.0,153.0,4800.0,5006.0,320.0,4305.0,160.0,77509.6,20.0,26221422.0,2,,,,,,
10/055,2010-05-09,1.0,5.0,8.0,21.0,27.0,34.0,20.0,,4.0,2.0,4.0,2.0,3.0,0.0,2.0,1.0,0.0,1.0,8994495.0,0.0,0.0,153.0,23205.0,308.8,4800.0,7356.8,320.0,8930.4,160.0,127035.8,20.0,32519578.0,1,,,,,,
10/056,2010-05-11,15.0,26.0,29.0,34.0,35.0,40.0,9.0,34,1.0,5.0,3.0,3.0,0.0,1.0,2.0,3.0,0.0,0.0,0.0,0.0,0.0,69.0,54985.0,197.0,4800.0,3870.2,320.0,6702.0,160.0,76362.2,20.0,28161898.0,15,,,,,,
10/057,2010-05-13,16.0,22.0,31.0,37.0,39.0,49.0,32.0,,2.0,4.0,4.0,2.0,0.0,1.0,1.0,3.0,1.0,0.0,0.0,1.0,1717335.0,99.0,46255.0,252.0,4800.0,5110.0,320.0,7563.2,160.0,102361.6,20.0,34598822.0,16,,,,,,
10/058,2010-05-15,1.0,29.0,32.0,39.0,44.0,47.0,17.0,39,1.0,5.0,4.0,2.0,1.0,0.0,1.0,2.0,2.0,1.0,18138150.0,1.0,1987750.0,98.0,54085.0,257.0,4800.0,4900.0,320.0,8083.0,160.0,97137.4,20.0,38147963.0,1,,,,,,
10/059,2010-05-18,4.0,7.0,12.0,20.0,39.0,48.0,14.0,39,4.0,2.0,2.0,4.0,2.0,2.0,0.0,1.0,1.0,0.0,0.0,8.0,398585.0,179.0,47500.0,577.0,4800.0,11032.4,320.0,17540.2,160.0,211300.0,20.0,67949731.0,4,,,,,,
10/060,2010-05-20,4.0,10.0,11.0,15.0,22.0,37.0,49.0,4,5.0,1.0,3.0,3.0,2.0,2.0,1.0,1.0,0.0,2.0,19817155.0,10.0,335605.0,291.0,30750.0,504.0,4800.0,14858.2,320.0,15327.0,160.0,264383.8,20.0,73148922.0,4,,,,,,
10/061,2010-05-22,12.0,17.0,18.0,26.0,29.0,33.0,41.0,,3.0,3.0,3.0,3.0,0.0,3.0,2.0,1.0,0.0,0.0,0.0,2.0,555700.0,84.0,35280.0,170.0,4800.0,4569.0,320.0,4750.4,160.0,82729.0,20.0,23768326.0,12,,,,,,
10/062,2010-05-25,14.0,18.0,30.0,40.0,43.0,46.0,27.0,18,2.0,4.0,1.0,5.0,0.0,2.0,1.0,1.0,2.0,0.0,0.0,1.0,1826515.0,72.0,67645.0,272.0,4800.0,4592.4,320.0,6626.4,160.0,90238.2,20.0,35224501.0,14,,,,,,
10/063,2010-05-27,9.0,22.0,28.0,32.0,33.0,49.0,18.0,,2.0,4.0,3.0,3.0,1.0,0.0,2.0,2.0,1.0,0.0,0.0,3.0,556200.0,129.0,34490.0,451.4,4800.0,8643.2,320.0,12429.2,160.0,151683.2,20.0,41072509.0,9,,,,,,
10/064,2010-05-29,4.0,16.0,25.0,26.0,33.0,42.0,30.0,33,2.0,4.0,2.0,4.0,1.0,1.0,2.0,1.0,1.0,0.0,0.0,3.0,766160.0,143.0,42860.0,349.0,4800.0,7908.6,320.0,9573.4,160.0,147281.2,20.0,47263141.0,4,,,,,,
10/065,2010-06-01,7.0,11.0,13.0,24.0,28.0,46.0,26.0,,4.0,2.0,3.0,3.0,1.0,2.0,2.0,0.0,1.0,0.0,0.0,8.0,376615.0,230.0,34930.0,715.0,4800.0,14267.2,320.0,19237.6,160.0,252927.2,20.0,70753536.0,7,,,,,,
10/066,2010-06-03,5.0,16.0,19.0,26.0,42.0,44.0,6.0,,3.0,3.0,2.0,4.0,1.0,2.0,1.0,0.0,2.0,0.0,0.0,6.0,688400.0,235.0,46865.0,752.0,4800.0,12961.4,320.0,22634.8,160.0,249743.8,20.0,86357629.0,5,,,,,,
10/067,2010-06-05,9.0,15.0,30.0,37.0,38.0,40.0,1.0,,2.0,4.0,3.0,3.0,1.0,1.0,1.0,3.0,0.0,2.0,29186880.0,12.0,404520.0,371.0,34890.0,1153.0,4800.0,19977.6,320.0,28743.2,160.0,361272.8,20.0,109840852.0,9,,,,,,
10/068,2010-06-08,7.0,8.0,12.0,21.0,23.0,47.0,10.0,,5.0,1.0,4.0,2.0,2.0,1.0,2.0,0.0,1.0,0.0,0.0,11.0,268735.0,333.0,23670.0,1192.0,4800.0,18494.0,320.0,28081.8,160.0,317291.4,20.0,81731437.0,7,,,,,,
10/069,2010-06-10,8.0,26.0,32.0,35.0,36.0,49.0,24.0,8,1.0,5.0,2.0,4.0,1.0,0.0,1.0,3.0,1.0,1.0,40085640.0,10.0,373910.0,216.0,46160.0,737.8,4800.0,12934.4,320.0,19397.8,160.0,250421.6,20.0,79972849.0,8,,,,,,
10/070,2010-06-13,2.0,11.0,19.0,20.0,21.0,40.0,43.0,,5.0,1.0,3.0,3.0,1.0,3.0,1.0,1.0,0.0,1.0,5000000.0,1.0,1339710.0,158.0,22610.0,200.0,4800.0,5827.4,320.0,5260.0,160.0,98098.2,20.0,28598276.0,2,,,,,,
10/071,2010-06-15,5.0,10.0,18.0,21.0,35.0,49.0,11.0,21,4.0,2.0,4.0,2.0,2.0,1.0,1.0,1.0,1.0,0.0,0.0,2.0,654450.0,75.0,46535.0,254.0,4800.0,4423.8,320.0,7403.4,160.0,84732.6,20.0,27968662.0,5,,,,,,
10/072,2010-06-17,5.0,11.0,15.0,42.0,45.0,48.0,14.0,5,3.0,3.0,4.0,2.0,1.0,2.0,0.0,0.0,3.0,0.0,0.0,2.0,788230.0,91.0,46195.0,209.0,4800.0,4902.0,320.0,6354.0,160.0,94826.0,20.0,31544795.0,5,,,,,,
10/073,2010-06-19,2.0,8.0,12.0,13.0,27.0,35.0,37.0,,4.0,2.0,3.0,3.0,2.0,2.0,1.0,1.0,0.0,1.0,14391610.0,6.0,259010.0,170.0,24375.0,371.0,4800.0,8799.8,320.0,9174.0,160.0,149086.2,20.0,37836032.0,2,,,,,,
10/074,2010-06-22,2.0,4.0,9.0,20.0,35.0,40.0,44.0,"2,35",4.0,2.0,2.0,4.0,3.0,1.0,0.0,2.0,0.0,0.0,0.0,2.0,703110.0,85.0,44115.0,197.0,4800.0,5168.6,320.0,5282.0,160.0,98548.0,20.0,29106820.0,2,,,,,,
10/075,2010-06-24,5.0,23.0,26.0,31.0,34.0,49.0,24.0,,2.0,4.0,4.0,2.0,1.0,0.0,2.0,2.0,1.0,0.0,0.0,0.0,0.0,70.0,61640.0,214.0,4800.0,4546.8,320.0,7534.0,160.0,91750.4,20.0,32180260.0,5,,,,,,
10/076,2010-06-26,7.0,13.0,15.0,20.0,21.0,41.0,2.0,,5.0,1.0,5.0,1.0,1.0,3.0,1.0,0.0,1.0,1.0,16721705.0,1.0,1749675.0,108.0,43200.0,299.0,4800.0,6960.8,320.0,8795.8,160.0,117436.8,20.0,37475683.0,7,,,,,,
10/077,2010-06-29,8.0,11.0,21.0,38.0,41.0,48.0,49.0,"21,41",3.0,3.0,3.0,3.0,1.0,1.0,1.0,1.0,2.0,0.0,0.0,5.0,225810.0,106.0,28400.0,350.0,4800.0,5371.0,320.0,9537.0,160.0,102454.6,20.0,28232086.0,8,,,,,,
10/078,2010-07-03,2.0,13.0,14.0,21.0,45.0,49.0,19.0,21,4.0,2.0,4.0,2.0,1.0,2.0,1.0,0.0,2.0,0.0,0.0,1.0,1909305.0,100.0,50910.0,225.0,4800.0,5108.0,320.0,7176.8,160.0,103600.8,20.0,36893441.0,2,,,,,,
10/079,2010-07-06,14.0,17.0,21.0,29.0,42.0,46.0,49.0,"14,21",3.0,3.0,3.0,3.0,0.0,2.0,2.0,0.0,2.0,1.0,17397970.0,1.0,2223350.0,127.0,46680.0,234.0,4800.0,5841.0,320.0,7663.0,160.0,113686.8,20.0,42185959.0,14,,,,,,
10/080,2010-07-08,4.0,16.0,40.0,43.0,46.0,47.0,27.0,46,2.0,4.0,2.0,4.0,1.0,1.0,0.0,1.0,3.0,0.0,0.0,2.0,660590.0,85.0,41445.0,226.0,4800.0,3487.0,320.0,4859.0,160.0,66022.4,20.0,25884380.0,4,,,,,,
10/081,2010-07-10,2.0,22.0,25.0,27.0,35.0,42.0,13.0,,2.0,4.0,3.0,3.0,1.0,0.0,3.0,1.0,1.0,2.0,4610435.0,5.0,281390.0,137.4,27305.0,252.0,4800.0,5422.4,320.0,7575.4,160.0,97394.6,20.0,30392817.0,2,,,,,,
10/082,2010-07-13,2.0,3.0,5.0,25.0,43.0,48.0,24.0,"2,25",3.0,3.0,4.0,2.0,3.0,0.0,1.0,0.0,2.0,0.0,0.0,3.0,434900.0,81.0,42950.0,194.0,4800.0,4727.8,320.0,6614.0,160.0,94745.0,20.0,27695400.0,2,,,,,,
10/083,2010-07-15,2.0,10.0,16.0,18.0,41.0,44.0,31.0,2,4.0,2.0,1.0,5.0,2.0,2.0,0.0,0.0,2.0,0.0,0.0,1.0,1641385.0,78.0,56115.0,192.0,4800.0,4057.4,320.0,5656.4,160.0,85858.0,20.0,31235149.0,2,,,,,,
10/084,2010-07-17,7.0,12.0,30.0,34.0,40.0,48.0,33.0,,2.0,4.0,1.0,5.0,1.0,1.0,1.0,2.0,1.0,0.0,0.0,1.0,1727915.0,99.0,46540.0,213.0,4800.0,5073.4,320.0,7422.2,160.0,99645.2,20.0,34231600.0,7,,,,,,
10/085,2010-07-20,5.0,13.0,26.0,29.0,40.0,47.0,42.0,40,2.0,4.0,4.0,2.0,1.0,1.0,2.0,1.0,1.0,4.0,7669590.0,2.0,1334795.0,222.0,40080.0,583.0,4800.0,11139.6,320.0,15139.0,160.0,204291.6,20.0,69107318.0,5,,,,,,
10/086,2010-07-24,6.0,15.0,22.0,25.0,33.0,42.0,24.0,,3.0,3.0,3.0,3.0,1.0,1.0,2.0,1.0,1.0,0.0,0.0,22.0,46395.0,142.0,19165.0,1058.0,4800.0,6780.4,320.0,10375.4,160.0,120845.8,20.0,34620619.0,6,,,,,,
10/087,2010-07-27,4.0,17.0,23.0,28.0,43.0,46.0,22.0,,3.0,3.0,3.0,3.0,1.0,1.0,2.0,0.0,2.0,0.0,0.0,2.0,824865.0,122.0,36055.0,227.0,4800.0,5882.4,320.0,7576.0,160.0,107162.6,20.0,34098859.0,4,,,,,,
10/088,2010-07-29,12.0,13.0,38.0,41.0,44.0,49.0,22.0,,2.0,4.0,3.0,3.0,0.0,2.0,0.0,1.0,3.0,0.0,0.0,0.0,0.0,91.0,56945.0,252.0,4800.0,5177.0,320.0,7624.0,160.0,104950.8,20.0,37818128.0,12,,,,,,
10/089,2010-07-31,12.0,28.0,29.0,33.0,35.0,37.0,22.0,12,1.0,5.0,4.0,2.0,0.0,1.0,2.0,3.0,0.0,0.0,0.0,2.0,1153335.0,135.0,45560.0,414.0,4800.0,8057.6,320.0,11939.6,160.0,148738.0,20.0,48795208.0,12,,,,,,
10/090,2010-08-03,9.0,17.0,26.0,31.0,35.0,36.0,42.0,35,2.0,4.0,4.0,2.0,1.0,1.0,1.0,3.0,0.0,1.0,34111400.0,5.0,631260.0,256.0,32875.0,607.0,4800.0,12745.6,320.0,16375.4,160.0,231566.6,20.0,69197703.0,9,,,,,,
10/091,2010-08-05,8.0,30.0,42.0,46.0,48.0,49.0,7.0,,1.0,5.0,1.0,5.0,1.0,0.0,1.0,0.0,4.0,0.0,0.0,1.0,1223680.0,69.0,47290.0,180.0,4800.0,4487.0,320.0,5814.0,160.0,75703.4,20.0,25386746.0,8,,,,,,
10/092,2010-08-07,3.0,18.0,34.0,41.0,45.0,46.0,37.0,46,2.0,4.0,3.0,3.0,1.0,1.0,0.0,1.0,3.0,0.0,0.0,0.0,0.0,78.0,57960.0,194.0,4800.0,4026.0,320.0,5417.0,160.0,82502.0,20.0,31770955.0,3,,,,,,
10/093,2010-08-10,5.0,8.0,12.0,20.0,30.0,39.0,23.0,,4.0,2.0,2.0,4.0,2.0,2.0,1.0,1.0,0.0,0.0,0.0,5.0,376260.0,191.0,26265.0,515.0,4800.0,9776.6,320.0,13056.0,160.0,171140.6,20.0,46101536.0,5,,,,,,
10/094,2010-08-12,6.0,17.0,29.0,33.0,42.0,48.0,34.0,,2.0,4.0,3.0,3.0,1.0,1.0,1.0,1.0,2.0,1.0,24625810.0,4.0,600040.0,265.0,24150.0,412.0,4800.0,10679.0,320.0,11256.4,160.0,178860.4,20.0,52512588.0,6,,,,,,
10/095,2010-08-14,6.0,12.0,17.0,34.0,38.0,46.0,43.0,"6,17",3.0,3.0,1.0,5.0,1.0,2.0,0.0,2.0,1.0,0.0,0.0,3.0,428905.0,57.0,60195.0,139.0,4800.0,3583.0,320.0,4613.0,160.0,70674.2,20.0,24799649.0,6,,,,,,
10/096,2010-08-17,2.0,5.0,8.0,22.0,25.0,35.0,16.0,,4.0,2.0,3.0,3.0,3.0,0.0,2.0,1.0,0.0,4.0,1288400.0,9.0,19200.0,714.8,9600.0,585.8,4800.0,13876.0,320.0,12603.2,160.0,163778.0,20.0,34482760.0,2,,,,,,
10/097,2010-08-19,8.0,12.0,30.0,43.0,46.0,48.0,35.0,8,2.0,4.0,1.0,5.0,1.0,1.0,1.0,0.0,3.0,0.0,0.0,5.0,235065.0,107.0,29290.0,218.0,4800.0,5105.0,320.0,6469.0,160.0,84883.8,20.0,25969095.0,8,,,,,,
10/098,2010-08-21,18.0,21.0,34.0,37.0,40.0,49.0,28.0,,2.0,4.0,3.0,3.0,0.0,1.0,1.0,3.0,1.0,0.0,0.0,0.0,0.0,64.0,64805.0,187.0,4800.0,4072.0,320.0,5812.2,160.0,79069.2,20.0,29827938.0,18,,,,,,
10/099,2010-08-24,6.0,9.0,11.0,16.0,25.0,37.0,45.0,37,4.0,2.0,4.0,2.0,2.0,2.0,1.0,1.0,0.0,0.0,0.0,7.0,259765.0,161.0,30115.0,353.0,4800.0,8431.2,320.0,8733.4,160.0,151759.6,20.0,41011751.0,6,,,,,,
10/100,2010-08-26,1.0,7.0,9.0,10.0,36.0,44.0,37.0,9,4.0,2.0,3.0,3.0,4.0,0.0,0.0,1.0,1.0,1.0,22008965.0,8.0,222170.0,257.0,18440.0,448.0,4800.0,13863.6,320.0,11808.8,160.0,216022.4,20.0,47810452.0,1,,,,,,
10/101,2010-08-28,1.0,3.0,6.0,7.0,36.0,49.0,42.0,"1,7,36",4.0,2.0,4.0,2.0,4.0,0.0,0.0,1.0,1.0,0.0,0.0,1.0,752930.0,145.4,13805.0,245.0,4800.0,7967.2,320.0,5460.2,160.0,112946.6,20.0,22914916.0,1,,,,,,
10/102,2010-08-30,6.0,16.0,39.0,40.0,46.0,49.0,41.0,"6,49",2.0,4.0,2.0,4.0,1.0,1.0,0.0,2.0,2.0,0.0,0.0,1.0,1144940.0,76.0,40170.0,175.0,4800.0,3795.0,320.0,4921.0,160.0,67949.6,20.0,23312235.0,6,,,,,,
10/103,2010-09-02,3.0,7.0,11.0,20.0,23.0,48.0,38.0,,5.0,1.0,4.0,2.0,2.0,2.0,1.0,0.0,1.0,1.0,13333350.0,5.0,326565.0,193.0,22560.0,383.0,4800.0,8633.0,320.0,10379.0,160.0,144632.6,20.0,39104569.0,3,,,,,,
10/104,2010-09-04,17.0,19.0,25.0,34.0,43.0,45.0,47.0,,2.0,4.0,5.0,1.0,0.0,2.0,1.0,1.0,2.0,0.0,0.0,1.0,1158240.0,76.0,40640.0,163.0,4800.0,3521.2,320.0,4502.0,160.0,62714.8,20.0,22905735.0,17,,,,,,
10/105,2010-09-07,2.0,3.0,16.0,42.0,43.0,45.0,27.0,"43,45",3.0,3.0,3.0,3.0,2.0,1.0,0.0,0.0,3.0,0.0,0.0,1.0,1602730.0,109.0,39210.0,203.0,4800.0,5014.2,320.0,6135.0,160.0,93108.0,20.0,31785835.0,2,,,,,,
10/106,2010-09-09,2.0,4.0,19.0,34.0,37.0,41.0,5.0,2,3.0,3.0,3.0,3.0,2.0,1.0,0.0,2.0,1.0,0.0,0.0,1.0,1858760.0,65.0,76255.0,247.0,4800.0,5255.6,320.0,7834.6,160.0,104030.0,20.0,36701524.0,2,,,,,,
10/107,2010-09-11,10.0,20.0,24.0,35.0,36.0,39.0,12.0,,3.0,3.0,2.0,4.0,1.0,1.0,1.0,3.0,0.0,0.0,0.0,1.0,2034955.0,108.0,50245.0,348.0,4800.0,7166.0,320.0,10961.0,160.0,131617.0,20.0,43069901.0,10,,,,,,
10/108,2010-09-14,3.0,4.0,7.0,22.0,30.0,39.0,6.0,39,4.0,2.0,3.0,3.0,3.0,0.0,2.0,1.0,0.0,0.0,0.0,7.0,393790.0,206.0,35680.0,623.8,4800.0,12189.0,320.0,20121.2,160.0,219676.0,20.0,64263302.0,3,,,,,,
10/109,2010-09-16,5.0,8.0,31.0,46.0,47.0,49.0,34.0,,2.0,4.0,4.0,2.0,2.0,0.0,0.0,1.0,3.0,2.0,20675100.0,1.0,2897790.0,310.0,31155.0,594.0,4800.0,13924.0,320.0,16517.0,160.0,252482.6,20.0,76918176.0,5,,,,,,
10/110,2010-09-19,12.0,17.0,19.0,26.0,33.0,40.0,25.0,,3.0,3.0,3.0,3.0,0.0,3.0,1.0,2.0,0.0,0.0,0.0,1.0,1124290.0,154.4,19415.0,234.0,4800.0,4274.2,320.0,6137.8,160.0,79580.0,20.0,24631768.0,12,,,,,,
10/111,2010-09-21,10.0,13.0,23.0,35.0,36.0,48.0,47.0,,3.0,3.0,3.0,3.0,1.0,1.0,1.0,2.0,1.0,1.0,31023870.0,3.0,1224870.0,242.0,40490.0,595.0,4800.0,14119.8,320.0,15450.0,160.0,252811.8,20.0,77449805.0,10,,,,,,
10/112,2010-09-25,16.0,23.0,30.0,37.0,39.0,43.0,5.0,23,2.0,4.0,4.0,2.0,0.0,1.0,2.0,2.0,1.0,0.0,0.0,2.0,664405.0,75.0,47245.0,238.0,4800.0,4743.8,320.0,6755.0,160.0,82599.0,20.0,28014994.0,16,,,,,,
10/113,2010-09-28,7.0,30.0,31.0,42.0,45.0,49.0,46.0,30,1.0,5.0,4.0,2.0,1.0,0.0,1.0,1.0,3.0,0.0,0.0,3.0,518640.0,100.0,41490.0,336.0,4800.0,5201.0,320.0,8290.0,160.0,96408.0,20.0,33204565.0,7,,,,,,
10/114,2010-09-30,9.0,18.0,21.0,22.0,26.0,29.0,27.0,,4.0,2.0,3.0,3.0,1.0,1.0,4.0,0.0,0.0,0.0,0.0,11.0,102055.0,224.0,13360.0,687.4,4800.0,10060.8,320.0,13177.8,160.0,148706.6,20.0,36715118.0,9,,,,,,
10/115,2010-10-02,7.0,16.0,17.0,21.0,27.0,36.0,6.0,21,4.0,2.0,4.0,2.0,1.0,2.0,2.0,1.0,0.0,0.0,0.0,6.0,220630.0,142.0,24855.0,597.0,4800.0,8068.8,320.0,12155.0,160.0,129394.8,20.0,36441544.0,7,,,,,,
10/116,2010-10-05,5.0,6.0,8.0,16.0,29.0,31.0,12.0,16,4.0,2.0,3.0,3.0,3.0,1.0,1.0,1.0,0.0,1.0,22563575.0,6.0,308685.0,229.0,21565.0,856.0,4800.0,12698.8,320.0,20031.8,160.0,215150.8,20.0,54165390.0,5,,,,,,
10/117,2010-10-07,14.0,15.0,21.0,22.0,32.0,40.0,2.0,,4.0,2.0,2.0,4.0,0.0,2.0,2.0,2.0,0.0,0.0,0.0,2.0,542640.0,84.4,34290.0,234.0,4800.0,4419.4,320.0,7033.6,160.0,82945.6,20.0,24578756.0,14,,,,,,
10/118,2010-10-09,22.0,37.0,41.0,42.0,44.0,45.0,27.0,22,1.0,5.0,3.0,3.0,0.0,0.0,1.0,1.0,4.0,1.0,9257920.0,0.0,0.0,90.0,42050.0,187.0,4800.0,5104.4,320.0,5130.0,160.0,79782.2,20.0,28417243.0,22,,,,,,
10/119,2010-10-12,9.0,13.0,21.0,24.0,38.0,46.0,27.0,,4.0,2.0,3.0,3.0,1.0,1.0,2.0,1.0,1.0,1.0,5236415.0,4.0,318090.0,92.0,36880.0,268.0,4800.0,4767.0,320.0,6806.0,160.0,89296.4,20.0,27792821.0,9,,,,,,
10/120,2010-10-14,4.0,7.0,10.0,26.0,42.0,47.0,13.0,,3.0,3.0,2.0,4.0,3.0,0.0,1.0,0.0,2.0,0.0,0.0,3.0,366325.0,77.0,38060.0,197.0,4800.0,4460.0,320.0,5385.8,160.0,84119.2,20.0,24014976.0,4,,,,,,
10/121,2010-10-16,1.0,29.0,30.0,44.0,45.0,49.0,41.0,,1.0,5.0,4.0,2.0,1.0,0.0,2.0,0.0,3.0,0.0,0.0,3.0,420645.0,70.0,48070.0,171.0,4800.0,3695.0,320.0,5214.0,160.0,73527.2,20.0,25098042.0,1,,,,,,
10/122,2010-10-19,2.0,20.0,29.0,38.0,39.0,43.0,37.0,29,2.0,4.0,3.0,3.0,1.0,1.0,1.0,2.0,1.0,0.0,0.0,1.0,1739510.0,105.0,44175.0,274.0,4800.0,5650.4,320.0,7409.4,160.0,103839.8,20.0,35424615.0,2,,,,,,
10/123,2010-10-21,4.0,9.0,23.0,35.0,46.0,49.0,18.0,,3.0,3.0,4.0,2.0,2.0,0.0,1.0,1.0,2.0,1.0,19769515.0,1.0,1921725.0,107.0,47890.0,288.0,4800.0,6591.0,320.0,8908.8,160.0,126262.2,20.0,39853236.0,4,,,,,,
10/124,2010-10-23,1.0,28.0,33.0,41.0,42.0,45.0,8.0,,1.0,5.0,4.0,2.0,1.0,0.0,1.0,1.0,3.0,0.0,0.0,1.0,992665.0,57.0,46440.0,201.4,4800.0,3277.0,320.0,6076.0,160.0,64227.6,20.0,21378467.0,1,,,,,,
10/125,2010-10-26,3.0,8.0,14.0,20.0,33.0,41.0,32.0,"33,41",4.0,2.0,3.0,3.0,2.0,2.0,0.0,1.0,1.0,0.0,0.0,4.0,382665.0,111.0,36770.0,223.0,4800.0,4926.4,320.0,6869.8,160.0,96478.4,20.0,31276404.0,3,,,,,,
10/126,2010-10-28,8.0,9.0,17.0,31.0,36.0,47.0,46.0,8,3.0,3.0,4.0,2.0,2.0,1.0,0.0,2.0,1.0,2.0,7265175.0,3.0,548705.0,141.0,31130.0,261.0,4800.0,6208.0,320.0,7676.0,160.0,115606.6,20.0,34887281.0,8,,,,,,
10/127,2010-10-30,7.0,8.0,12.0,24.0,30.0,49.0,27.0,8,4.0,2.0,2.0,4.0,2.0,1.0,2.0,0.0,1.0,0.0,0.0,1.0,837095.0,91.8,24315.0,249.0,4800.0,5167.0,320.0,6184.0,160.0,88396.8,20.0,21738137.0,7,,,,,,
10/128,2010-11-02,5.0,17.0,24.0,25.0,36.0,45.0,15.0,24,3.0,3.0,4.0,2.0,1.0,1.0,2.0,1.0,1.0,2.0,4453715.0,4.0,325615.0,106.0,32765.0,427.0,4800.0,5189.4,320.0,10820.2,160.0,93764.8,20.0,31219817.0,5,,,,,,
10/129,2010-11-04,5.0,9.0,25.0,27.0,33.0,44.0,17.0,"5,25",2.0,4.0,5.0,1.0,2.0,0.0,2.0,1.0,1.0,0.0,0.0,3.0,331765.0,65.0,40830.0,276.8,4800.0,4416.2,320.0,6806.6,160.0,80523.2,20.0,23579528.0,5,,,,,,
10/130,2010-11-09,4.0,15.0,41.0,43.0,45.0,49.0,18.0,,2.0,4.0,5.0,1.0,1.0,1.0,0.0,0.0,4.0,0.0,0.0,3.0,1325170.0,100.5,105480.0,198.5,9600.0,5712.0,640.0,6644.0,320.0,104882.7,40.0,75939693.0,4,,,,,,
10/131,2010-11-11,5.0,6.0,15.0,28.0,29.0,43.0,48.0,"15,43",3.0,3.0,4.0,2.0,2.0,1.0,2.0,0.0,1.0,0.5,23248365.0,1.0,3190040.0,120.0,70880.0,245.5,9600.0,6052.2,640.0,6925.5,320.0,108945.1,40.0,66989785.0,5,,,,,,
10/132,2010-11-13,7.0,18.0,21.0,28.0,47.0,48.0,35.0,28,3.0,3.0,3.0,3.0,1.0,1.0,2.0,0.0,2.0,0.0,0.0,1.0,1963760.0,86.0,60890.0,203.5,9600.0,4662.7,640.0,5932.2,320.0,79578.6,40.0,45195821.0,7,,,,,,
10/133,2010-11-16,3.0,12.0,20.0,39.0,46.0,49.0,19.0,,3.0,3.0,3.0,3.0,1.0,2.0,0.0,1.0,2.0,0.5,18606185.0,2.0,1345450.0,69.0,103990.0,258.5,9600.0,4175.5,640.0,7259.5,320.0,81594.8,40.0,56396898.0,3,,,,,,
10/134,2010-11-18,6.0,20.0,30.0,33.0,39.0,47.0,23.0,"20,39",2.0,4.0,3.0,3.0,1.0,1.0,1.0,2.0,1.0,0.0,0.0,2.5,854070.0,60.0,94890.0,135.0,9600.0,2709.1,640.0,4237.5,320.0,56362.2,40.0,41264389.0,6,,,,,,
10/135,2010-11-20,3.0,6.0,9.0,29.0,30.0,33.0,14.0,"6,30,33",3.0,3.0,4.0,2.0,3.0,0.0,2.0,1.0,0.0,2.5,11128430.0,3.5,267550.0,306.5,19200.0,227.0,9600.0,8054.9,640.0,5598.2,320.0,100894.0,40.0,43971392.0,3,,,,,,
10/136,2010-11-23,1.0,10.0,11.0,24.0,30.0,49.0,35.0,30,4.0,2.0,3.0,3.0,2.0,1.0,2.0,0.0,1.0,1.0,8000000.0,2.0,577700.0,80.0,38510.0,103.4,9600.0,4435.8,640.0,3423.9,320.0,64251.4,40.0,29558927.0,1,,,,,,
10/137,2010-11-25,17.0,22.0,28.0,31.0,39.0,45.0,8.0,,2.0,4.0,4.0,2.0,0.0,1.0,2.0,2.0,1.0,0.0,0.0,2.0,635530.0,36.5,92860.0,139.5,9600.0,1846.0,640.0,3796.1,320.0,35676.1,40.0,26804375.0,17,,,,,,
10/138,2010-11-27,13.0,17.0,25.0,26.0,43.0,44.0,42.0,17,2.0,4.0,4.0,2.0,0.0,2.0,2.0,0.0,2.0,0.0,0.0,2.0,748220.0,47.5,84010.0,102.0,9600.0,2434.5,640.0,3242.2,320.0,44867.7,40.0,30245380.0,13,,,,,,
10/139,2010-11-30,3.0,14.0,16.0,19.0,45.0,48.0,9.0,,4.0,2.0,3.0,3.0,1.0,3.0,0.0,0.0,2.0,0.0,0.0,1.5,1341860.0,34.0,157860.0,162.5,9600.0,2414.5,640.0,4994.0,320.0,51518.3,40.0,39833040.0,3,,,,,,
10/140,2010-12-02,6.0,11.0,17.0,31.0,40.0,41.0,34.0,,3.0,3.0,4.0,2.0,1.0,2.0,0.0,2.0,1.0,0.5,12569460.0,1.0,2203720.0,65.5,89710.0,148.9,9600.0,3771.5,640.0,4428.7,320.0,69782.9,40.0,44807854.0,6,,,,,,
10/141,2010-12-05,9.0,10.0,20.0,42.0,46.0,47.0,27.0,,3.0,3.0,2.0,4.0,2.0,1.0,0.0,0.0,3.0,0.0,0.0,3.0,553540.0,63.0,70290.0,150.0,9600.0,3207.0,640.0,4476.9,320.0,58294.4,40.0,35967933.0,9,,,,,,
10/142,2010-12-07,12.0,13.0,18.0,20.0,28.0,48.0,14.0,20,4.0,2.0,1.0,5.0,0.0,4.0,1.0,0.0,1.0,0.0,0.0,1.5,1259830.0,62.0,81270.0,167.9,9600.0,4462.6,640.0,4800.4,320.0,80658.7,40.0,42730883.0,12,,,,,,
10/143,2010-12-09,4.0,10.0,20.0,25.0,33.0,36.0,37.0,20,3.0,3.0,2.0,4.0,2.0,1.0,1.0,2.0,0.0,0.0,0.0,1.0,2438150.0,74.0,87860.0,152.0,9600.0,4024.3,640.0,4780.9,320.0,77264.7,40.0,49105928.0,4,,,,,,
10/144,2010-12-11,15.0,18.0,22.0,24.0,27.0,30.0,10.0,,4.0,2.0,2.0,4.0,0.0,2.0,4.0,0.0,0.0,1.0,37963710.0,1.0,2476210.0,94.5,69870.0,207.5,9600.0,4704.8,640.0,6301.3,320.0,84926.1,40.0,52883848.0,15,,,,,,
10/145,2010-12-14,3.0,7.0,28.0,29.0,38.0,48.0,40.0,,2.0,4.0,3.0,3.0,2.0,0.0,2.0,1.0,1.0,0.0,0.0,0.0,0.0,76.0,40620.0,124.5,9600.0,4482.6,640.0,3318.0,320.0,65488.6,40.0,30050141.0,3,,,,,,
10/146,2010-12-16,12.0,13.0,18.0,19.0,27.0,29.0,10.0,29,4.0,2.0,4.0,2.0,0.0,4.0,2.0,0.0,0.0,0.0,0.0,2.0,651050.0,69.5,49960.0,206.5,9600.0,3491.9,640.0,5305.0,320.0,58711.1,40.0,32967763.0,12,,,,,,
10/147,2010-12-18,15.0,19.0,34.0,39.0,44.0,45.0,23.0,19,2.0,4.0,4.0,2.0,0.0,2.0,0.0,2.0,2.0,0.0,0.0,0.0,0.0,31.5,159820.0,129.5,9600.0,2296.5,640.0,3781.6,320.0,43959.8,40.0,36134015.0,15,,,,,,
10/148,2010-12-20,4.0,5.0,12.0,16.0,18.0,41.0,7.0,,5.0,1.0,2.0,4.0,2.0,3.0,0.0,0.0,1.0,0.0,0.0,3.0,502200.0,48.0,83700.0,202.5,9600.0,3150.2,640.0,5666.6,320.0,58960.4,40.0,35498735.0,4,,,,,,
10/149,2010-12-22,3.0,4.0,15.0,24.0,35.0,41.0,36.0,"4,41",4.0,2.0,4.0,2.0,2.0,1.0,1.0,1.0,1.0,1.0,47624870.0,0.0,0.0,98.0,114510.0,312.5,9600.0,6379.0,640.0,9040.9,320.0,121976.2,40.0,84601264.0,3,,,,,,
10/150,2010-12-25,1.0,2.0,4.0,13.0,43.0,48.0,11.0,4,4.0,2.0,3.0,3.0,3.0,1.0,0.0,0.0,2.0,0.0,0.0,1.5,910380.0,42.0,86700.0,140.5,9600.0,3021.0,640.0,4792.7,320.0,56876.3,40.0,31657679.0,1,,,,,,
10/151,2010-12-28,8.0,23.0,28.0,31.0,36.0,37.0,12.0,,2.0,4.0,3.0,3.0,1.0,0.0,2.0,3.0,0.0,0.0,0.0,4.0,318150.0,49.0,69250.0,292.5,9600.0,3695.8,640.0,6213.8,320.0,64878.8,40.0,35333464.0,8,,,,,,
10/152,2010-12-30,4.0,13.0,18.0,20.0,36.0,39.0,12.0,36,4.0,2.0,2.0,4.0,1.0,3.0,0.0,2.0,0.0,0.0,0.0,4.0,400410.0,60.0,71180.0,345.4,9600.0,3294.4,640.0,7231.8,320.0,59430.4,40.0,40461626.0,4,,,,,,
11/001,2011-01-02,1.0,13.0,20.0,24.0,37.0,39.0,3.0,"13,20,39",4.0,2.0,4.0,2.0,1.0,2.0,1.0,2.0,0.0,0.0,0.0,0.5,1183015.0,64.0,98580.0,202.5,9600.0,3445.9,640.0,6874.5,320.0,67857.3,40.0,48883539.0,1,,,,,,
11/002,2011-01-04,4.0,9.0,16.0,20.0,38.0,39.0,40.0,"20,39",4.0,2.0,2.0,4.0,2.0,2.0,0.0,2.0,0.0,0.0,0.0,1.0,2334040.0,109.0,57100.0,277.0,9600.0,5535.7,640.0,7128.9,320.0,101388.3,40.0,54885360.0,4,,,,,,
11/003,2011-01-06,4.0,7.0,14.0,15.0,19.0,26.0,43.0,4,5.0,1.0,3.0,3.0,2.0,3.0,1.0,0.0,0.0,0.5,20469770.0,2.0,1454740.0,118.0,65750.0,258.5,9600.0,6861.2,640.0,6656.0,320.0,121207.1,40.0,65122179.0,4,,,,,,
11/004,2011-01-08,10.0,12.0,18.0,21.0,27.0,33.0,4.0,,4.0,2.0,3.0,3.0,1.0,2.0,2.0,1.0,0.0,0.0,0.0,0.5,760110.0,102.5,39550.0,332.2,9600.0,5481.0,640.0,8108.8,320.0,90031.3,40.0,44500350.0,10,,,,,,
11/005,2011-01-11,1.0,2.0,29.0,37.0,42.0,48.0,38.0,,2.0,4.0,3.0,3.0,2.0,0.0,1.0,1.0,2.0,0.0,0.0,3.0,1093690.0,69.5,125890.0,264.5,9600.0,4686.5,640.0,6892.2,320.0,92991.8,40.0,65742705.0,1,,,,,,
11/006,2011-01-13,17.0,19.0,25.0,36.0,40.0,44.0,10.0,,2.0,4.0,3.0,3.0,0.0,2.0,1.0,2.0,1.0,1.5,30528930.0,1.5,2257680.0,110.5,81720.0,230.5,9600.0,5173.1,640.0,6799.8,320.0,94709.0,40.0,67217735.0,17,,,,,,
11/007,2011-01-15,13.0,18.0,29.0,31.0,32.0,46.0,2.0,,2.0,4.0,3.0,3.0,0.0,2.0,1.0,2.0,1.0,0.0,0.0,0.0,0.0,25.5,155570.0,73.0,9600.0,2025.5,640.0,2434.2,320.0,40348.8,40.0,28312668.0,13,,,,,,
11/008,2011-01-18,9.0,15.0,21.0,31.0,33.0,41.0,37.0,31,3.0,3.0,6.0,0.0,1.0,1.0,1.0,2.0,1.0,1.0,15268480.0,2.0,963460.0,59.5,86360.0,165.7,9600.0,3691.2,640.0,4261.7,320.0,64958.5,40.0,40799809.0,9,,,,,,
11/009,2011-01-20,5.0,21.0,28.0,30.0,37.0,42.0,48.0,21,2.0,4.0,3.0,3.0,1.0,0.0,3.0,1.0,1.0,0.0,0.0,1.5,1084850.0,44.0,98620.0,70.0,9600.0,1987.9,640.0,2573.0,320.0,43381.6,40.0,30415429.0,5,,,,,,
11/010,2011-01-22,1.0,15.0,30.0,39.0,45.0,49.0,37.0,30,2.0,4.0,5.0,1.0,1.0,1.0,1.0,1.0,2.0,0.0,0.0,1.0,1751490.0,41.0,113910.0,98.0,9600.0,2494.0,640.0,2870.7,320.0,49220.9,40.0,33807220.0,1,,,,,,
11/011,2011-01-25,9.0,14.0,16.0,17.0,21.0,26.0,20.0,,5.0,1.0,3.0,3.0,1.0,3.0,2.0,0.0,0.0,0.0,0.0,1.5,1339950.0,63.0,85070.0,188.5,9600.0,3900.1,640.0,4887.2,320.0,72124.6,40.0,43480285.0,9,,,,,,
11/012,2011-01-27,1.0,6.0,14.0,25.0,29.0,35.0,48.0,14,3.0,3.0,4.0,2.0,2.0,1.0,2.0,1.0,0.0,0.0,0.0,0.0,0.0,56.0,113490.0,146.0,9600.0,3975.4,640.0,4506.5,320.0,81953.6,40.0,48381942.0,1,,,,,,
11/013,2011-01-29,5.0,8.0,9.0,10.0,29.0,49.0,46.0,29,4.0,2.0,4.0,2.0,4.0,0.0,1.0,0.0,1.0,1.5,22846740.0,5.0,363500.0,226.5,21390.0,298.5,9600.0,9884.4,640.0,6662.5,320.0,137862.7,40.0,55839467.0,5,,,,,,
11/014,2011-02-01,1.0,8.0,22.0,32.0,46.0,48.0,9.0,8,3.0,3.0,1.0,5.0,2.0,0.0,1.0,1.0,2.0,0.0,0.0,1.5,1017110.0,77.0,52830.0,188.5,9600.0,3688.1,640.0,6131.1,320.0,64122.8,40.0,36803494.0,1,,,,,,
11/015,2011-02-03,6.0,8.0,10.0,28.0,36.0,37.0,21.0,8,3.0,3.0,1.0,5.0,3.0,0.0,1.0,2.0,0.0,0.0,0.0,1.0,1103570.0,96.7,30430.0,207.7,9600.0,4480.3,640.0,5092.7,320.0,73012.9,40.0,32400524.0,6,,,,,,
11/016,2011-02-06,1.0,2.0,16.0,27.0,31.0,47.0,19.0,,3.0,3.0,4.0,2.0,2.0,1.0,1.0,1.0,1.0,2.0,25678290.0,0.5,1669570.0,119.0,93530.0,324.5,9600.0,6911.1,640.0,9918.2,320.0,134752.5,40.0,86445363.0,1,,,,,,
11/017,2011-02-08,11.0,21.0,27.0,28.0,32.0,34.0,17.0,27,2.0,4.0,3.0,3.0,0.0,1.0,3.0,2.0,0.0,0.0,0.0,1.0,1496900.0,45.9,86960.0,178.5,9600.0,2653.9,640.0,5083.7,320.0,51032.0,40.0,33419499.0,11,,,,,,
11/018,2011-02-10,2.0,3.0,9.0,18.0,20.0,36.0,12.0,,5.0,1.0,2.0,4.0,3.0,2.0,0.0,1.0,0.0,0.0,0.0,0.0,0.0,112.5,27790.0,414.2,9600.0,5794.5,640.0,9537.9,320.0,86314.2,40.0,39767865.0,2,,,,,,
11/019,2011-02-13,10.0,13.0,20.0,24.0,37.0,47.0,16.0,20,4.0,2.0,3.0,3.0,1.0,2.0,1.0,1.0,1.0,0.5,9546225.0,1.0,2134130.0,71.5,79590.0,149.0,9600.0,3820.7,640.0,4439.9,320.0,68844.1,40.0,43860802.0,10,,,,,,
11/020,2011-02-15,16.0,17.0,18.0,27.0,38.0,41.0,30.0,,3.0,3.0,3.0,3.0,0.0,3.0,1.0,1.0,1.0,0.0,0.0,0.5,939750.0,41.0,122240.0,122.5,9600.0,3211.0,640.0,3466.6,320.0,57996.6,40.0,37832411.0,16,,,,,,
11/021,2011-02-17,9.0,24.0,25.0,30.0,35.0,37.0,45.0,,2.0,4.0,4.0,2.0,1.0,0.0,3.0,2.0,0.0,1.0,23115220.0,2.0,1165120.0,85.0,73100.0,134.5,9600.0,3657.4,640.0,5031.0,320.0,71450.9,40.0,46613470.0,9,,,,,,
11/022,2011-02-19,13.0,16.0,18.0,23.0,34.0,42.0,40.0,,4.0,2.0,2.0,4.0,0.0,3.0,1.0,1.0,1.0,0.0,0.0,2.5,587340.0,35.0,111870.0,90.0,9600.0,2179.6,640.0,2447.6,320.0,41284.7,40.0,28612695.0,13,,,,,,
11/023,2011-02-22,3.0,8.0,21.0,22.0,28.0,48.0,5.0,,4.0,2.0,2.0,4.0,2.0,0.0,3.0,0.0,1.0,0.0,0.0,3.5,327960.0,129.0,23720.0,415.0,9600.0,6903.9,640.0,8970.7,320.0,92611.4,40.0,38932125.0,3,,,,,,
11/024,2011-02-24,7.0,26.0,27.0,29.0,30.0,41.0,44.0,,1.0,5.0,4.0,2.0,1.0,0.0,4.0,0.0,1.0,1.0,17303460.0,0.0,0.0,61.0,85380.0,125.5,9600.0,3672.2,640.0,3849.7,320.0,68018.9,40.0,40402605.0,7,,,,,,
11/025,2011-02-26,1.0,24.0,28.0,33.0,37.0,47.0,49.0,,2.0,4.0,4.0,2.0,1.0,0.0,2.0,2.0,1.0,0.0,0.0,0.0,0.0,36.5,103270.0,125.5,9600.0,2188.6,640.0,3161.5,320.0,45567.2,40.0,29250840.0,1,,,,,,
11/026,2011-03-01,4.0,25.0,30.0,41.0,43.0,45.0,29.0,,1.0,5.0,4.0,2.0,1.0,0.0,2.0,0.0,3.0,0.0,0.0,1.5,1384590.0,57.5,96310.0,143.0,9600.0,2804.0,640.0,3802.4,320.0,55266.9,40.0,40389120.0,4,,,,,,
11/027,2011-03-03,8.0,9.0,13.0,17.0,33.0,49.0,30.0,,4.0,2.0,5.0,1.0,2.0,2.0,0.0,1.0,1.0,0.0,0.0,1.0,1859250.0,86.5,57310.0,198.0,9600.0,4980.2,640.0,5629.6,320.0,90978.9,40.0,44721597.0,8,,,,,,
11/028,2011-03-05,2.0,7.0,16.0,25.0,29.0,34.0,10.0,,3.0,3.0,3.0,3.0,2.0,1.0,2.0,1.0,0.0,1.0,27508640.0,7.0,299360.0,112.7,49580.0,241.0,9600.0,4717.7,640.0,6910.8,320.0,76727.0,40.0,48084311.0,2,,,,,,
11/029,2011-03-08,4.0,15.0,23.0,33.0,37.0,47.0,22.0,,3.0,3.0,5.0,1.0,1.0,1.0,1.0,2.0,1.0,1.0,8000000.0,3.0,532680.0,46.0,92640.0,117.0,9600.0,2393.2,640.0,3665.2,320.0,48107.3,40.0,32332300.0,4,,,,,,
11/030,2011-03-10,2.0,6.0,21.0,45.0,46.0,49.0,28.0,,3.0,3.0,3.0,3.0,2.0,0.0,1.0,0.0,3.0,0.0,0.0,3.0,516060.0,39.0,105860.0,78.5,9600.0,2071.5,640.0,3053.0,320.0,42673.4,40.0,29824866.0,2,,,,,,
11/031,2011-03-13,6.0,14.0,26.0,27.0,30.0,43.0,21.0,6,2.0,4.0,2.0,4.0,1.0,1.0,3.0,0.0,1.0,0.0,0.0,0.5,852295.0,32.0,142040.0,132.0,9600.0,2766.2,640.0,3429.2,320.0,52505.2,40.0,34672197.0,6,,,,,,
11/032,2011-03-15,4.0,11.0,15.0,16.0,35.0,42.0,9.0,,4.0,2.0,3.0,3.0,1.0,3.0,0.0,1.0,1.0,0.0,0.0,3.0,542420.0,70.5,61550.0,187.0,9600.0,4044.9,640.0,5763.0,320.0,59925.1,40.0,38049006.0,4,,,,,,
11/033,2011-03-17,4.0,5.0,23.0,31.0,39.0,48.0,20.0,4,3.0,3.0,4.0,2.0,2.0,0.0,1.0,2.0,1.0,0.0,0.0,2.0,1082570.0,57.5,100410.0,157.0,9600.0,3873.2,640.0,5501.7,320.0,67334.1,40.0,45003357.0,4,,,,,,
11/034,2011-03-19,8.0,12.0,24.0,31.0,33.0,41.0,20.0,31,3.0,3.0,3.0,3.0,1.0,1.0,1.0,2.0,1.0,0.5,15923040.0,2.0,1083790.0,91.0,63510.0,186.2,9600.0,4807.9,640.0,5459.9,320.0,86704.7,40.0,48073604.0,8,,,,,,
11/035,2011-03-22,18.0,24.0,26.0,34.0,38.0,45.0,15.0,24,2.0,4.0,1.0,5.0,0.0,1.0,2.0,2.0,1.0,0.0,0.0,3.0,1188300.0,110.5,86030.0,278.5,9600.0,5839.0,640.0,7344.1,320.0,105795.3,40.0,72424267.0,18,,,,,,
11/036,2011-03-24,10.0,16.0,17.0,38.0,42.0,43.0,13.0,38,3.0,3.0,2.0,4.0,1.0,2.0,0.0,1.0,2.0,0.0,0.0,2.0,1941900.0,92.5,111960.0,276.0,9600.0,5695.2,640.0,7999.7,320.0,110643.8,40.0,77283230.0,10,,,,,,
11/037,2011-03-26,2.0,12.0,20.0,25.0,31.0,47.0,29.0,,3.0,3.0,3.0,3.0,1.0,2.0,1.0,1.0,1.0,1.0,65235750.0,1.0,4296530.0,143.5,79840.0,371.0,9600.0,7459.9,640.0,10601.7,320.0,139057.6,40.0,90309645.0,2,,,,,,
11/038,2011-03-29,1.0,2.0,9.0,20.0,24.0,49.0,43.0,"2,20",5.0,1.0,3.0,3.0,3.0,1.0,1.0,0.0,1.0,1.0,8000000.0,1.0,1244840.0,103.5,32070.0,87.0,9600.0,4602.7,640.0,2683.0,320.0,71938.0,40.0,30808737.0,1,,,,,,
11/039,2011-03-31,6.0,23.0,24.0,38.0,39.0,40.0,32.0,24,3.0,3.0,2.0,4.0,1.0,0.0,2.0,3.0,0.0,1.5,5333330.0,0.5,687440.0,77.0,47610.0,127.5,9600.0,2670.6,640.0,3468.5,320.0,45932.9,40.0,29542332.0,6,,,,,,
11/040,2011-04-02,3.0,12.0,15.0,31.0,36.0,49.0,11.0,,3.0,3.0,4.0,2.0,1.0,2.0,0.0,2.0,1.0,0.0,0.0,0.0,0.0,35.0,102270.0,113.0,9600.0,2127.7,640.0,3781.0,320.0,44929.6,40.0,28310678.0,3,,,,,,
11/041,2011-04-05,8.0,10.0,26.0,29.0,41.0,44.0,9.0,,2.0,4.0,2.0,4.0,2.0,0.0,2.0,0.0,2.0,0.0,0.0,1.0,1618380.0,30.7,140570.0,182.5,9600.0,2873.9,640.0,5884.1,320.0,55679.3,40.0,36217980.0,8,,,,,,
11/042,2011-04-07,1.0,5.0,21.0,26.0,31.0,43.0,22.0,26,3.0,3.0,5.0,1.0,2.0,0.0,2.0,1.0,1.0,0.0,0.0,0.5,1071345.0,65.0,87900.0,151.0,9600.0,3537.7,640.0,5237.4,320.0,68419.4,40.0,44118236.0,1,,,,,,
11/043,2011-04-10,6.0,10.0,24.0,34.0,37.0,47.0,12.0,,3.0,3.0,2.0,4.0,2.0,0.0,1.0,2.0,1.0,2.0,14329850.0,2.0,1160450.0,62.0,99820.0,249.5,9600.0,4093.5,640.0,6972.5,320.0,77240.7,40.0,50627666.0,6,,,,,,
11/044,2011-04-12,2.0,4.0,9.0,12.0,21.0,31.0,10.0,,5.0,1.0,3.0,3.0,3.0,1.0,1.0,1.0,0.0,0.5,4000000.0,1.5,574280.0,114.0,20150.0,408.7,9600.0,5407.0,640.0,8171.7,320.0,73308.6,40.0,29216641.0,2,,,,,,
11/045,2011-04-14,12.0,14.0,23.0,32.0,37.0,39.0,28.0,12,3.0,3.0,3.0,3.0,0.0,2.0,1.0,3.0,0.0,0.0,0.0,1.5,1026390.0,38.5,106630.0,116.5,9600.0,2471.4,640.0,3729.7,320.0,44961.4,40.0,31427980.0,12,,,,,,
11/046,2011-04-16,1.0,16.0,17.0,26.0,31.0,36.0,45.0,,3.0,3.0,3.0,3.0,1.0,2.0,1.0,2.0,0.0,0.0,0.0,1.0,1462020.0,75.2,51840.0,130.5,9600.0,3941.5,640.0,3434.0,320.0,65702.5,40.0,33728030.0,1,,,,,,
11/047,2011-04-19,1.0,8.0,18.0,20.0,22.0,46.0,28.0,1,5.0,1.0,1.0,5.0,2.0,2.0,1.0,0.0,1.0,0.0,0.0,4.0,763040.0,157.0,51840.0,492.0,9600.0,8194.2,640.0,14601.5,320.0,140857.9,40.0,78952880.0,1,,,,,,
11/048,2011-04-21,1.0,6.0,9.0,10.0,22.0,26.0,35.0,"1,22",5.0,1.0,2.0,4.0,4.0,0.0,2.0,0.0,0.0,3.5,13329810.0,4.5,333170.0,500.2,19200.0,466.5,9600.0,17420.3,640.0,10055.1,320.0,206578.1,40.0,79369908.0,1,,,,,,
11/049,2011-04-23,2.0,4.0,26.0,30.0,31.0,43.0,38.0,26,2.0,4.0,2.0,4.0,2.0,0.0,2.0,1.0,1.0,0.0,0.0,0.0,0.0,29.0,110470.0,97.5,9600.0,2338.2,640.0,2862.0,320.0,43662.2,40.0,25734501.0,2,,,,,,
11/050,2011-04-26,11.0,15.0,25.0,29.0,30.0,49.0,47.0,30,2.0,4.0,5.0,1.0,0.0,2.0,3.0,0.0,1.0,0.5,7294425.0,1.5,1197200.0,87.5,54720.0,131.5,9600.0,3415.1,640.0,3653.0,320.0,60705.9,40.0,37409831.0,11,,,,,,
11/051,2011-04-28,1.0,6.0,15.0,30.0,33.0,49.0,3.0,"15,30,49",3.0,3.0,4.0,2.0,2.0,1.0,1.0,1.0,1.0,0.0,0.0,4.5,304360.0,56.5,64640.0,227.0,9600.0,3366.9,640.0,5551.2,320.0,55331.4,40.0,33995839.0,1,,,,,,
11/052,2011-04-30,9.0,10.0,23.0,29.0,30.0,34.0,36.0,30,3.0,3.0,3.0,3.0,2.0,0.0,3.0,1.0,0.0,0.0,0.0,1.0,1364220.0,91.0,39970.0,232.0,9600.0,4752.7,640.0,5937.3,320.0,76735.3,40.0,37467825.0,9,,,,,,
11/053,2011-05-03,2.0,3.0,13.0,23.0,34.0,38.0,5.0,"23,34",4.0,2.0,3.0,3.0,2.0,1.0,1.0,2.0,0.0,0.0,0.0,1.5,1257630.0,95.5,52670.0,275.0,9600.0,5597.7,640.0,8124.0,320.0,83693.6,40.0,48129777.0,2,,,,,,
11/054,2011-05-05,5.0,6.0,15.0,20.0,32.0,48.0,22.0,,4.0,2.0,2.0,4.0,2.0,2.0,0.0,1.0,1.0,0.0,0.0,1.0,2411880.0,92.5,69530.0,239.7,9600.0,4702.7,640.0,7035.5,320.0,90413.4,40.0,53422590.0,5,,,,,,
11/055,2011-05-08,10.0,14.0,26.0,29.0,39.0,41.0,6.0,,2.0,4.0,3.0,3.0,1.0,1.0,2.0,1.0,1.0,0.0,0.0,1.0,3040750.0,94.5,85800.0,257.0,9600.0,5273.4,640.0,7984.5,320.0,96186.4,40.0,63928210.0,10,,,,,,
11/056,2011-05-12,4.0,9.0,25.0,28.0,39.0,45.0,30.0,39,2.0,4.0,4.0,2.0,2.0,0.0,2.0,1.0,1.0,0.0,0.0,3.0,1281980.0,105.5,97210.0,371.2,9600.0,7468.2,640.0,10579.5,320.0,142536.3,40.0,84454895.0,4,,,,,,
11/057,2011-05-14,4.0,10.0,15.0,22.0,33.0,35.0,48.0,4,4.0,2.0,3.0,3.0,2.0,1.0,1.0,2.0,0.0,0.0,0.0,3.0,1339440.0,175.0,61230.0,335.5,9600.0,8431.3,640.0,9147.0,320.0,152466.9,40.0,87186700.0,4,,,,,,
11/058,2011-05-17,12.0,14.0,27.0,35.0,46.0,49.0,31.0,35,2.0,4.0,3.0,3.0,0.0,2.0,1.0,1.0,2.0,0.0,0.0,8.0,1021350.0,224.5,97050.0,533.0,9600.0,11246.5,640.0,15730.0,320.0,217681.6,40.0,159101978.0,12,,,,,,
11/059,2011-05-20,13.0,15.0,18.0,30.0,32.0,48.0,8.0,,3.0,3.0,2.0,4.0,0.0,3.0,1.0,1.0,1.0,3.0,44509550.0,11.5,1388690.0,481.5,88440.0,1592.5,9600.0,27048.4,640.0,46995.6,320.0,514150.8,40.0,342962710.0,13,,,,,,
11/060,2011-05-22,15.0,17.0,22.0,36.0,45.0,47.0,35.0,15,3.0,3.0,4.0,2.0,0.0,2.0,1.0,1.0,2.0,0.0,0.0,0.0,0.0,30.5,116380.0,71.0,9600.0,1730.5,640.0,2837.7,320.0,33689.0,40.0,25550252.0,15,,,,,,
11/061,2011-05-24,11.0,20.0,31.0,33.0,39.0,48.0,4.0,,2.0,4.0,4.0,2.0,0.0,2.0,0.0,3.0,1.0,0.0,0.0,0.5,989200.0,79.5,66360.0,156.0,9600.0,3697.2,640.0,4619.0,320.0,65239.4,40.0,41565375.0,11,,,,,,
11/062,2011-05-26,5.0,6.0,22.0,37.0,44.0,48.0,23.0,48,3.0,3.0,2.0,4.0,2.0,0.0,1.0,1.0,2.0,0.5,11944165.0,0.0,0.0,67.5,100510.0,171.5,9600.0,3896.5,640.0,5683.1,320.0,75633.2,40.0,51154026.0,5,,,,,,
11/063,2011-05-28,7.0,13.0,34.0,38.0,43.0,44.0,10.0,44,2.0,4.0,3.0,3.0,1.0,1.0,0.0,2.0,2.0,1.0,20812000.0,0.5,1053930.0,73.5,76470.0,138.0,9600.0,3663.5,640.0,4301.4,320.0,65352.3,40.0,42781899.0,7,,,,,,
11/064,2011-05-31,1.0,4.0,10.0,24.0,30.0,39.0,8.0,,4.0,2.0,2.0,4.0,3.0,0.0,2.0,1.0,0.0,0.0,0.0,2.0,559600.0,102.0,29260.0,379.4,9600.0,5191.0,640.0,9347.9,320.0,79383.2,40.0,37959699.0,1,,,,,,
11/065,2011-06-02,2.0,7.0,18.0,23.0,39.0,47.0,17.0,39,4.0,2.0,4.0,2.0,2.0,1.0,1.0,1.0,1.0,0.0,0.0,1.0,1957850.0,70.5,74050.0,134.0,9600.0,3332.2,640.0,4856.0,320.0,61894.7,40.0,40355452.0,2,,,,,,
11/066,2011-06-04,7.0,8.0,33.0,36.0,46.0,49.0,18.0,7,2.0,4.0,3.0,3.0,2.0,0.0,0.0,2.0,2.0,1.0,20025210.0,1.0,2050550.0,91.0,60080.0,184.0,9600.0,3836.4,640.0,5598.3,320.0,72188.4,40.0,44301987.0,7,,,,,,
11/067,2011-06-07,22.0,24.0,33.0,36.0,42.0,49.0,38.0,"33,36,49",2.0,4.0,2.0,4.0,0.0,0.0,2.0,2.0,2.0,2.0,25535270.0,5.0,871360.0,149.0,77970.0,398.0,9600.0,7974.5,640.0,10592.7,320.0,142444.9,40.0,92463430.0,22,,,,,,
11/068,2011-06-09,3.0,5.0,6.0,15.0,39.0,42.0,35.0,42,4.0,2.0,4.0,2.0,3.0,1.0,0.0,1.0,1.0,0.0,0.0,0.5,666255.0,48.5,73260.0,153.0,9600.0,3205.2,640.0,5175.8,320.0,63588.0,40.0,32373901.0,3,,,,,,
11/069,2011-06-12,1.0,4.0,13.0,17.0,35.0,44.0,22.0,,4.0,2.0,4.0,2.0,2.0,2.0,0.0,1.0,1.0,0.5,6990685.0,1.0,1771700.0,59.0,80070.0,200.0,9600.0,3434.2,640.0,5474.5,320.0,63047.0,40.0,39576203.0,1,,,,,,
11/070,2011-06-14,12.0,13.0,19.0,22.0,39.0,48.0,46.0,13,4.0,2.0,3.0,3.0,0.0,3.0,1.0,1.0,1.0,0.0,0.0,0.0,0.0,43.5,108980.0,99.0,9600.0,2856.6,640.0,2826.0,320.0,58276.7,40.0,35255320.0,12,,,,,,
11/071,2011-06-16,4.0,12.0,26.0,44.0,47.0,48.0,2.0,"12,48",2.0,4.0,1.0,5.0,1.0,1.0,1.0,0.0,3.0,0.0,0.0,0.0,0.0,52.0,109730.0,121.0,9600.0,3092.5,640.0,4305.2,320.0,58409.8,40.0,41724340.0,4,,,,,,
11/072,2011-06-18,14.0,16.0,38.0,44.0,48.0,49.0,39.0,"44,48",2.0,4.0,1.0,5.0,0.0,2.0,0.0,1.0,3.0,1.0,29300180.0,1.0,2213070.0,52.5,112410.0,233.5,9600.0,3262.0,640.0,6145.2,320.0,62914.9,40.0,46343205.0,14,,,,,,
11/073,2011-06-21,9.0,10.0,16.0,21.0,32.0,47.0,38.0,16,4.0,2.0,3.0,3.0,2.0,1.0,1.0,1.0,1.0,0.0,0.0,1.0,1546990.0,52.5,78570.0,131.0,9600.0,2981.5,640.0,3431.3,320.0,55592.8,40.0,33001451.0,9,,,,,,
11/074,2011-06-23,2.0,15.0,27.0,32.0,43.0,49.0,42.0,32,2.0,4.0,4.0,2.0,1.0,1.0,1.0,1.0,2.0,0.0,0.0,0.0,0.0,30.0,175420.0,83.5,9600.0,2004.5,640.0,2966.5,320.0,42502.9,40.0,35540886.0,2,,,,,,
11/075,2011-06-25,4.0,23.0,24.0,30.0,34.0,45.0,19.0,,3.0,3.0,2.0,4.0,1.0,0.0,3.0,1.0,1.0,0.0,0.0,2.5,717760.0,88.5,54060.0,189.0,9600.0,3925.2,640.0,4575.0,320.0,65066.6,40.0,39887175.0,4,,,,,,
11/076,2011-06-28,4.0,15.0,17.0,43.0,45.0,47.0,38.0,"4,45",3.0,3.0,5.0,1.0,1.0,2.0,0.0,0.0,3.0,0.0,0.0,0.0,0.0,80.5,85190.0,156.0,9600.0,3339.5,640.0,4524.5,320.0,64150.5,40.0,49056896.0,4,,,,,,
11/077,2011-06-30,10.0,20.0,40.0,46.0,48.0,49.0,13.0,,2.0,4.0,1.0,5.0,1.0,1.0,0.0,1.0,3.0,0.0,0.0,4.5,564600.0,235.5,28760.0,250.0,9600.0,6420.5,640.0,6538.7,320.0,94995.6,40.0,57434811.0,10,,,,,,
11/078,2011-07-02,5.0,13.0,31.0,33.0,34.0,35.0,27.0,,2.0,4.0,5.0,1.0,1.0,1.0,0.0,4.0,0.0,0.0,0.0,2.5,1131710.0,124.5,60600.0,275.9,9600.0,6130.7,640.0,7511.9,320.0,100801.3,40.0,62473042.0,5,,,,,,
11/079,2011-07-05,9.0,16.0,22.0,28.0,30.0,32.0,37.0,,3.0,3.0,1.0,5.0,1.0,1.0,3.0,1.0,0.0,1.0,59028690.0,5.5,688090.0,211.2,47780.0,452.0,9600.0,10820.7,640.0,11120.2,320.0,180188.4,40.0,92140292.0,9,,,,,,
11/080,2011-07-07,10.0,14.0,29.0,35.0,40.0,46.0,30.0,,2.0,4.0,2.0,4.0,1.0,1.0,1.0,2.0,1.0,0.0,0.0,1.5,1059450.0,30.0,141260.0,114.5,9600.0,1912.2,640.0,3574.2,320.0,37587.8,40.0,30764033.0,10,,,,,,
11/081,2011-07-09,1.0,10.0,11.0,13.0,42.0,48.0,15.0,10,4.0,2.0,3.0,3.0,2.0,2.0,0.0,0.0,2.0,1.0,12825790.0,0.0,0.0,52.0,82490.0,127.5,9600.0,3332.2,640.0,4608.0,320.0,65534.0,40.0,35624330.0,1,,,,,,
11/082,2011-07-12,16.0,18.0,28.0,33.0,41.0,45.0,29.0,,2.0,4.0,3.0,3.0,0.0,2.0,1.0,1.0,2.0,0.0,0.0,1.0,1695150.0,35.5,127330.0,133.5,9600.0,2521.0,640.0,3454.1,320.0,48932.8,40.0,34030400.0,16,,,,,,
11/083,2011-07-14,11.0,13.0,33.0,37.0,45.0,48.0,36.0,"33,45",2.0,4.0,5.0,1.0,0.0,2.0,0.0,2.0,2.0,1.0,13699280.0,1.5,1266500.0,43.0,117810.0,88.0,9600.0,2624.2,640.0,3764.9,320.0,52465.8,40.0,36565480.0,11,,,,,,
11/084,2011-07-16,11.0,17.0,20.0,31.0,48.0,49.0,35.0,"11,48",3.0,3.0,4.0,2.0,0.0,3.0,0.0,1.0,2.0,0.0,0.0,0.0,0.0,40.0,96840.0,105.0,9600.0,2204.5,640.0,2913.9,320.0,42190.2,40.0,29039326.0,11,,,,,,
11/085,2011-07-19,3.0,10.0,31.0,40.0,41.0,43.0,20.0,31,2.0,4.0,4.0,2.0,2.0,0.0,0.0,2.0,2.0,0.0,0.0,4.0,982970.0,103.0,101790.0,393.5,9600.0,5766.0,640.0,9673.3,320.0,113986.1,40.0,81348033.0,3,,,,,,
11/086,2011-07-21,6.0,18.0,26.0,28.0,30.0,49.0,22.0,,2.0,4.0,1.0,5.0,1.0,1.0,3.0,0.0,1.0,0.0,0.0,5.5,621420.0,117.0,77890.0,472.5,9600.0,8037.2,640.0,12945.4,320.0,142921.9,40.0,82552099.0,6,,,,,,
11/087,2011-07-24,7.0,8.0,27.0,29.0,37.0,48.0,21.0,,2.0,4.0,4.0,2.0,2.0,0.0,2.0,1.0,1.0,0.5,31436560.0,7.0,515420.0,328.0,29330.0,656.0,9600.0,14477.3,640.0,16149.6,320.0,211410.3,40.0,102999064.0,7,,,,,,
11/088,2011-07-26,15.0,25.0,26.0,34.0,35.0,41.0,10.0,,1.0,5.0,4.0,2.0,0.0,1.0,2.0,2.0,1.0,0.0,0.0,2.0,1554160.0,111.5,74330.0,304.0,9600.0,6084.4,640.0,8589.0,320.0,105824.2,40.0,67713944.0,15,,,,,,
11/089,2011-07-28,11.0,21.0,30.0,36.0,42.0,47.0,34.0,,2.0,4.0,3.0,3.0,0.0,1.0,2.0,1.0,2.0,1.5,34706930.0,0.0,0.0,110.0,91300.0,211.0,9600.0,5945.7,640.0,6136.7,320.0,112311.2,40.0,73849714.0,11,,,,,,
11/090,2011-07-30,6.0,29.0,44.0,45.0,46.0,47.0,30.0,47,1.0,5.0,3.0,3.0,1.0,0.0,1.0,0.0,4.0,0.0,0.0,2.5,678300.0,50.5,89540.0,114.5,9600.0,3040.5,640.0,3148.0,320.0,42312.5,40.0,33644596.0,6,,,,,,
11/091,2011-08-02,11.0,14.0,21.0,24.0,25.0,47.0,36.0,47,4.0,2.0,4.0,2.0,0.0,2.0,3.0,0.0,1.0,0.0,0.0,2.0,1115610.0,58.0,102580.0,173.0,9600.0,3000.9,640.0,4865.2,320.0,61113.7,40.0,44312716.0,11,,,,,,
11/092,2011-08-04,2.0,11.0,25.0,32.0,34.0,39.0,31.0,"11,25",2.0,4.0,3.0,3.0,1.0,1.0,1.0,3.0,0.0,0.0,0.0,0.0,0.0,49.5,133000.0,138.2,9600.0,3028.6,640.0,4500.2,320.0,63926.2,40.0,46944341.0,2,,,,,,
11/093,2011-08-06,9.0,30.0,31.0,34.0,42.0,45.0,24.0,34,1.0,5.0,3.0,3.0,1.0,0.0,1.0,2.0,2.0,0.0,0.0,1.0,2618560.0,48.0,145470.0,160.0,9600.0,3644.0,640.0,5289.9,320.0,78366.3,40.0,51628156.0,9,,,,,,
11/094,2011-08-09,5.0,6.0,11.0,25.0,45.0,48.0,34.0,45,3.0,3.0,4.0,2.0,2.0,1.0,1.0,0.0,2.0,0.0,0.0,2.5,861530.0,185.0,31040.0,516.5,9600.0,9338.7,640.0,11160.7,320.0,136367.2,40.0,66185681.0,5,,,,,,
11/095,2011-08-11,4.0,6.0,7.0,25.0,35.0,37.0,48.0,"6,25",3.0,3.0,4.0,2.0,3.0,0.0,1.0,2.0,0.0,2.0,24932880.0,3.0,1125040.0,141.5,63600.0,300.0,9600.0,6830.8,640.0,9858.5,320.0,131817.8,40.0,74824663.0,4,,,,,,
11/096,2011-08-13,11.0,18.0,23.0,31.0,37.0,49.0,10.0,37,3.0,3.0,5.0,1.0,0.0,2.0,1.0,2.0,1.0,0.0,0.0,0.5,739620.0,59.0,66850.0,130.0,9600.0,2273.7,640.0,3911.8,320.0,44606.3,40.0,30696647.0,11,,,,,,
11/097,2011-08-16,5.0,8.0,9.0,10.0,22.0,38.0,7.0,,5.0,1.0,2.0,4.0,4.0,0.0,1.0,1.0,0.0,0.0,0.0,8.5,112830.0,227.5,19200.0,644.0,9600.0,9047.8,640.0,12558.2,320.0,115971.8,40.0,41740730.0,5,,,,,,
11/098,2011-08-18,5.0,14.0,17.0,43.0,45.0,49.0,12.0,5,3.0,3.0,5.0,1.0,1.0,2.0,0.0,0.0,3.0,0.0,0.0,1.0,2484210.0,58.0,114210.0,130.0,9600.0,2690.5,640.0,4033.5,320.0,56890.2,40.0,45806753.0,5,,,,,,
11/099,2011-08-20,13.0,15.0,17.0,23.0,26.0,47.0,1.0,17,4.0,2.0,5.0,1.0,0.0,3.0,2.0,0.0,1.0,0.0,0.0,1.5,1595420.0,72.0,88630.0,162.5,9600.0,3552.4,640.0,5449.0,320.0,70350.2,40.0,48006147.0,13,,,,,,
11/100,2011-08-23,11.0,24.0,25.0,36.0,41.0,45.0,40.0,,2.0,4.0,4.0,2.0,0.0,1.0,2.0,1.0,2.0,0.0,0.0,1.5,1757190.0,123.0,57140.0,254.0,9600.0,6363.0,640.0,6088.1,320.0,113849.4,40.0,59856919.0,11,,,,,,
11/101,2011-08-25,6.0,10.0,17.0,20.0,25.0,28.0,2.0,25,4.0,2.0,2.0,4.0,2.0,2.0,2.0,0.0,0.0,1.0,42179490.0,1.0,2674340.0,151.2,47160.0,365.5,9600.0,6689.0,640.0,9962.9,320.0,119097.7,40.0,65433423.0,6,,,,,,
11/102,2011-08-27,9.0,10.0,19.0,27.0,29.0,45.0,30.0,10,3.0,3.0,5.0,1.0,2.0,1.0,2.0,0.0,1.0,0.5,4000000.0,4.0,215390.0,82.5,27840.0,332.7,9600.0,4622.9,640.0,6457.7,320.0,67030.3,40.0,29222198.0,9,,,,,,
11/103,2011-08-30,9.0,15.0,24.0,46.0,48.0,49.0,6.0,9,3.0,3.0,3.0,3.0,1.0,1.0,1.0,0.0,3.0,1.5,5440250.0,1.0,1386790.0,56.0,66030.0,296.0,9600.0,3029.5,640.0,6829.2,320.0,58652.9,40.0,36058501.0,9,,,,,,
11/104,2011-09-02,2.0,29.0,33.0,34.0,44.0,49.0,42.0,49,1.0,5.0,3.0,3.0,1.0,0.0,1.0,2.0,2.0,0.0,0.0,0.0,0.0,36.0,140830.0,88.5,9600.0,1948.5,640.0,2962.0,320.0,43216.4,40.0,34633979.0,2,,,,,,
11/105,2011-09-04,4.0,18.0,21.0,22.0,39.0,46.0,29.0,,4.0,2.0,2.0,4.0,1.0,1.0,2.0,1.0,1.0,0.0,0.0,0.5,862495.0,80.0,57490.0,119.5,9600.0,3222.5,640.0,3344.7,320.0,56561.2,40.0,35517904.0,4,,,,,,
11/106,2011-09-06,1.0,4.0,7.0,21.0,23.0,44.0,17.0,"4,21",5.0,1.0,4.0,2.0,3.0,0.0,2.0,0.0,1.0,1.5,13684200.0,2.0,764580.0,115.5,35300.0,369.9,9600.0,5253.0,640.0,7169.1,320.0,79950.2,40.0,43718081.0,1,,,,,,
11/107,2011-09-08,14.0,18.0,22.0,30.0,39.0,44.0,32.0,44,3.0,3.0,1.0,5.0,0.0,2.0,2.0,1.0,1.0,0.0,0.0,0.0,0.0,51.5,87910.0,100.0,9600.0,2075.0,640.0,2823.7,320.0,40632.5,40.0,31954366.0,14,,,,,,
11/108,2011-09-10,15.0,19.0,36.0,44.0,45.0,49.0,16.0,44,2.0,4.0,4.0,2.0,0.0,2.0,0.0,1.0,3.0,0.0,0.0,0.0,0.0,39.0,135310.0,117.5,9600.0,2589.5,640.0,3887.2,320.0,53931.3,40.0,38305066.0,15,,,,,,
11/109,2011-09-13,11.0,13.0,16.0,19.0,28.0,46.0,22.0,19,4.0,2.0,3.0,3.0,0.0,4.0,1.0,0.0,1.0,0.0,0.0,2.5,2082880.0,168.0,82650.0,438.0,9600.0,9701.7,640.0,13919.9,320.0,185541.9,40.0,111922296.0,11,,,,,,
11/110,2011-09-15,5.0,7.0,13.0,29.0,41.0,49.0,25.0,13,3.0,3.0,6.0,0.0,2.0,1.0,1.0,0.0,2.0,0.5,34965495.0,2.0,2384890.0,163.5,77790.0,373.5,9600.0,7809.7,640.0,11555.7,320.0,150190.3,40.0,98579063.0,5,,,,,,
11/111,2011-09-17,6.0,12.0,14.0,25.0,35.0,43.0,42.0,,3.0,3.0,3.0,3.0,1.0,2.0,1.0,1.0,1.0,1.0,43796810.0,0.0,0.0,109.0,72010.0,270.5,9600.0,5604.7,640.0,7957.4,320.0,107576.4,40.0,64072858.0,6,,,,,,
11/112,2011-09-20,10.0,27.0,33.0,40.0,47.0,48.0,13.0,,1.0,5.0,3.0,3.0,1.0,0.0,1.0,2.0,2.0,0.5,4054320.0,5.0,344320.0,97.0,47320.0,127.0,9600.0,3466.0,640.0,3886.0,320.0,57690.3,40.0,36298504.0,10,,,,,,
11/113,2011-09-22,8.0,10.0,19.0,27.0,39.0,44.0,6.0,"10,27",3.0,3.0,3.0,3.0,2.0,1.0,1.0,1.0,1.0,0.0,0.0,0.5,793480.0,37.0,114370.0,164.5,9600.0,2907.4,640.0,4982.6,320.0,54760.6,40.0,34909079.0,8,,,,,,
11/114,2011-09-24,6.0,16.0,18.0,28.0,34.0,40.0,38.0,,3.0,3.0,0.0,6.0,1.0,2.0,1.0,2.0,0.0,0.0,0.0,1.0,1738760.0,53.2,87150.0,186.4,9600.0,3115.5,640.0,6296.2,320.0,58703.9,40.0,38674999.0,6,,,,,,
11/115,2011-09-27,4.0,22.0,23.0,37.0,40.0,49.0,13.0,40,3.0,3.0,3.0,3.0,1.0,0.0,2.0,2.0,1.0,0.0,0.0,1.5,1384210.0,51.5,107510.0,408.5,9600.0,3502.4,640.0,5637.3,320.0,66973.3,40.0,47883595.0,4,,,,,,
11/116,2011-10-02,9.0,14.0,22.0,37.0,41.0,45.0,5.0,"22,37",3.0,3.0,4.0,2.0,1.0,1.0,1.0,1.0,2.0,1.0,29904680.0,1.5,1966830.0,79.0,99580.0,229.5,9600.0,4525.2,640.0,7294.7,320.0,86050.7,40.0,60165159.0,9,,,,,,
11/117,2011-10-04,1.0,4.0,9.0,15.0,37.0,39.0,47.0,"9,37",4.0,2.0,5.0,1.0,3.0,1.0,0.0,2.0,0.0,0.0,0.0,4.0,329410.0,62.5,56220.0,130.5,9600.0,3451.5,640.0,3309.5,320.0,61642.8,40.0,30814243.0,1,,,,,,
11/118,2011-10-08,4.0,8.0,24.0,26.0,37.0,41.0,33.0,"4,37",3.0,3.0,2.0,4.0,2.0,0.0,2.0,1.0,1.0,0.0,0.0,1.5,1484360.0,53.0,112020.0,151.2,9600.0,3371.7,640.0,4655.2,320.0,66920.9,40.0,44606687.0,4,,,,,,
11/119,2011-10-11,2.0,6.0,22.0,25.0,33.0,39.0,46.0,,3.0,3.0,3.0,3.0,2.0,0.0,2.0,2.0,0.0,0.0,0.0,2.5,772640.0,109.2,47170.0,202.5,9600.0,5404.0,640.0,5120.5,320.0,89772.9,40.0,45894566.0,2,,,,,,
11/120,2011-10-13,2.0,8.0,28.0,30.0,33.0,40.0,23.0,"2,33",2.0,4.0,1.0,5.0,2.0,0.0,2.0,2.0,0.0,0.0,0.0,0.0,0.0,94.5,57120.0,267.5,9600.0,4664.8,640.0,6814.6,320.0,82660.2,40.0,47908626.0,2,,,,,,
11/121,2011-10-15,11.0,24.0,28.0,37.0,41.0,43.0,13.0,28,2.0,4.0,4.0,2.0,0.0,1.0,2.0,1.0,2.0,0.0,0.0,1.0,2687190.0,56.5,126820.0,208.5,9600.0,3669.0,640.0,5919.0,320.0,72269.0,40.0,53372245.0,11,,,,,,
11/122,2011-10-18,4.0,9.0,23.0,37.0,47.0,48.0,14.0,37,3.0,3.0,4.0,2.0,2.0,0.0,1.0,1.0,2.0,3.5,13198120.0,2.0,1365730.0,135.5,60470.0,364.0,9600.0,7455.0,640.0,9445.2,320.0,125195.0,40.0,71866623.0,4,,,,,,
11/123,2011-10-20,2.0,16.0,23.0,32.0,34.0,35.0,40.0,23,3.0,3.0,2.0,4.0,1.0,1.0,1.0,3.0,0.0,0.0,0.0,0.0,0.0,31.7,132810.0,70.2,9600.0,2216.1,640.0,2510.4,320.0,42085.6,40.0,29899395.0,2,,,,,,
11/124,2011-10-22,1.0,11.0,18.0,20.0,26.0,30.0,47.0,,4.0,2.0,2.0,4.0,1.0,3.0,2.0,0.0,0.0,0.0,0.0,0.5,790675.0,70.5,59810.0,103.5,9600.0,3956.8,640.0,3146.5,320.0,69327.0,40.0,34983206.0,1,,,,,,
11/125,2011-10-25,17.0,22.0,26.0,27.0,29.0,35.0,44.0,26,2.0,4.0,4.0,2.0,0.0,1.0,4.0,1.0,0.0,1.5,27560740.0,4.5,840080.0,133.5,75510.0,378.0,9600.0,7066.7,640.0,9858.4,320.0,131947.0,40.0,81998348.0,17,,,,,,
11/126,2011-10-27,1.0,9.0,22.0,43.0,46.0,48.0,49.0,22,3.0,3.0,3.0,3.0,2.0,0.0,1.0,0.0,3.0,0.0,0.0,1.0,1199100.0,46.5,68760.0,227.0,9600.0,2347.0,640.0,6563.0,320.0,45874.4,40.0,30372377.0,1,,,,,,
11/127,2011-10-29,5.0,12.0,15.0,17.0,18.0,39.0,47.0,,5.0,1.0,4.0,2.0,1.0,4.0,0.0,1.0,0.0,0.0,0.0,1.0,1654220.0,38.5,114570.0,104.0,9600.0,3130.9,640.0,3313.0,320.0,58184.2,40.0,34275117.0,5,,,,,,
11/128,2011-11-01,8.0,15.0,19.0,21.0,24.0,44.0,10.0,15,5.0,1.0,3.0,3.0,1.0,2.0,2.0,0.0,1.0,0.0,0.0,2.5,868060.0,62.5,92590.0,219.5,9600.0,3419.2,640.0,6475.9,320.0,68364.8,40.0,46298012.0,8,,,,,,
11/129,2011-11-03,1.0,3.0,21.0,34.0,41.0,44.0,43.0,"21,44",3.0,3.0,4.0,2.0,2.0,0.0,1.0,1.0,2.0,0.0,0.0,0.0,0.0,50.0,134720.0,137.0,9600.0,3191.5,640.0,4815.0,320.0,65921.9,40.0,48225209.0,1,,,,,,
11/130,2011-11-06,1.0,3.0,7.0,11.0,16.0,34.0,49.0,"1,3,34",5.0,1.0,4.0,2.0,3.0,2.0,0.0,1.0,0.0,0.0,0.0,1.0,2285890.0,140.5,43380.0,219.0,9600.0,8000.5,640.0,7170.5,320.0,125912.9,40.0,57963521.0,1,,,,,,
11/131,2011-11-08,2.0,23.0,30.0,34.0,40.0,42.0,48.0,34,2.0,4.0,1.0,5.0,1.0,0.0,2.0,2.0,1.0,2.5,18800770.0,2.5,1408890.0,126.0,74540.0,217.0,9600.0,5180.2,640.0,6685.0,320.0,96810.9,40.0,68915150.0,2,,,,,,
11/132,2011-11-10,4.0,7.0,9.0,20.0,37.0,49.0,33.0,,4.0,2.0,4.0,2.0,3.0,1.0,0.0,1.0,1.0,0.0,0.0,2.0,544520.0,106.0,27390.0,167.0,9600.0,4402.4,640.0,4749.0,320.0,68575.1,40.0,30855328.0,4,,,,,,
11/133,2011-11-12,10.0,17.0,29.0,33.0,42.0,48.0,35.0,,2.0,4.0,3.0,3.0,1.0,1.0,1.0,1.0,2.0,0.0,0.0,0.0,0.0,44.0,109360.0,125.5,9600.0,2652.4,640.0,3399.7,320.0,52076.3,40.0,35727668.0,10,,,,,,
11/134,2011-11-15,7.0,11.0,14.0,25.0,26.0,30.0,29.0,,3.0,3.0,3.0,3.0,1.0,2.0,3.0,0.0,0.0,0.0,0.0,0.5,975180.0,107.0,48600.0,254.5,9600.0,5517.8,640.0,6648.0,320.0,93680.1,40.0,48402879.0,7,,,,,,
11/135,2011-11-17,3.0,6.0,23.0,24.0,42.0,44.0,35.0,,4.0,2.0,2.0,4.0,2.0,0.0,2.0,0.0,2.0,1.0,29149350.0,0.0,0.0,71.5,88330.0,177.0,9600.0,4624.7,640.0,5667.8,320.0,85470.8,40.0,50448764.0,3,,,,,,
11/136,2011-11-19,10.0,12.0,13.0,14.0,22.0,47.0,21.0,,5.0,1.0,2.0,4.0,1.0,3.0,1.0,0.0,1.0,0.0,0.0,0.0,0.0,45.0,82500.0,127.5,9600.0,2693.6,640.0,4111.6,320.0,51700.9,40.0,30613702.0,10,,,,,,
11/137,2011-11-22,7.0,21.0,24.0,31.0,43.0,47.0,5.0,47,3.0,3.0,5.0,1.0,1.0,0.0,2.0,1.0,2.0,0.0,0.0,0.0,0.0,48.5,115970.0,137.0,9600.0,3241.5,640.0,4366.2,320.0,59141.5,40.0,41861269.0,7,,,,,,
11/138,2011-11-24,3.0,5.0,19.0,35.0,38.0,41.0,32.0,,3.0,3.0,5.0,1.0,2.0,1.0,0.0,2.0,1.0,0.0,0.0,3.0,762020.0,50.5,120710.0,165.0,9600.0,3696.2,640.0,4897.1,320.0,69803.5,40.0,46401264.0,3,,,,,,
11/139,2011-11-26,4.0,22.0,33.0,39.0,42.0,47.0,14.0,,2.0,4.0,3.0,3.0,1.0,0.0,1.0,2.0,2.0,0.0,0.0,3.0,762140.0,79.5,76690.0,213.5,9600.0,4614.5,640.0,5470.5,320.0,79766.8,40.0,49434499.0,4,,,,,,
11/140,2011-11-29,3.0,6.0,13.0,37.0,40.0,42.0,29.0,42,3.0,3.0,3.0,3.0,2.0,1.0,0.0,2.0,1.0,0.0,0.0,2.0,1670720.0,100.5,88660.0,238.5,9600.0,5179.0,640.0,7464.8,320.0,102751.2,40.0,67745359.0,3,,,,,,
11/141,2011-12-01,1.0,3.0,8.0,22.0,28.0,33.0,5.0,3,4.0,2.0,3.0,3.0,3.0,0.0,2.0,1.0,0.0,3.0,15576820.0,16.5,104220.0,432.0,19200.0,933.9,9600.0,13585.6,640.0,17468.7,320.0,179632.6,40.0,77194239.0,1,,,,,,
11/142,2011-12-03,2.0,3.0,9.0,18.0,23.0,37.0,31.0,3,5.0,1.0,4.0,2.0,3.0,1.0,1.0,1.0,0.0,0.0,0.0,1.5,627440.0,95.7,26220.0,159.5,9600.0,4712.8,640.0,3846.4,320.0,71951.4,40.0,28798685.0,2,,,,,,
11/143,2011-12-06,1.0,2.0,5.0,6.0,11.0,43.0,25.0,2,5.0,1.0,4.0,2.0,4.0,1.0,0.0,0.0,1.0,0.0,0.0,2.5,474180.0,152.5,20720.0,361.7,9600.0,8501.9,640.0,7929.8,320.0,99714.7,40.0,40206868.0,1,,,,,,
11/144,2011-12-08,5.0,20.0,22.0,28.0,36.0,48.0,1.0,5,3.0,3.0,1.0,5.0,1.0,1.0,2.0,1.0,1.0,0.5,8826675.0,2.5,812930.0,89.5,60550.0,192.0,9600.0,3690.3,640.0,5633.1,320.0,70699.5,40.0,43934065.0,5,,,,,,
11/145,2011-12-10,3.0,14.0,21.0,25.0,27.0,42.0,34.0,,3.0,3.0,4.0,2.0,1.0,1.0,3.0,0.0,1.0,0.0,0.0,2.5,638960.0,47.0,90630.0,156.5,9600.0,3027.5,640.0,3735.8,320.0,56366.0,40.0,34430922.0,3,,,,,,
11/146,2011-12-13,3.0,25.0,32.0,36.0,38.0,40.0,31.0,"3,25",1.0,5.0,2.0,4.0,1.0,0.0,1.0,4.0,0.0,0.0,0.0,1.5,1540130.0,56.0,110000.0,158.0,9600.0,3182.6,640.0,4460.2,320.0,61366.4,40.0,45111327.0,3,,,,,,
11/147,2011-12-15,9.0,21.0,29.0,34.0,43.0,47.0,32.0,,2.0,4.0,5.0,1.0,1.0,0.0,2.0,1.0,2.0,0.0,0.0,2.0,1220960.0,66.0,98660.0,141.5,9600.0,3797.0,640.0,4362.4,320.0,68956.5,40.0,47837502.0,9,,,,,,
11/148,2011-12-18,1.0,2.0,23.0,35.0,38.0,46.0,5.0,,3.0,3.0,3.0,3.0,2.0,0.0,1.0,2.0,1.0,1.0,35865290.0,0.0,0.0,77.0,92230.0,207.5,9600.0,4221.0,640.0,6823.1,320.0,79880.1,40.0,54784706.0,1,,,,,,
11/149,2011-12-20,26.0,29.0,31.0,37.0,43.0,49.0,2.0,,0.0,6.0,5.0,1.0,0.0,0.0,2.0,2.0,2.0,1.0,54829860.0,0.0,0.0,153.5,85870.0,267.5,9600.0,6938.0,640.0,8914.5,320.0,130891.0,40.0,95020661.0,26,,,,,,
11/150,2011-12-22,5.0,16.0,18.0,28.0,37.0,49.0,24.0,"37,49",3.0,3.0,3.0,3.0,1.0,2.0,1.0,1.0,1.0,0.0,0.0,0.5,799015.0,33.5,127200.0,128.0,9600.0,2620.9,640.0,3265.0,320.0,49474.3,40.0,32661416.0,5,,,,,,
11/151,2011-12-24,1.0,4.0,17.0,24.0,27.0,43.0,41.0,,4.0,2.0,4.0,2.0,2.0,1.0,2.0,0.0,1.0,1.0,15727140.0,2.0,865120.0,110.5,41750.0,125.5,9600.0,3906.0,640.0,3758.2,320.0,68658.0,40.0,37647017.0,1,,,,,,
11/152,2011-12-26,8.0,30.0,31.0,37.0,38.0,48.0,5.0,,1.0,5.0,2.0,4.0,1.0,0.0,1.0,3.0,1.0,0.0,0.0,1.0,1083590.0,45.0,64210.0,91.5,9600.0,2072.4,640.0,3323.2,320.0,39566.5,40.0,23683821.0,8,,,,,,
11/153,2011-12-29,7.0,10.0,21.0,23.0,29.0,39.0,1.0,,4.0,2.0,5.0,1.0,2.0,0.0,3.0,1.0,0.0,0.0,0.0,4.0,392180.0,77.5,53970.0,247.0,9600.0,4465.3,640.0,7141.8,320.0,78669.6,40.0,41025568.0,7,,,,,,
11/154,2011-12-31,2.0,3.0,27.0,40.0,44.0,49.0,38.0,,2.0,4.0,3.0,3.0,2.0,0.0,1.0,1.0,2.0,0.5,9383515.0,4.0,505060.0,54.5,98850.0,258.5,9600.0,3128.0,640.0,4787.8,320.0,64590.9,40.0,43332819.0,2,,,,,,
12/001,2012-01-03,5.0,12.0,31.0,34.0,37.0,45.0,10.0,,2.0,4.0,4.0,2.0,1.0,1.0,0.0,3.0,1.0,0.0,0.0,1.0,1964300.0,65.5,79970.0,152.0,9600.0,3412.0,640.0,4496.4,320.0,69170.6,40.0,41183501.0,5,,,,,,
12/002,2012-01-05,9.0,11.0,33.0,43.0,46.0,48.0,2.0,,2.0,4.0,4.0,2.0,1.0,1.0,0.0,1.0,3.0,0.0,0.0,1.0,1964960.0,74.5,70330.0,139.5,9600.0,4640.5,640.0,4728.7,320.0,80542.9,40.0,43406215.0,9,,,,,,
12/003,2012-01-07,3.0,7.0,10.0,31.0,32.0,35.0,30.0,,3.0,3.0,4.0,2.0,3.0,0.0,0.0,3.0,0.0,1.0,26778550.0,3.0,623020.0,98.0,50850.0,267.5,9600.0,5259.4,640.0,7572.8,320.0,92715.1,40.0,47701437.0,3,,,,,,
12/004,2012-01-10,3.0,20.0,26.0,31.0,32.0,35.0,12.0,"3,31,32,35",2.0,4.0,3.0,3.0,1.0,1.0,1.0,3.0,0.0,0.0,0.0,0.0,0.0,34.0,133390.0,157.7,9600.0,2749.0,640.0,4178.8,320.0,45826.7,40.0,35006668.0,3,,,,,,
12/005,2012-01-12,15.0,27.0,32.0,36.0,44.0,48.0,47.0,32,1.0,5.0,2.0,4.0,0.0,1.0,1.0,2.0,2.0,0.0,0.0,0.5,1042615.0,39.0,142580.0,134.0,9600.0,2514.2,640.0,3581.5,320.0,48692.6,40.0,39381002.0,15,,,,,,
12/006,2012-01-14,10.0,13.0,20.0,24.0,29.0,36.0,14.0,36,4.0,2.0,2.0,4.0,1.0,2.0,2.0,1.0,0.0,1.0,23378770.0,4.0,531630.0,53.0,106990.0,159.0,9600.0,3320.0,640.0,4645.8,320.0,65235.4,40.0,43197007.0,10,,,,,,
12/007,2012-01-17,16.0,23.0,24.0,35.0,36.0,44.0,1.0,"24,36",3.0,3.0,2.0,4.0,0.0,1.0,2.0,2.0,1.0,0.0,0.0,2.5,694450.0,43.0,107660.0,134.0,9600.0,2598.8,640.0,3684.4,320.0,47803.3,40.0,34740268.0,16,,,,,,
12/008,2012-01-19,1.0,2.0,14.0,18.0,25.0,39.0,31.0,,4.0,2.0,3.0,3.0,2.0,2.0,1.0,1.0,0.0,0.0,0.0,1.0,1901120.0,53.0,95650.0,160.5,9600.0,3381.8,640.0,4156.9,320.0,66974.0,40.0,40077668.0,1,,,,,,
12/009,2012-01-22,10.0,14.0,18.0,20.0,34.0,47.0,41.0,"14,18",4.0,2.0,1.0,5.0,1.0,3.0,0.0,1.0,1.0,0.0,0.0,2.0,1304170.0,63.5,109530.0,125.0,9600.0,3827.2,640.0,3930.0,320.0,68298.4,40.0,49532713.0,10,,,,,,
12/010,2012-01-26,3.0,10.0,11.0,17.0,29.0,34.0,15.0,"10,34",4.0,2.0,4.0,2.0,2.0,2.0,1.0,1.0,0.0,0.0,0.0,4.5,1287450.0,227.5,67900.0,559.5,9600.0,12549.7,640.0,15222.8,320.0,226034.2,40.0,129184005.0,3,,,,,,
12/011,2012-01-31,22.0,27.0,28.0,29.0,42.0,46.0,49.0,29,1.0,5.0,2.0,4.0,0.0,0.0,4.0,0.0,2.0,1.0,86112100.0,6.5,1473400.0,306.0,83460.0,783.0,9600.0,17117.0,640.0,22847.0,320.0,320667.0,40.0,201428850.0,22,,,,,,
12/012,2012-02-02,14.0,20.0,21.0,38.0,45.0,46.0,47.0,46,3.0,3.0,2.0,4.0,0.0,2.0,1.0,1.0,2.0,0.0,0.0,0.0,0.0,39.0,127700.0,96.5,9600.0,2031.6,640.0,2649.5,320.0,39637.6,40.0,33968081.0,14,,,,,,
12/013,2012-02-04,6.0,12.0,16.0,20.0,27.0,38.0,7.0,"20,38",4.0,2.0,1.0,5.0,1.0,3.0,1.0,1.0,0.0,1.0,15171610.0,2.5,707180.0,63.0,74830.0,214.1,9600.0,3641.3,640.0,6199.8,320.0,67085.0,40.0,40750547.0,6,,,,,,
12/014,2012-02-07,11.0,16.0,30.0,34.0,41.0,45.0,47.0,16,2.0,4.0,3.0,3.0,0.0,2.0,1.0,1.0,2.0,0.0,0.0,3.0,700220.0,30.5,183660.0,71.5,9600.0,2205.6,640.0,2989.0,320.0,45478.6,40.0,37524293.0,11,,,,,,
12/015,2012-02-09,3.0,12.0,20.0,33.0,34.0,41.0,43.0,"34,41",3.0,3.0,3.0,3.0,1.0,2.0,0.0,2.0,1.0,0.0,0.0,2.5,792000.0,50.0,105600.0,165.0,9600.0,2992.7,640.0,4171.2,320.0,60684.1,40.0,40309262.0,3,,,,,,
12/016,2012-02-12,7.0,9.0,33.0,34.0,39.0,41.0,48.0,"33,34,41",2.0,4.0,5.0,1.0,2.0,0.0,0.0,3.0,1.0,0.5,10657530.0,2.5,983340.0,79.0,82980.0,149.5,9600.0,3898.3,640.0,4805.5,320.0,76404.5,40.0,49136937.0,7,,,,,,
12/017,2012-02-14,10.0,14.0,21.0,37.0,39.0,49.0,25.0,39,3.0,3.0,4.0,2.0,1.0,1.0,1.0,2.0,1.0,0.0,0.0,0.5,1049310.0,58.5,95660.0,160.0,9600.0,3589.7,640.0,4204.2,320.0,67152.1,40.0,43035930.0,10,,,,,,
12/018,2012-02-16,4.0,12.0,18.0,25.0,42.0,44.0,8.0,,3.0,3.0,1.0,5.0,1.0,2.0,1.0,0.0,2.0,1.0,24984050.0,0.0,0.0,64.5,96210.0,217.5,9600.0,3792.7,640.0,7440.3,320.0,73198.4,40.0,49764063.0,4,,,,,,
12/019,2012-02-18,5.0,12.0,16.0,17.0,41.0,46.0,15.0,12,4.0,2.0,3.0,3.0,1.0,3.0,0.0,0.0,2.0,0.0,0.0,0.0,0.0,34.5,130010.0,96.0,9600.0,2241.2,640.0,3806.1,320.0,45202.5,40.0,32786117.0,5,,,,,,
12/020,2012-02-21,1.0,11.0,12.0,15.0,35.0,49.0,17.0,12,4.0,2.0,5.0,1.0,1.0,3.0,0.0,1.0,1.0,0.0,0.0,4.5,429600.0,57.0,90440.0,191.5,9600.0,4259.6,640.0,5649.5,320.0,79730.6,40.0,43934272.0,1,,,,,,
12/021,2012-02-23,1.0,5.0,15.0,22.0,43.0,47.0,37.0,"1,15",4.0,2.0,5.0,1.0,2.0,1.0,1.0,0.0,2.0,0.0,0.0,0.5,1121240.0,71.5,83630.0,178.5,9600.0,3680.9,640.0,4730.8,320.0,74250.7,40.0,46262452.0,1,,,,,,
12/022,2012-02-25,12.0,14.0,24.0,26.0,27.0,49.0,22.0,,3.0,3.0,2.0,4.0,0.0,2.0,3.0,0.0,1.0,0.0,0.0,4.0,612980.0,63.5,102960.0,207.2,9600.0,3912.1,640.0,6017.8,320.0,76375.1,40.0,50808536.0,12,,,,,,
12/023,2012-02-28,8.0,9.0,24.0,28.0,37.0,49.0,47.0,"24,49",3.0,3.0,3.0,3.0,2.0,0.0,2.0,1.0,1.0,0.0,0.0,7.5,385790.0,125.0,61720.0,324.0,9600.0,6531.4,640.0,8179.0,320.0,125370.5,40.0,66889282.0,8,,,,,,
12/024,2012-03-01,25.0,30.0,31.0,34.0,40.0,47.0,13.0,,0.0,6.0,3.0,3.0,0.0,0.0,2.0,3.0,1.0,0.0,0.0,0.5,1897365.0,94.5,107080.0,327.5,9600.0,5434.4,640.0,10021.2,320.0,105730.7,40.0,77515307.0,25,,,,,,
12/025,2012-03-03,1.0,3.0,4.0,8.0,21.0,28.0,5.0,,5.0,1.0,3.0,3.0,4.0,0.0,2.0,0.0,0.0,2.5,24382980.0,17.0,162920.0,409.0,19200.0,1446.3,9600.0,16018.4,640.0,26301.1,320.0,209737.0,40.0,96315167.0,1,,,,,,
12/026,2012-03-06,3.0,7.0,28.0,31.0,33.0,36.0,32.0,"3,28",2.0,4.0,4.0,2.0,2.0,0.0,1.0,3.0,0.0,1.5,5333330.0,3.0,443570.0,87.5,40550.0,224.0,9600.0,4127.7,640.0,5684.4,320.0,69675.6,40.0,35457403.0,3,,,,,,
12/027,2012-03-08,3.0,5.0,9.0,17.0,35.0,36.0,43.0,"3,36",4.0,2.0,5.0,1.0,3.0,1.0,0.0,2.0,0.0,0.5,4000000.0,0.5,670725.0,89.0,40190.0,131.0,9600.0,4322.4,640.0,3589.0,320.0,72137.1,40.0,33121073.0,3,,,,,,
12/028,2012-03-11,10.0,23.0,33.0,39.0,42.0,48.0,34.0,,2.0,4.0,3.0,3.0,1.0,0.0,1.0,2.0,2.0,1.5,6523430.0,1.0,1704800.0,83.0,54770.0,133.5,9600.0,3544.0,640.0,3791.5,320.0,58389.2,40.0,36274165.0,10,,,,,,
12/029,2012-03-13,7.0,8.0,26.0,43.0,47.0,48.0,12.0,48,2.0,4.0,3.0,3.0,2.0,0.0,1.0,0.0,3.0,0.0,0.0,0.5,796095.0,57.0,74480.0,111.5,9600.0,2617.5,640.0,4072.5,320.0,49075.5,40.0,32733797.0,7,,,,,,
12/030,2012-03-15,4.0,28.0,31.0,34.0,48.0,49.0,6.0,48,1.0,5.0,2.0,4.0,1.0,0.0,1.0,2.0,2.0,0.0,0.0,0.0,0.0,44.0,115530.0,133.0,9600.0,3033.0,640.0,4238.0,320.0,60205.9,40.0,38792307.0,4,,,,,,
12/031,2012-03-17,4.0,6.0,13.0,18.0,23.0,45.0,15.0,4,5.0,1.0,3.0,3.0,2.0,2.0,1.0,0.0,1.0,0.0,0.0,0.0,0.0,73.0,73880.0,184.0,9600.0,3970.5,640.0,5040.2,320.0,74311.3,40.0,43909972.0,4,,,,,,
12/032,2012-03-20,11.0,13.0,18.0,29.0,44.0,46.0,37.0,"13,18",3.0,3.0,3.0,3.0,0.0,3.0,1.0,0.0,2.0,0.5,16666600.0,3.0,980110.0,81.0,96800.0,246.0,9600.0,4696.9,640.0,6171.4,320.0,88937.1,40.0,60075662.0,11,,,,,,
12/033,2012-03-22,2.0,35.0,38.0,47.0,48.0,49.0,41.0,,1.0,5.0,3.0,3.0,1.0,0.0,0.0,2.0,3.0,0.0,0.0,2.0,986420.0,74.0,71090.0,172.0,9600.0,5027.5,640.0,4787.5,320.0,73797.0,40.0,44084707.0,2,,,,,,
12/034,2012-03-24,3.0,23.0,32.0,35.0,43.0,49.0,34.0,"35,49",2.0,4.0,5.0,1.0,1.0,0.0,1.0,2.0,2.0,0.0,0.0,1.0,2225340.0,75.0,79120.0,208.5,9600.0,4200.5,640.0,6409.1,320.0,74589.8,40.0,48198800.0,3,,,,,,
12/035,2012-03-27,2.0,7.0,17.0,25.0,30.0,43.0,38.0,43,3.0,3.0,4.0,2.0,2.0,1.0,2.0,0.0,1.0,1.0,38292990.0,4.0,752650.0,69.9,114850.0,220.5,9600.0,4629.6,640.0,6071.1,320.0,92000.7,40.0,60663409.0,2,,,,,,
12/036,2012-03-29,10.0,16.0,21.0,28.0,29.0,31.0,8.0,,3.0,3.0,3.0,3.0,1.0,1.0,3.0,1.0,0.0,0.0,0.0,0.0,0.0,40.5,78040.0,231.2,9600.0,2853.9,640.0,6287.3,320.0,52807.9,40.0,31211076.0,10,,,,,,
12/037,2012-03-31,11.0,19.0,30.0,33.0,37.0,44.0,18.0,,2.0,4.0,4.0,2.0,0.0,2.0,1.0,2.0,1.0,0.0,0.0,1.0,1804510.0,59.5,80870.0,144.0,9600.0,3115.5,640.0,4273.3,320.0,56169.4,40.0,37426753.0,11,,,,,,
12/038,2012-04-03,20.0,21.0,28.0,44.0,46.0,47.0,42.0,44,2.0,4.0,2.0,4.0,0.0,1.0,2.0,0.0,3.0,0.5,24552305.0,2.5,2147280.0,121.0,118300.0,334.0,9600.0,6900.5,640.0,9958.5,320.0,137427.8,40.0,103026035.0,20,,,,,,
12/039,2012-04-05,13.0,15.0,17.0,18.0,41.0,45.0,14.0,,4.0,2.0,5.0,1.0,0.0,4.0,0.0,0.0,2.0,1.0,31456990.0,0.0,0.0,81.5,75300.0,385.2,9600.0,4161.5,640.0,5925.7,320.0,74540.9,40.0,52037809.0,13,,,,,,
12/040,2012-04-07,3.0,14.0,22.0,24.0,34.0,49.0,44.0,,4.0,2.0,2.0,4.0,1.0,1.0,2.0,1.0,1.0,0.0,0.0,1.5,727700.0,40.5,71870.0,307.0,9600.0,2654.5,640.0,4597.2,320.0,49861.8,40.0,29830321.0,3,,,,,,
12/041,2012-04-10,4.0,11.0,16.0,26.0,42.0,47.0,6.0,,3.0,3.0,2.0,4.0,1.0,2.0,1.0,0.0,2.0,0.0,0.0,1.0,1883740.0,49.0,102510.0,152.5,9600.0,3064.3,640.0,5648.5,320.0,58894.1,40.0,39608787.0,4,,,,,,
12/042,2012-04-12,2.0,11.0,16.0,17.0,25.0,28.0,41.0,"11,16",4.0,2.0,3.0,3.0,1.0,3.0,2.0,0.0,0.0,0.0,0.0,0.0,0.0,87.0,63980.0,133.5,9600.0,4284.4,640.0,4205.0,320.0,77767.0,40.0,44023673.0,2,,,,,,
12/043,2012-04-14,3.0,15.0,19.0,20.0,32.0,40.0,25.0,,4.0,2.0,3.0,3.0,1.0,3.0,0.0,2.0,0.0,0.0,0.0,1.0,2424350.0,65.7,98400.0,158.5,9600.0,3753.8,640.0,4756.6,320.0,70996.5,40.0,48234912.0,3,,,,,,
12/044,2012-04-17,6.0,7.0,17.0,19.0,35.0,46.0,4.0,19,4.0,2.0,4.0,2.0,2.0,2.0,0.0,1.0,1.0,0.0,0.0,3.5,774920.0,85.0,85080.0,302.0,9600.0,5236.1,640.0,8485.8,320.0,95741.1,40.0,60491095.0,6,,,,,,
12/045,2012-04-19,5.0,12.0,13.0,20.0,37.0,41.0,23.0,,4.0,2.0,4.0,2.0,1.0,3.0,0.0,1.0,1.0,0.0,0.0,1.5,2172280.0,74.0,117420.0,255.5,9600.0,5506.1,640.0,8566.7,320.0,105152.6,40.0,68139653.0,5,,,,,,
12/046,2012-04-22,1.0,3.0,11.0,21.0,41.0,42.0,2.0,41,4.0,2.0,5.0,1.0,2.0,1.0,1.0,0.0,2.0,1.5,35477960.0,10.0,201020.0,498.9,19200.0,781.6,9600.0,12272.1,640.0,13339.2,320.0,160505.3,40.0,84090395.0,1,,,,,,
12/047,2012-04-24,1.0,17.0,28.0,29.0,31.0,34.0,45.0,1,2.0,4.0,4.0,2.0,1.0,1.0,2.0,2.0,0.0,0.0,0.0,1.0,1631090.0,48.5,89680.0,79.5,9600.0,2471.9,640.0,2733.2,320.0,50900.9,40.0,31861666.0,1,,,,,,
12/048,2012-04-26,7.0,10.0,11.0,17.0,22.0,30.0,14.0,17,5.0,1.0,3.0,3.0,2.0,2.0,2.0,0.0,0.0,0.0,0.0,1.5,765450.0,125.5,24390.0,246.6,9600.0,5949.7,640.0,6149.1,320.0,89559.2,40.0,37290401.0,7,,,,,,
12/049,2012-04-28,11.0,17.0,19.0,20.0,29.0,32.0,38.0,"11,17",4.0,2.0,4.0,2.0,0.0,4.0,1.0,1.0,0.0,0.0,0.0,0.0,0.0,84.5,61040.0,136.0,9600.0,3946.8,640.0,4167.2,320.0,67778.3,40.0,40829811.0,11,,,,,,
12/050,2012-05-01,5.0,17.0,19.0,26.0,32.0,33.0,22.0,"17,19,32",3.0,3.0,4.0,2.0,1.0,2.0,1.0,2.0,0.0,0.0,0.0,1.0,2429840.0,96.0,67490.0,217.0,9600.0,4656.6,640.0,6453.0,320.0,83755.7,40.0,52369801.0,5,,,,,,
12/051,2012-05-03,2.0,20.0,28.0,46.0,47.0,49.0,3.0,,2.0,4.0,2.0,4.0,1.0,1.0,1.0,0.0,3.0,1.0,33911460.0,0.5,1239920.0,102.0,64830.0,347.0,9600.0,4980.5,640.0,9219.5,320.0,87086.2,40.0,57629143.0,2,,,,,,
12/052,2012-05-05,4.0,11.0,17.0,29.0,39.0,49.0,8.0,49,3.0,3.0,5.0,1.0,1.0,2.0,1.0,1.0,1.0,0.0,0.0,1.0,1212680.0,79.5,40670.0,175.0,9600.0,3648.0,640.0,4594.5,320.0,59653.2,40.0,31028197.0,4,,,,,,
12/053,2012-05-08,4.0,9.0,10.0,17.0,33.0,34.0,35.0,"4,17",4.0,2.0,3.0,3.0,3.0,1.0,0.0,2.0,0.0,0.0,0.0,2.0,881180.0,71.5,65720.0,206.0,9600.0,4336.3,640.0,5029.1,320.0,81912.1,40.0,41758827.0,4,,,,,,
12/054,2012-05-10,13.0,17.0,23.0,32.0,34.0,46.0,41.0,"17,34",3.0,3.0,3.0,3.0,0.0,2.0,1.0,2.0,1.0,0.0,0.0,2.5,895800.0,51.5,115960.0,143.5,9600.0,3304.1,640.0,4151.0,320.0,63773.8,40.0,44033536.0,13,,,,,,
12/055,2012-05-13,16.0,21.0,30.0,34.0,39.0,45.0,4.0,34,2.0,4.0,3.0,3.0,0.0,1.0,2.0,2.0,1.0,0.0,0.0,4.0,714770.0,68.5,111300.0,179.7,9600.0,3387.5,640.0,4703.5,320.0,65155.0,40.0,53611476.0,16,,,,,,
12/056,2012-05-15,5.0,14.0,16.0,22.0,23.0,33.0,32.0,16,5.0,1.0,3.0,3.0,1.0,2.0,2.0,1.0,0.0,0.0,0.0,5.5,421240.0,111.5,55410.0,355.2,9600.0,5586.9,640.0,8437.0,320.0,101615.2,40.0,56894756.0,5,,,,,,
12/057,2012-05-17,1.0,10.0,15.0,21.0,27.0,37.0,40.0,,4.0,2.0,5.0,1.0,2.0,1.0,2.0,1.0,0.0,1.5,29868930.0,1.0,3089990.0,149.0,55300.0,268.4,9600.0,6253.9,640.0,6961.2,320.0,115886.8,40.0,66813866.0,1,,,,,,
12/058,2012-05-20,3.0,17.0,23.0,26.0,41.0,47.0,33.0,,3.0,3.0,5.0,1.0,1.0,1.0,2.0,0.0,2.0,0.0,0.0,1.0,1387290.0,38.0,97350.0,143.5,9600.0,2620.0,640.0,4062.8,320.0,48666.5,40.0,30489776.0,3,,,,,,
12/059,2012-05-22,1.0,8.0,22.0,26.0,32.0,37.0,41.0,26,3.0,3.0,2.0,4.0,2.0,0.0,2.0,2.0,0.0,0.0,0.0,0.5,922920.0,75.0,65630.0,129.5,9600.0,3472.8,640.0,3410.7,320.0,66606.8,40.0,38415154.0,1,,,,,,
12/060,2012-05-24,2.0,5.0,8.0,29.0,40.0,47.0,34.0,8,3.0,3.0,3.0,3.0,3.0,0.0,1.0,1.0,1.0,1.0,20869430.0,1.0,2136320.0,61.0,93390.0,142.5,9600.0,3891.4,640.0,4201.2,320.0,73495.2,40.0,44061862.0,2,,,,,,
12/061,2012-05-26,9.0,10.0,20.0,22.0,38.0,49.0,7.0,,4.0,2.0,2.0,4.0,2.0,1.0,1.0,1.0,1.0,1.0,8000000.0,1.0,856100.0,102.5,22270.0,244.0,9600.0,4920.5,640.0,5600.2,320.0,60562.6,40.0,29036301.0,9,,,,,,
12/062,2012-05-29,8.0,18.0,20.0,22.0,31.0,37.0,46.0,"20,22",4.0,2.0,2.0,4.0,1.0,2.0,1.0,2.0,0.0,0.5,4000000.0,1.0,1695090.0,62.0,72900.0,81.5,9600.0,2649.7,640.0,2638.5,320.0,54351.0,40.0,33175665.0,8,,,,,,
12/063,2012-05-31,4.0,9.0,24.0,31.0,39.0,47.0,38.0,31,3.0,3.0,4.0,2.0,2.0,0.0,1.0,2.0,1.0,0.0,0.0,2.0,825440.0,45.5,96750.0,113.5,9600.0,2869.7,640.0,3451.4,320.0,53552.7,40.0,33828222.0,4,,,,,,
12/064,2012-06-02,9.0,14.0,19.0,20.0,43.0,47.0,37.0,"9,47",4.0,2.0,4.0,2.0,1.0,3.0,0.0,0.0,2.0,0.0,0.0,0.0,0.0,44.5,113360.0,115.0,9600.0,2319.9,640.0,3434.7,320.0,47778.8,40.0,36033730.0,9,,,,,,
12/065,2012-06-05,10.0,21.0,26.0,34.0,35.0,43.0,37.0,43,2.0,4.0,3.0,3.0,1.0,0.0,2.0,2.0,1.0,0.0,0.0,2.0,1236080.0,80.5,81890.0,133.5,9600.0,3555.8,640.0,4613.5,320.0,68201.8,40.0,47912779.0,10,,,,,,
12/066,2012-06-07,4.0,17.0,20.0,29.0,39.0,48.0,9.0,,3.0,3.0,3.0,3.0,1.0,2.0,1.0,1.0,1.0,0.0,0.0,0.0,0.0,73.0,85280.0,293.5,9600.0,4027.0,640.0,9233.2,320.0,76916.1,40.0,52834536.0,4,,,,,,
12/067,2012-06-10,8.0,15.0,18.0,37.0,39.0,44.0,6.0,39,3.0,3.0,3.0,3.0,1.0,2.0,0.0,2.0,1.0,0.0,0.0,0.0,0.0,85.0,103530.0,222.5,9600.0,4926.7,640.0,7357.5,320.0,95488.5,40.0,66001273.0,8,,,,,,
12/068,2012-06-12,7.0,14.0,16.0,25.0,30.0,36.0,32.0,,3.0,3.0,2.0,4.0,1.0,2.0,2.0,1.0,0.0,0.0,0.0,1.5,2403150.0,171.0,56210.0,322.2,9600.0,8837.1,640.0,9658.8,320.0,144973.1,40.0,81568359.0,7,,,,,,
12/069,2012-06-16,2.0,4.0,6.0,7.0,13.0,29.0,9.0,7,5.0,1.0,3.0,3.0,4.0,1.0,1.0,0.0,0.0,4.0,17147740.0,14.5,259770.0,370.0,27140.0,1529.5,9600.0,16600.1,640.0,31865.6,320.0,252265.6,40.0,127756978.0,2,,,,,,
12/070,2012-06-19,10.0,13.0,26.0,40.0,42.0,48.0,24.0,13,2.0,4.0,1.0,5.0,1.0,1.0,1.0,1.0,2.0,0.0,0.0,1.0,1807590.0,32.5,148310.0,97.5,9600.0,2213.5,640.0,3128.1,320.0,43977.0,40.0,33991068.0,10,,,,,,
12/071,2012-06-21,2.0,5.0,8.0,13.0,17.0,35.0,28.0,13,5.0,1.0,4.0,2.0,3.0,2.0,0.0,1.0,0.0,1.5,28364760.0,9.0,353590.0,264.5,32080.0,644.0,9600.0,11370.8,640.0,16052.4,320.0,173741.3,40.0,90481987.0,2,,,,,,
12/072,2012-06-23,9.0,14.0,17.0,34.0,40.0,48.0,39.0,17,3.0,3.0,2.0,4.0,1.0,2.0,0.0,2.0,1.0,0.0,0.0,0.5,718260.0,37.0,103530.0,140.5,9600.0,2323.5,640.0,3685.2,320.0,45954.4,40.0,30328336.0,9,,,,,,
12/073,2012-06-26,6.0,19.0,26.0,28.0,37.0,49.0,47.0,,2.0,4.0,3.0,3.0,1.0,1.0,2.0,1.0,1.0,1.0,14392890.0,1.0,1891540.0,72.0,70050.0,158.5,9600.0,3866.2,640.0,5082.5,320.0,72236.5,40.0,41424639.0,6,,,,,,
12/074,2012-06-28,3.0,6.0,14.0,19.0,27.0,36.0,24.0,"6,19",4.0,2.0,3.0,3.0,2.0,2.0,1.0,1.0,0.0,1.5,5333330.0,0.5,644420.0,84.0,40910.0,166.8,9600.0,3616.2,640.0,4276.6,320.0,59515.8,40.0,31679371.0,3,,,,,,
12/075,2012-06-30,10.0,13.0,28.0,32.0,37.0,41.0,1.0,,2.0,4.0,3.0,3.0,1.0,1.0,1.0,2.0,1.0,0.0,0.0,0.5,701450.0,44.0,85020.0,150.5,9600.0,2244.7,640.0,3754.8,320.0,42237.5,40.0,29722428.0,10,,,,,,
12/076,2012-07-03,6.0,10.0,12.0,14.0,31.0,38.0,20.0,10,4.0,2.0,1.0,5.0,2.0,2.0,0.0,2.0,0.0,0.0,0.0,1.5,1034790.0,73.5,56310.0,212.4,9600.0,4044.3,640.0,5602.6,320.0,71104.2,40.0,38214283.0,6,,,,,,
12/077,2012-07-05,2.0,3.0,11.0,24.0,26.0,27.0,44.0,,4.0,2.0,3.0,3.0,2.0,1.0,3.0,0.0,0.0,0.0,0.0,1.0,1905940.0,126.5,40170.0,120.5,9600.0,5101.7,640.0,4064.5,320.0,83511.6,40.0,42640598.0,2,,,,,,
12/078,2012-07-07,1.0,4.0,5.0,22.0,44.0,46.0,37.0,,4.0,2.0,2.0,4.0,3.0,0.0,1.0,0.0,2.0,0.0,0.0,1.0,2075190.0,97.5,56750.0,151.0,9600.0,4651.5,640.0,4902.0,320.0,86654.8,40.0,45674602.0,1,,,,,,
12/079,2012-07-10,4.0,7.0,13.0,28.0,36.0,49.0,3.0,4,3.0,3.0,3.0,3.0,2.0,1.0,1.0,1.0,1.0,1.0,32054460.0,3.5,643140.0,153.0,39230.0,332.0,9600.0,6568.6,640.0,9646.3,320.0,109347.5,40.0,58042219.0,4,,,,,,
12/080,2012-07-12,2.0,13.0,33.0,39.0,40.0,44.0,43.0,13,2.0,4.0,3.0,3.0,1.0,1.0,0.0,3.0,1.0,0.0,0.0,1.0,1659680.0,36.5,121250.0,82.0,9600.0,1950.5,640.0,2840.5,320.0,39328.6,40.0,30882410.0,2,,,,,,
12/081,2012-07-14,2.0,6.0,16.0,24.0,41.0,46.0,27.0,2,4.0,2.0,1.0,5.0,2.0,1.0,1.0,0.0,2.0,0.0,0.0,0.0,0.0,45.5,100850.0,110.5,9600.0,2744.2,640.0,3196.4,320.0,50930.2,40.0,34229212.0,2,,,,,,
12/082,2012-07-17,8.0,11.0,17.0,24.0,30.0,49.0,3.0,24,4.0,2.0,3.0,3.0,1.0,2.0,2.0,0.0,1.0,0.0,0.0,4.0,454980.0,82.0,59180.0,346.7,9600.0,4484.1,640.0,8313.8,320.0,80792.7,40.0,47079659.0,8,,,,,,
12/083,2012-07-19,9.0,20.0,30.0,34.0,35.0,46.0,29.0,30,2.0,4.0,2.0,4.0,1.0,1.0,1.0,2.0,1.0,0.0,0.0,1.0,2415830.0,52.0,123880.0,175.0,9600.0,3464.2,640.0,5878.3,320.0,68116.2,40.0,48520746.0,9,,,,,,
12/084,2012-07-21,7.0,19.0,23.0,30.0,34.0,45.0,13.0,"30,34",3.0,3.0,4.0,2.0,1.0,1.0,2.0,1.0,1.0,1.0,34938270.0,2.5,979700.0,62.0,105340.0,213.5,9600.0,4057.4,640.0,6000.3,320.0,78381.7,40.0,51194492.0,7,,,,,,
12/085,2012-07-24,10.0,11.0,15.0,22.0,23.0,45.0,31.0,"23,45",5.0,1.0,4.0,2.0,1.0,2.0,2.0,0.0,1.0,0.0,0.0,0.5,673030.0,49.5,72510.0,104.0,9600.0,2966.9,640.0,3592.2,320.0,52868.4,40.0,29671737.0,10,,,,,,
12/086,2012-07-26,9.0,11.0,13.0,22.0,24.0,44.0,32.0,"11,22",5.0,1.0,3.0,3.0,1.0,2.0,2.0,0.0,1.0,0.0,0.0,1.0,1340470.0,100.0,35740.0,177.0,9600.0,4741.4,640.0,4879.3,320.0,74815.7,40.0,35385209.0,9,,,,,,
12/087,2012-07-28,18.0,25.0,38.0,40.0,44.0,45.0,5.0,44,1.0,5.0,2.0,4.0,0.0,1.0,1.0,2.0,2.0,0.0,0.0,0.0,0.0,42.0,126930.0,158.2,9600.0,2506.2,640.0,4613.7,320.0,49499.9,40.0,39306513.0,18,,,,,,
12/088,2012-07-31,2.0,10.0,16.0,23.0,35.0,47.0,1.0,,4.0,2.0,3.0,3.0,2.0,1.0,1.0,1.0,1.0,3.0,17154580.0,6.0,747980.0,136.0,87990.0,354.0,9600.0,7451.8,640.0,11010.6,320.0,136716.4,40.0,92663222.0,2,,,,,,
12/089,2012-08-02,9.0,11.0,12.0,22.0,28.0,49.0,7.0,,4.0,2.0,3.0,3.0,1.0,2.0,2.0,0.0,1.0,0.0,0.0,2.0,439320.0,101.0,23190.0,481.5,9600.0,5125.9,640.0,10546.3,320.0,77289.4,40.0,29800817.0,9,,,,,,
12/090,2012-08-04,8.0,15.0,20.0,41.0,42.0,49.0,12.0,49,3.0,3.0,3.0,3.0,1.0,2.0,0.0,0.0,3.0,1.0,13465570.0,0.0,0.0,46.5,104470.0,110.0,9600.0,2165.5,640.0,3919.9,320.0,48803.8,40.0,35176642.0,8,,,,,,
12/091,2012-08-07,2.0,9.0,13.0,40.0,44.0,46.0,10.0,,3.0,3.0,2.0,4.0,2.0,1.0,0.0,1.0,2.0,1.0,8000000.0,2.5,507320.0,71.5,47300.0,288.5,9600.0,3414.0,640.0,7100.1,320.0,54122.8,40.0,34598377.0,2,,,,,,
12/092,2012-08-09,10.0,13.0,20.0,22.0,42.0,46.0,48.0,"13,46",4.0,2.0,1.0,5.0,1.0,2.0,1.0,0.0,2.0,0.0,0.0,1.0,1459420.0,36.0,108100.0,138.0,9600.0,2521.2,640.0,3391.5,320.0,49846.6,40.0,30943057.0,10,,,,,,
12/093,2012-08-11,5.0,11.0,12.0,31.0,41.0,42.0,16.0,42,3.0,3.0,4.0,2.0,1.0,2.0,0.0,1.0,2.0,1.0,12432540.0,4.5,328330.0,58.0,67930.0,153.5,9600.0,3859.7,640.0,3729.6,320.0,62692.1,40.0,34202309.0,5,,,,,,
12/094,2012-08-14,2.0,13.0,16.0,34.0,37.0,47.0,28.0,,3.0,3.0,3.0,3.0,1.0,2.0,0.0,2.0,1.0,0.0,0.0,0.0,0.0,33.5,133550.0,118.0,9600.0,2183.0,640.0,3559.6,320.0,45033.0,40.0,32891775.0,2,,,,,,
12/095,2012-08-16,5.0,6.0,13.0,19.0,23.0,34.0,8.0,"13,34",5.0,1.0,4.0,2.0,2.0,2.0,1.0,1.0,0.0,0.0,0.0,1.5,929850.0,69.6,53440.0,243.1,9600.0,3465.7,640.0,6861.3,320.0,60511.2,40.0,35900184.0,5,,,,,,
12/096,2012-08-18,7.0,10.0,22.0,32.0,34.0,48.0,45.0,34,3.0,3.0,1.0,5.0,2.0,0.0,1.0,2.0,1.0,0.0,0.0,0.0,0.0,60.0,83250.0,153.5,9600.0,3720.6,640.0,4063.0,320.0,72252.7,40.0,40312266.0,7,,,,,,
12/097,2012-08-21,1.0,7.0,12.0,17.0,36.0,38.0,48.0,7,4.0,2.0,3.0,3.0,2.0,2.0,0.0,2.0,0.0,0.0,0.0,1.0,2033470.0,72.5,74790.0,244.0,9600.0,5385.5,640.0,5969.0,320.0,97967.1,40.0,49102118.0,1,,,,,,
12/098,2012-08-23,13.0,15.0,25.0,28.0,45.0,47.0,5.0,,2.0,4.0,5.0,1.0,0.0,2.0,2.0,0.0,2.0,2.0,17176790.0,1.5,1532880.0,70.5,86970.0,438.5,9600.0,4163.0,640.0,10179.6,320.0,76704.5,40.0,55637856.0,13,,,,,,
12/099,2012-08-25,3.0,7.0,21.0,22.0,38.0,47.0,27.0,47,4.0,2.0,4.0,2.0,2.0,0.0,2.0,1.0,1.0,0.0,0.0,3.0,363060.0,81.0,35850.0,214.5,9600.0,3151.2,640.0,4619.0,320.0,50955.9,40.0,28836441.0,3,,,,,,
12/100,2012-08-28,7.0,17.0,24.0,29.0,47.0,49.0,45.0,"7,47",3.0,3.0,5.0,1.0,1.0,1.0,2.0,0.0,2.0,1.0,13257260.0,0.5,876210.0,92.0,50790.0,136.0,9600.0,4040.5,640.0,3971.5,320.0,69272.3,40.0,38465847.0,7,,,,,,
12/101,2012-08-30,7.0,11.0,15.0,21.0,26.0,34.0,38.0,7,4.0,2.0,4.0,2.0,1.0,2.0,2.0,1.0,0.0,0.0,0.0,0.5,702190.0,59.5,62940.0,106.0,9600.0,2744.6,640.0,3221.1,320.0,52581.5,40.0,29993890.0,7,,,,,,
12/102,2012-09-01,9.0,12.0,15.0,19.0,21.0,47.0,38.0,"15,21",5.0,1.0,5.0,1.0,1.0,3.0,1.0,0.0,1.0,0.0,0.0,1.0,1623510.0,53.0,81680.0,141.5,9600.0,3258.7,640.0,4155.6,320.0,59689.8,40.0,35287432.0,9,,,,,,
12/103,2012-09-04,20.0,24.0,34.0,36.0,43.0,45.0,3.0,,2.0,4.0,2.0,4.0,0.0,1.0,1.0,2.0,2.0,0.0,0.0,0.5,1217300.0,50.5,128560.0,111.5,9600.0,2771.9,640.0,4315.6,320.0,55989.5,40.0,45001750.0,20,,,,,,
12/104,2012-09-06,6.0,13.0,33.0,38.0,41.0,43.0,29.0,43,2.0,4.0,4.0,2.0,1.0,1.0,0.0,2.0,2.0,0.0,0.0,0.5,1154650.0,87.5,70370.0,179.5,9600.0,4439.6,640.0,5382.6,320.0,77708.8,40.0,48728398.0,6,,,,,,
12/105,2012-09-09,4.0,7.0,12.0,15.0,27.0,34.0,37.0,,4.0,2.0,3.0,3.0,2.0,2.0,1.0,1.0,0.0,0.0,0.0,3.5,612030.0,152.5,37450.0,338.5,9600.0,7768.3,640.0,9231.1,320.0,126054.2,40.0,59093685.0,4,,,,,,
12/106,2012-09-11,4.0,11.0,25.0,27.0,39.0,41.0,43.0,"4,27",2.0,4.0,5.0,1.0,1.0,1.0,2.0,1.0,1.0,1.0,46786070.0,1.0,3394430.0,116.5,77690.0,192.0,9600.0,6223.5,640.0,6084.1,320.0,107134.0,40.0,68381765.0,4,,,,,,
12/107,2012-09-13,16.0,20.0,22.0,31.0,42.0,48.0,43.0,,3.0,3.0,1.0,5.0,0.0,2.0,1.0,1.0,2.0,0.0,0.0,0.5,820680.0,44.0,99470.0,92.5,9600.0,2112.0,640.0,2346.0,320.0,40673.3,40.0,30818456.0,16,,,,,,
12/108,2012-09-15,6.0,7.0,18.0,21.0,27.0,48.0,42.0,48,4.0,2.0,3.0,3.0,2.0,1.0,2.0,0.0,1.0,0.0,0.0,1.5,1054440.0,55.0,76680.0,144.0,9600.0,3395.7,640.0,3830.9,320.0,67591.2,40.0,35319525.0,6,,,,,,
12/109,2012-09-18,15.0,26.0,27.0,38.0,42.0,43.0,39.0,27,1.0,5.0,3.0,3.0,0.0,1.0,2.0,1.0,2.0,0.0,0.0,4.0,1947100.0,324.5,64000.0,709.5,9600.0,17182.2,640.0,18299.0,320.0,271527.3,40.0,169597225.0,15,,,,,,
12/110,2012-09-22,2.0,13.0,33.0,35.0,38.0,49.0,40.0,38,2.0,4.0,4.0,2.0,1.0,1.0,0.0,3.0,1.0,2.5,49591870.0,11.5,1177230.0,505.0,71480.0,1091.5,9600.0,25343.0,640.0,30288.5,320.0,465996.3,40.0,285575400.0,2,,,,,,
12/111,2012-09-25,1.0,4.0,17.0,20.0,28.0,32.0,47.0,,4.0,2.0,2.0,4.0,2.0,2.0,1.0,1.0,0.0,2.5,3200000.0,2.5,619500.0,54.0,76480.0,126.0,9600.0,3252.4,640.0,3947.0,320.0,60320.2,40.0,33913347.0,1,,,,,,
12/112,2012-09-27,1.0,3.0,10.0,15.0,17.0,40.0,28.0,"1,17",5.0,1.0,4.0,2.0,3.0,2.0,0.0,1.0,0.0,0.0,0.0,3.5,399340.0,56.0,66550.0,143.5,9600.0,3348.2,640.0,4868.2,320.0,62150.9,40.0,32970230.0,1,,,,,,
12/113,2012-09-29,2.0,8.0,16.0,17.0,20.0,26.0,32.0,17,5.0,1.0,1.0,5.0,2.0,3.0,1.0,0.0,0.0,0.0,0.0,0.5,741520.0,72.7,54390.0,212.7,9600.0,4325.1,640.0,4783.4,320.0,70764.3,40.0,37103767.0,2,,,,,,
12/114,2012-10-02,12.0,24.0,25.0,33.0,37.0,44.0,13.0,,2.0,4.0,3.0,3.0,0.0,1.0,2.0,2.0,1.0,0.0,0.0,3.5,560520.0,70.5,74200.0,208.0,9600.0,3609.2,640.0,4973.1,320.0,61649.1,40.0,42104644.0,12,,,,,,
12/115,2012-10-07,1.0,10.0,12.0,13.0,29.0,47.0,9.0,12,4.0,2.0,4.0,2.0,2.0,2.0,1.0,0.0,1.0,0.0,0.0,2.0,1214320.0,122.0,53080.0,455.5,9600.0,6288.0,640.0,13220.8,320.0,113576.4,40.0,64746580.0,1,,,,,,
12/116,2012-10-09,15.0,17.0,21.0,22.0,27.0,36.0,16.0,,4.0,2.0,4.0,2.0,0.0,2.0,3.0,1.0,0.0,0.0,0.0,2.5,993630.0,113.0,58620.0,327.5,9600.0,6078.3,640.0,7524.2,320.0,106250.9,40.0,59056096.0,15,,,,,,
12/117,2012-10-11,1.0,3.0,11.0,18.0,40.0,46.0,35.0,,4.0,2.0,3.0,3.0,2.0,2.0,0.0,1.0,1.0,0.0,0.0,0.0,0.0,102.0,86680.0,277.5,9600.0,6234.5,640.0,7622.4,320.0,125350.8,40.0,71109958.0,1,,,,,,
12/118,2012-10-13,5.0,6.0,11.0,26.0,33.0,41.0,4.0,11,3.0,3.0,4.0,2.0,2.0,1.0,1.0,1.0,1.0,0.5,28744470.0,3.0,1156780.0,167.0,55410.0,413.5,9600.0,8774.9,640.0,12266.8,320.0,153797.5,40.0,83493915.0,5,,,,,,
12/119,2012-10-16,9.0,17.0,27.0,35.0,39.0,44.0,40.0,,2.0,4.0,5.0,1.0,1.0,1.0,1.0,2.0,1.0,0.0,0.0,3.5,845090.0,110.5,71380.0,220.5,9600.0,5610.2,640.0,6246.5,320.0,102651.3,40.0,62002507.0,9,,,,,,
12/120,2012-10-18,4.0,6.0,10.0,14.0,16.0,29.0,26.0,,5.0,1.0,1.0,5.0,3.0,2.0,1.0,0.0,0.0,0.0,0.0,7.0,358200.0,167.5,39910.0,488.0,9600.0,7998.4,640.0,10466.9,320.0,125964.8,40.0,67706001.0,4,,,,,,
12/121,2012-10-20,4.0,19.0,31.0,34.0,37.0,44.0,6.0,4,2.0,4.0,3.0,3.0,1.0,1.0,0.0,3.0,1.0,0.0,0.0,1.5,2578020.0,97.5,105760.0,237.5,9600.0,5466.7,640.0,7281.5,320.0,105006.4,40.0,75257369.0,4,,,,,,
12/122,2012-10-23,11.0,28.0,29.0,41.0,45.0,47.0,21.0,,1.0,5.0,5.0,1.0,0.0,1.0,2.0,0.0,3.0,1.0,71084710.0,2.0,2390550.0,151.0,84430.0,347.0,9600.0,7476.0,640.0,11209.9,320.0,142535.7,40.0,97094262.0,11,,,,,,
12/123,2012-10-25,8.0,17.0,23.0,40.0,41.0,43.0,28.0,41,3.0,3.0,4.0,2.0,1.0,1.0,1.0,1.0,2.0,0.0,0.0,0.0,0.0,21.0,208350.0,99.5,9600.0,2136.0,640.0,3249.5,320.0,44774.0,40.0,31802589.0,8,,,,,,
12/124,2012-10-27,26.0,28.0,30.0,34.0,36.0,39.0,1.0,,0.0,6.0,1.0,5.0,0.0,0.0,3.0,3.0,0.0,0.0,0.0,1.0,1994640.0,61.7,86200.0,117.0,9600.0,2680.8,640.0,3497.7,320.0,51617.4,40.0,38214207.0,26,,,,,,
12/125,2012-10-30,1.0,20.0,28.0,30.0,34.0,40.0,19.0,"28,30,34",2.0,4.0,1.0,5.0,1.0,1.0,2.0,2.0,0.0,0.0,0.0,3.5,1051830.0,164.0,59860.0,361.5,9600.0,10042.2,640.0,9237.4,320.0,138559.8,40.0,84010751.0,1,,,,,,
12/126,2012-11-01,15.0,18.0,24.0,28.0,34.0,42.0,2.0,"28,34",3.0,3.0,1.0,5.0,0.0,2.0,2.0,1.0,1.0,0.0,0.0,1.0,3744370.0,101.0,98860.0,281.0,9600.0,5754.0,640.0,8799.4,320.0,111447.4,40.0,76083680.0,15,,,,,,
12/127,2012-11-03,1.0,12.0,33.0,36.0,46.0,48.0,41.0,,2.0,4.0,2.0,4.0,1.0,1.0,0.0,2.0,2.0,1.0,65018000.0,1.5,2831250.0,133.5,84830.0,259.0,9600.0,7168.9,640.0,7659.5,320.0,134706.2,40.0,85234238.0,1,,,,,,
12/128,2012-11-06,1.0,6.0,8.0,28.0,37.0,39.0,42.0,1,3.0,3.0,3.0,3.0,3.0,0.0,1.0,2.0,0.0,0.0,0.0,1.5,943930.0,84.5,44680.0,135.0,9600.0,4729.1,640.0,3639.6,320.0,76561.6,40.0,35041901.0,1,,,,,,
12/129,2012-11-08,15.0,26.0,31.0,37.0,44.0,47.0,43.0,37,1.0,5.0,4.0,2.0,0.0,1.0,1.0,2.0,2.0,0.0,0.0,0.5,1064300.0,44.0,129000.0,119.0,9600.0,2692.5,640.0,3509.5,320.0,51880.8,40.0,40107495.0,15,,,,,,
12/130,2012-11-11,9.0,26.0,28.0,35.0,45.0,47.0,25.0,"26,47",1.0,5.0,4.0,2.0,1.0,0.0,2.0,1.0,2.0,1.0,22664860.0,4.5,534420.0,62.0,103430.0,200.5,9600.0,3709.9,640.0,5872.0,320.0,74987.1,40.0,49622420.0,9,,,,,,
12/131,2012-11-13,3.0,5.0,25.0,26.0,29.0,30.0,31.0,26,2.0,4.0,4.0,2.0,2.0,0.0,4.0,0.0,0.0,0.0,0.0,1.5,943690.0,66.5,56760.0,150.2,9600.0,3351.0,640.0,3752.3,320.0,58687.5,40.0,32416894.0,3,,,,,,
12/132,2012-11-15,18.0,20.0,36.0,41.0,46.0,48.0,21.0,,2.0,4.0,1.0,5.0,0.0,2.0,0.0,1.0,3.0,1.0,14238080.0,1.0,2079360.0,43.0,128950.0,91.0,9600.0,2488.5,640.0,3201.0,320.0,48350.5,40.0,38255531.0,18,,,,,,
12/133,2012-11-17,7.0,12.0,24.0,39.0,43.0,48.0,30.0,48,3.0,3.0,3.0,3.0,1.0,1.0,1.0,1.0,2.0,0.5,4000000.0,1.0,1508240.0,46.0,87430.0,94.0,9600.0,2224.0,640.0,3104.1,320.0,43777.4,40.0,29851038.0,7,,,,,,
12/134,2012-11-20,2.0,11.0,20.0,37.0,45.0,47.0,13.0,,3.0,3.0,4.0,2.0,1.0,2.0,0.0,1.0,2.0,0.0,0.0,1.5,1087860.0,69.5,62610.0,154.0,9600.0,3533.5,640.0,4338.5,320.0,58438.0,40.0,35963490.0,2,,,,,,
12/135,2012-11-22,9.0,22.0,26.0,30.0,44.0,49.0,31.0,,2.0,4.0,2.0,4.0,1.0,0.0,3.0,0.0,2.0,0.0,0.0,0.0,0.0,65.0,69130.0,145.0,9600.0,3855.5,640.0,4360.2,320.0,71418.0,40.0,37883911.0,9,,,,,,
12/136,2012-11-24,2.0,3.0,4.0,15.0,23.0,40.0,13.0,,5.0,1.0,3.0,3.0,3.0,1.0,1.0,1.0,0.0,0.0,0.0,1.0,1858410.0,70.0,70790.0,187.7,9600.0,3823.3,640.0,5784.5,320.0,73817.1,40.0,41976562.0,2,,,,,,
12/137,2012-11-27,8.0,20.0,21.0,24.0,34.0,47.0,10.0,,4.0,2.0,2.0,4.0,1.0,1.0,2.0,1.0,1.0,0.0,0.0,2.5,961850.0,50.5,126970.0,172.5,9600.0,3441.9,640.0,6633.3,320.0,71147.4,40.0,48969789.0,8,,,,,,
12/138,2012-11-29,13.0,17.0,26.0,28.0,32.0,34.0,6.0,34,2.0,4.0,2.0,4.0,0.0,2.0,2.0,2.0,0.0,0.0,0.0,3.0,656030.0,112.0,46850.0,356.5,9600.0,6696.1,640.0,9091.7,320.0,95364.4,40.0,53426139.0,13,,,,,,
12/139,2012-12-01,10.0,16.0,17.0,27.0,36.0,38.0,47.0,17,3.0,3.0,2.0,4.0,1.0,2.0,1.0,2.0,0.0,0.0,0.0,8.0,337530.0,147.9,48680.0,244.5,9600.0,6737.0,640.0,6966.5,320.0,108770.6,40.0,61150819.0,10,,,,,,
12/140,2012-12-04,7.0,10.0,11.0,18.0,37.0,47.0,4.0,10,4.0,2.0,4.0,2.0,2.0,2.0,0.0,1.0,1.0,0.0,0.0,9.0,314850.0,220.0,34340.0,602.5,9600.0,10125.1,640.0,14979.9,320.0,163863.3,40.0,82169646.0,7,,,,,,
12/141,2012-12-06,1.0,6.0,38.0,41.0,43.0,45.0,48.0,,2.0,4.0,4.0,2.0,2.0,0.0,0.0,1.0,3.0,1.0,64521730.0,2.0,2265030.0,130.5,92560.0,334.5,9600.0,7457.0,640.0,10772.5,320.0,139750.0,40.0,92978025.0,1,,,,,,
12/142,2012-12-08,15.0,22.0,30.0,33.0,34.0,47.0,38.0,,2.0,4.0,3.0,3.0,0.0,1.0,2.0,2.0,1.0,0.0,0.0,0.0,0.0,40.0,100020.0,113.5,9600.0,2302.5,640.0,2827.7,320.0,45100.1,40.0,30118674.0,15,,,,,,
12/143,2012-12-11,2.0,15.0,28.0,41.0,42.0,49.0,24.0,15,2.0,4.0,3.0,3.0,1.0,1.0,1.0,0.0,3.0,0.0,0.0,0.0,0.0,54.0,109030.0,138.0,9600.0,2825.0,640.0,4324.8,320.0,58859.3,40.0,42677796.0,2,,,,,,
12/144,2012-12-13,6.0,9.0,29.0,31.0,42.0,47.0,14.0,42,2.0,4.0,4.0,2.0,2.0,0.0,1.0,1.0,2.0,0.0,0.0,1.0,2292670.0,64.5,94780.0,168.5,9600.0,3964.5,640.0,5822.4,320.0,80066.9,40.0,48179351.0,6,,,,,,
12/145,2012-12-15,18.0,21.0,28.0,33.0,41.0,47.0,48.0,47,2.0,4.0,4.0,2.0,0.0,1.0,2.0,1.0,2.0,0.0,0.0,1.0,2503600.0,67.0,99640.0,212.0,9600.0,4393.2,640.0,6182.0,320.0,82768.4,40.0,52735687.0,18,,,,,,
12/146,2012-12-18,8.0,14.0,21.0,41.0,45.0,48.0,34.0,"21,41",3.0,3.0,3.0,3.0,1.0,1.0,1.0,0.0,3.0,1.0,42704240.0,3.0,1109270.0,102.5,86570.0,226.5,9600.0,4668.9,640.0,6704.5,320.0,91404.4,40.0,65451595.0,8,,,,,,
12/147,2012-12-20,4.0,12.0,25.0,34.0,36.0,40.0,49.0,,2.0,4.0,1.0,5.0,1.0,1.0,1.0,3.0,0.0,0.0,0.0,2.0,752630.0,57.0,70420.0,131.0,9600.0,2722.1,640.0,3072.0,320.0,49874.0,40.0,31491290.0,4,,,,,,
12/148,2012-12-23,9.0,27.0,28.0,32.0,34.0,43.0,2.0,34,1.0,5.0,3.0,3.0,1.0,0.0,2.0,2.0,1.0,0.0,0.0,0.5,957420.0,49.0,104200.0,151.5,9600.0,3342.6,640.0,4572.9,320.0,61992.0,40.0,39934909.0,9,,,,,,
12/149,2012-12-25,12.0,18.0,23.0,24.0,46.0,49.0,14.0,,4.0,2.0,2.0,4.0,0.0,2.0,2.0,0.0,2.0,0.0,0.0,1.5,1364780.0,59.5,91750.0,149.5,9600.0,3683.0,640.0,3953.2,320.0,68149.7,40.0,42186989.0,12,,,,,,
12/150,2012-12-27,4.0,7.0,29.0,39.0,44.0,47.0,23.0,,2.0,4.0,4.0,2.0,2.0,0.0,1.0,1.0,2.0,0.0,0.0,4.0,558420.0,113.5,52480.0,183.0,9600.0,4605.5,640.0,5088.0,320.0,79510.0,40.0,47920082.0,4,,,,,,
12/151,2012-12-29,1.0,6.0,9.0,11.0,33.0,39.0,40.0,39,4.0,2.0,5.0,1.0,3.0,1.0,0.0,2.0,0.0,0.0,0.0,7.5,226150.0,171.0,26450.0,326.0,9600.0,9118.7,640.0,6743.1,320.0,132601.0,40.0,53431978.0,1,,,,,,
12/152,2012-12-31,5.0,6.0,25.0,30.0,32.0,48.0,45.0,6,2.0,4.0,2.0,4.0,2.0,0.0,2.0,1.0,1.0,0.0,0.0,4.0,808160.0,75.5,114170.0,260.5,9600.0,5579.0,640.0,8318.5,320.0,105713.7,40.0,67859848.0,5,,,,,,
13/001,2013-01-03,17.0,25.0,32.0,33.0,46.0,48.0,39.0,"25,32,48",1.0,5.0,3.0,3.0,0.0,1.0,1.0,2.0,2.0,0.0,0.0,1.5,3980070.0,165.5,96190.0,416.5,9600.0,8840.5,640.0,11690.7,320.0,165044.1,40.0,118029979.0,17,,,,,,
13/002,2013-01-08,14.0,19.0,20.0,21.0,29.0,49.0,7.0,,4.0,2.0,4.0,2.0,0.0,3.0,2.0,0.0,1.0,2.0,41343400.0,7.0,1068830.0,230.0,86740.0,775.5,9600.0,12926.2,640.0,22145.4,320.0,238908.1,40.0,161430634.0,14,,,,,,
13/003,2013-01-10,2.0,9.0,24.0,34.0,41.0,45.0,48.0,,3.0,3.0,3.0,3.0,2.0,0.0,1.0,1.0,2.0,0.0,0.0,0.0,0.0,73.0,56350.0,121.0,9600.0,2953.2,640.0,3586.0,320.0,52578.5,40.0,32599347.0,2,,,,,,
13/004,2013-01-13,3.0,6.0,19.0,21.0,31.0,49.0,7.0,,4.0,2.0,5.0,1.0,2.0,1.0,1.0,1.0,1.0,0.0,0.0,1.5,1181070.0,50.0,94480.0,240.5,9600.0,3808.1,640.0,7515.6,320.0,66378.0,40.0,42194389.0,3,,,,,,
13/005,2013-01-15,3.0,4.0,7.0,24.0,27.0,31.0,13.0,"3,31",4.0,2.0,4.0,2.0,3.0,0.0,2.0,1.0,0.0,1.0,20079730.0,3.0,580250.0,125.5,36980.0,290.4,9600.0,6265.3,640.0,7476.7,320.0,96436.5,40.0,47778499.0,3,,,,,,
13/006,2013-01-17,2.0,8.0,14.0,25.0,43.0,44.0,11.0,,3.0,3.0,2.0,4.0,2.0,1.0,1.0,0.0,2.0,0.0,0.0,0.0,0.0,32.5,126710.0,147.0,9600.0,2531.2,640.0,4542.4,320.0,50119.8,40.0,32969568.0,2,,,,,,
13/007,2013-01-19,3.0,12.0,19.0,21.0,31.0,48.0,26.0,,4.0,2.0,4.0,2.0,1.0,2.0,1.0,1.0,1.0,0.0,0.0,1.5,1076710.0,100.0,43060.0,166.5,9600.0,4665.9,640.0,4558.2,320.0,66087.7,40.0,37997742.0,3,,,,,,
13/008,2013-01-22,2.0,4.0,20.0,22.0,30.0,37.0,1.0,,4.0,2.0,1.0,5.0,2.0,1.0,2.0,1.0,0.0,0.0,0.0,1.0,2060240.0,72.0,76300.0,259.0,9600.0,4310.9,640.0,8765.1,320.0,79900.9,40.0,48777028.0,2,,,,,,
13/009,2013-01-24,1.0,2.0,3.0,9.0,20.0,49.0,24.0,"2,20",5.0,1.0,4.0,2.0,4.0,1.0,0.0,0.0,1.0,1.5,16480650.0,9.0,153720.0,233.0,19200.0,494.0,9600.0,11006.7,640.0,10428.6,320.0,133045.5,40.0,50914760.0,1,,,,,,
13/010,2013-01-26,2.0,29.0,41.0,42.0,45.0,48.0,5.0,2,1.0,5.0,3.0,3.0,1.0,0.0,1.0,0.0,4.0,1.0,8000000.0,1.5,1022800.0,49.5,82650.0,132.5,9600.0,2311.0,640.0,3157.2,320.0,39917.7,40.0,30736434.0,2,,,,,,
13/011,2013-01-29,8.0,20.0,26.0,36.0,44.0,47.0,28.0,,2.0,4.0,1.0,5.0,1.0,1.0,1.0,1.0,2.0,0.0,0.0,1.0,1744630.0,38.5,120840.0,134.0,9600.0,2263.4,640.0,4287.6,320.0,45951.5,40.0,34678339.0,8,,,,,,
13/012,2013-01-31,16.0,22.0,27.0,35.0,38.0,46.0,32.0,,2.0,4.0,2.0,4.0,0.0,1.0,2.0,2.0,1.0,1.0,12240970.0,9.5,148800.0,150.0,25130.0,260.5,9600.0,5234.9,640.0,4966.7,320.0,67059.0,40.0,37924648.0,16,,,,,,
13/013,2013-02-03,2.0,17.0,23.0,39.0,47.0,48.0,22.0,,3.0,3.0,4.0,2.0,1.0,1.0,1.0,1.0,2.0,0.0,0.0,0.0,0.0,43.5,97770.0,126.5,9600.0,3029.0,640.0,3731.8,320.0,55468.7,40.0,33798067.0,2,,,,,,
13/014,2013-02-05,5.0,19.0,31.0,32.0,34.0,45.0,13.0,,2.0,4.0,4.0,2.0,1.0,1.0,0.0,3.0,1.0,0.5,7845220.0,1.0,2031810.0,59.0,91830.0,161.5,9600.0,2877.8,640.0,4804.7,320.0,57535.2,40.0,40955886.0,5,,,,,,
13/015,2013-02-07,3.0,8.0,12.0,18.0,22.0,33.0,37.0,,5.0,1.0,2.0,4.0,2.0,2.0,1.0,1.0,0.0,1.0,10304580.0,5.0,163950.0,246.5,19200.0,259.5,9600.0,8423.1,640.0,5388.2,320.0,107515.3,40.0,40760830.0,3,,,,,,
13/016,2013-02-09,4.0,8.0,10.0,35.0,46.0,47.0,32.0,8,3.0,3.0,2.0,4.0,3.0,0.0,0.0,1.0,2.0,0.0,0.0,0.0,0.0,47.5,94450.0,98.5,9600.0,2495.5,640.0,3024.2,320.0,50041.5,40.0,33033204.0,4,,,,,,
13/017,2013-02-14,11.0,16.0,24.0,27.0,36.0,48.0,47.0,,3.0,3.0,2.0,4.0,0.0,2.0,2.0,1.0,1.0,2.0,28442570.0,5.5,1144550.0,239.0,70230.0,458.5,9600.0,11686.4,640.0,13582.0,320.0,212246.9,40.0,131175195.0,11,,,,,,
13/018,2013-02-16,3.0,12.0,30.0,35.0,37.0,38.0,18.0,,2.0,4.0,3.0,3.0,1.0,1.0,1.0,3.0,0.0,0.0,0.0,0.5,764680.0,44.0,92680.0,131.0,9600.0,2394.5,640.0,4014.2,320.0,48683.9,40.0,31900166.0,3,,,,,,
13/019,2013-02-19,5.0,18.0,19.0,32.0,40.0,44.0,34.0,,3.0,3.0,2.0,4.0,1.0,2.0,0.0,2.0,1.0,1.0,15530600.0,2.5,902120.0,62.5,96220.0,146.5,9600.0,3294.1,640.0,4436.3,320.0,62743.0,40.0,44382179.0,5,,,,,,
13/020,2013-02-21,11.0,14.0,21.0,22.0,32.0,49.0,7.0,32,4.0,2.0,3.0,3.0,0.0,2.0,2.0,1.0,1.0,1.0,8000000.0,3.5,378980.0,41.0,86270.0,262.7,9600.0,2814.8,640.0,6919.4,320.0,52177.5,40.0,33967032.0,11,,,,,,
13/021,2013-02-23,12.0,19.0,23.0,30.0,35.0,36.0,15.0,,3.0,3.0,3.0,3.0,0.0,2.0,2.0,2.0,0.0,0.0,0.0,0.0,0.0,49.0,79670.0,118.0,9600.0,2985.8,640.0,3490.8,320.0,50147.4,40.0,31282363.0,12,,,,,,
13/022,2013-02-26,1.0,4.0,15.0,16.0,18.0,36.0,21.0,36,5.0,1.0,2.0,4.0,2.0,3.0,0.0,1.0,0.0,0.0,0.0,1.0,1884760.0,85.0,59120.0,177.4,9600.0,4494.3,640.0,4958.7,320.0,76498.5,40.0,42655454.0,1,,,,,,
13/023,2013-02-28,10.0,11.0,23.0,26.0,28.0,30.0,17.0,,3.0,3.0,2.0,4.0,1.0,1.0,4.0,0.0,0.0,0.0,0.0,0.0,0.0,116.5,39800.0,260.2,9600.0,5610.2,640.0,7015.7,320.0,90175.9,40.0,45702260.0,10,,,,,,
13/024,2013-03-03,7.0,8.0,26.0,31.0,35.0,39.0,37.0,26,2.0,4.0,4.0,2.0,2.0,0.0,1.0,3.0,0.0,0.0,0.0,1.0,2616000.0,74.5,93630.0,217.0,9600.0,4400.8,640.0,6376.6,320.0,86037.7,40.0,54715967.0,7,,,,,,
13/025,2013-03-05,4.0,6.0,8.0,35.0,36.0,43.0,5.0,"8,35",3.0,3.0,2.0,4.0,3.0,0.0,0.0,2.0,1.0,0.0,0.0,4.5,550410.0,101.0,65390.0,353.3,9600.0,5291.1,640.0,10165.9,320.0,100440.7,40.0,59619108.0,4,,,,,,
13/026,2013-03-07,8.0,9.0,24.0,35.0,39.0,41.0,2.0,"8,35",3.0,3.0,4.0,2.0,2.0,0.0,1.0,2.0,1.0,1.5,31493020.0,2.0,1647860.0,99.5,88320.0,303.0,9600.0,5519.2,640.0,8956.9,320.0,109861.3,40.0,70085613.0,8,,,,,,
13/027,2013-03-09,9.0,18.0,24.0,34.0,40.0,43.0,28.0,"9,24",3.0,3.0,2.0,4.0,1.0,1.0,1.0,2.0,1.0,0.0,0.0,2.5,585570.0,47.0,83060.0,128.7,9600.0,2358.5,640.0,3360.1,320.0,43379.9,40.0,30148619.0,9,,,,,,
13/028,2013-03-12,13.0,15.0,17.0,30.0,38.0,45.0,4.0,,3.0,3.0,4.0,2.0,0.0,3.0,1.0,1.0,1.0,0.0,0.0,2.5,832250.0,64.0,86690.0,152.5,9600.0,3185.0,640.0,4171.9,320.0,60837.0,40.0,41692046.0,13,,,,,,
13/029,2013-03-14,3.0,4.0,15.0,16.0,17.0,46.0,12.0,"15,17",5.0,1.0,3.0,3.0,2.0,3.0,0.0,0.0,1.0,1.0,20191810.0,2.0,991640.0,102.5,51590.0,219.9,9600.0,4402.1,640.0,6119.0,320.0,73983.5,40.0,45139708.0,3,,,,,,
13/030,2013-03-16,6.0,9.0,31.0,41.0,45.0,47.0,18.0,,2.0,4.0,5.0,1.0,2.0,0.0,0.0,1.0,3.0,0.0,0.0,0.5,718525.0,33.5,114390.0,115.0,9600.0,2421.5,640.0,3648.7,320.0,44244.6,40.0,29849974.0,6,,,,,,
13/031,2013-03-19,3.0,12.0,15.0,28.0,29.0,34.0,8.0,,3.0,3.0,3.0,3.0,1.0,2.0,2.0,1.0,0.0,0.0,0.0,2.0,768620.0,71.0,57730.0,266.7,9600.0,3677.6,640.0,7716.9,320.0,64100.5,40.0,39276508.0,3,,,,,,
13/032,2013-03-21,1.0,4.0,13.0,22.0,39.0,42.0,34.0,,4.0,2.0,3.0,3.0,2.0,1.0,1.0,1.0,1.0,0.0,0.0,0.0,0.0,72.0,77350.0,140.4,9600.0,3807.6,640.0,4004.4,320.0,73609.0,40.0,43170760.0,1,,,,,,
13/033,2013-03-23,6.0,9.0,17.0,25.0,33.0,42.0,27.0,42,3.0,3.0,4.0,2.0,2.0,1.0,1.0,1.0,1.0,0.0,0.0,1.5,1258450.0,140.5,35820.0,255.0,9600.0,5449.0,640.0,6760.1,320.0,85556.6,40.0,46944592.0,6,,,,,,
13/034,2013-03-26,10.0,15.0,26.0,35.0,40.0,44.0,11.0,,2.0,4.0,2.0,4.0,1.0,1.0,1.0,2.0,1.0,1.0,42154010.0,1.5,2700890.0,136.5,79140.0,388.5,9600.0,7522.2,640.0,11580.5,320.0,135419.2,40.0,87678628.0,10,,,,,,
13/035,2013-03-28,12.0,17.0,31.0,38.0,44.0,45.0,43.0,44,2.0,4.0,3.0,3.0,0.0,2.0,0.0,2.0,2.0,0.0,0.0,2.0,792370.0,30.5,138550.0,85.5,9600.0,1903.0,640.0,2422.2,320.0,37214.3,40.0,29467109.0,12,,,,,,
13/036,2013-03-30,4.0,6.0,19.0,25.0,34.0,43.0,17.0,,3.0,3.0,3.0,3.0,2.0,1.0,1.0,1.0,1.0,0.0,0.0,2.5,573500.0,41.0,93250.0,136.5,9600.0,2570.3,640.0,3946.8,320.0,49523.6,40.0,30931736.0,4,,,,,,
13/037,2013-04-02,2.0,4.0,9.0,31.0,33.0,46.0,5.0,4,3.0,3.0,3.0,3.0,3.0,0.0,0.0,2.0,1.0,1.0,18096050.0,2.5,772630.0,66.0,78040.0,155.0,9600.0,3262.2,640.0,5902.4,320.0,68241.2,40.0,41379596.0,2,,,,,,
13/038,2013-04-04,2.0,7.0,11.0,15.0,17.0,27.0,4.0,2,5.0,1.0,5.0,1.0,2.0,3.0,1.0,0.0,0.0,0.5,4000000.0,6.0,133620.0,127.5,19200.0,486.9,9600.0,5146.1,640.0,8465.0,320.0,67428.3,40.0,28770162.0,2,,,,,,
13/039,2013-04-06,10.0,12.0,16.0,29.0,41.0,48.0,25.0,,3.0,3.0,2.0,4.0,1.0,2.0,1.0,0.0,2.0,0.0,0.0,2.0,797580.0,31.0,137210.0,107.0,9600.0,2297.7,640.0,3374.4,320.0,47217.1,40.0,31763824.0,10,,,,,,
13/040,2013-04-09,2.0,3.0,25.0,28.0,35.0,43.0,39.0,,2.0,4.0,4.0,2.0,2.0,0.0,2.0,1.0,1.0,0.0,0.0,1.0,2030960.0,46.5,116470.0,125.0,9600.0,3293.6,640.0,4017.7,320.0,65849.5,40.0,40937736.0,2,,,,,,
13/041,2013-04-11,11.0,18.0,20.0,24.0,29.0,49.0,2.0,,4.0,2.0,3.0,3.0,0.0,3.0,2.0,0.0,1.0,0.5,10368370.0,3.5,557930.0,75.0,69430.0,179.4,9600.0,3626.7,640.0,5861.1,320.0,70155.1,40.0,42650352.0,11,,,,,,
13/042,2013-04-13,8.0,16.0,29.0,40.0,46.0,47.0,18.0,29,2.0,4.0,2.0,4.0,1.0,1.0,1.0,1.0,2.0,0.0,0.0,0.0,0.0,42.0,125960.0,103.5,9600.0,2227.0,640.0,3329.1,320.0,46676.1,40.0,36824931.0,8,,,,,,
13/043,2013-04-16,11.0,15.0,21.0,27.0,38.0,43.0,48.0,,3.0,3.0,5.0,1.0,0.0,2.0,2.0,1.0,1.0,0.5,12720080.0,1.0,2378700.0,95.5,66420.0,183.5,9600.0,4468.4,640.0,5040.5,320.0,80490.3,40.0,49778420.0,11,,,,,,
13/044,2013-04-18,4.0,5.0,14.0,17.0,22.0,39.0,9.0,,5.0,1.0,3.0,3.0,2.0,2.0,1.0,1.0,0.0,2.0,8377850.0,3.0,448400.0,87.0,41230.0,313.2,9600.0,4126.2,640.0,8299.0,320.0,72273.0,40.0,38979850.0,4,,,,,,
13/045,2013-04-21,9.0,10.0,15.0,33.0,40.0,49.0,48.0,,3.0,3.0,4.0,2.0,2.0,1.0,0.0,2.0,1.0,0.0,0.0,0.0,0.0,43.0,78410.0,174.5,9600.0,2975.7,640.0,4679.5,320.0,54507.8,40.0,30593087.0,9,,,,,,
13/046,2013-04-23,7.0,20.0,23.0,29.0,35.0,41.0,6.0,,3.0,3.0,5.0,1.0,1.0,1.0,2.0,1.0,1.0,0.0,0.0,2.5,720670.0,40.5,118620.0,169.0,9600.0,3080.1,640.0,4774.9,320.0,58694.6,40.0,38275151.0,7,,,,,,
13/047,2013-04-25,14.0,15.0,17.0,22.0,38.0,48.0,19.0,,4.0,2.0,2.0,4.0,0.0,3.0,1.0,1.0,1.0,0.0,0.0,0.5,1024935.0,70.0,78090.0,142.0,9600.0,3498.2,640.0,4033.2,320.0,67733.6,40.0,41887781.0,14,,,,,,
13/048,2013-04-27,4.0,7.0,16.0,23.0,26.0,28.0,9.0,,4.0,2.0,2.0,4.0,2.0,1.0,3.0,0.0,0.0,0.0,0.0,4.5,310250.0,99.5,37410.0,433.7,9600.0,5238.3,640.0,9784.0,320.0,87086.8,40.0,45108692.0,4,,,,,,
13/049,2013-04-30,4.0,18.0,24.0,30.0,31.0,49.0,36.0,4,3.0,3.0,2.0,4.0,1.0,1.0,2.0,1.0,1.0,0.5,16976605.0,0.0,0.0,91.5,76940.0,214.5,9600.0,5340.2,640.0,7381.7,320.0,98762.4,40.0,57651884.0,4,,,,,,
13/050,2013-05-02,1.0,5.0,28.0,31.0,44.0,46.0,14.0,31,2.0,4.0,3.0,3.0,2.0,0.0,1.0,1.0,2.0,0.0,0.0,1.5,1510100.0,50.0,120800.0,146.0,9600.0,3143.4,640.0,4168.1,320.0,63806.2,40.0,44248131.0,1,,,,,,
13/051,2013-05-04,1.0,10.0,29.0,40.0,44.0,49.0,33.0,"1,44",2.0,4.0,3.0,3.0,2.0,0.0,1.0,1.0,2.0,0.0,0.0,0.5,1158710.0,89.0,69430.0,199.0,9600.0,4627.0,640.0,5967.4,320.0,75328.5,40.0,49577572.0,1,,,,,,
13/052,2013-05-07,5.0,9.0,14.0,24.0,29.0,37.0,36.0,29,4.0,2.0,4.0,2.0,2.0,1.0,2.0,1.0,0.0,0.0,0.0,3.5,927850.0,115.0,75300.0,291.0,9600.0,6721.4,640.0,8548.0,320.0,125620.2,40.0,71568032.0,5,,,,,,
13/053,2013-05-09,12.0,14.0,15.0,16.0,22.0,34.0,13.0,14,5.0,1.0,1.0,5.0,0.0,4.0,1.0,1.0,0.0,1.0,55390220.0,3.0,1236040.0,127.2,77730.0,508.6,9600.0,6937.6,640.0,9610.3,320.0,127335.8,40.0,82698344.0,12,,,,,,
13/054,2013-05-12,1.0,6.0,11.0,16.0,20.0,25.0,22.0,16,5.0,1.0,3.0,3.0,2.0,3.0,1.0,0.0,0.0,0.0,0.0,3.0,355740.0,127.5,22320.0,213.0,9600.0,4505.0,640.0,4790.4,320.0,66552.1,40.0,31373459.0,1,,,,,,
13/055,2013-05-14,2.0,11.0,16.0,19.0,44.0,47.0,27.0,"11,16",4.0,2.0,3.0,3.0,1.0,3.0,0.0,0.0,2.0,0.0,0.0,1.0,1912700.0,46.5,109680.0,130.0,9600.0,2446.5,640.0,3997.4,320.0,50513.8,40.0,37270330.0,2,,,,,,
13/056,2013-05-16,7.0,18.0,27.0,32.0,42.0,48.0,17.0,,2.0,4.0,2.0,4.0,1.0,1.0,1.0,1.0,2.0,1.0,18419630.0,4.5,346770.0,78.5,53010.0,311.5,9600.0,4011.9,640.0,7336.2,320.0,67816.3,40.0,40834305.0,7,,,,,,
13/057,2013-05-19,4.0,14.0,24.0,30.0,43.0,48.0,34.0,48,3.0,3.0,1.0,5.0,1.0,1.0,2.0,0.0,2.0,0.0,0.0,3.0,332940.0,45.0,59180.0,418.0,9600.0,2123.2,640.0,5913.5,320.0,41964.1,40.0,30110924.0,4,,,,,,
13/058,2013-05-21,11.0,12.0,16.0,18.0,23.0,31.0,36.0,,5.0,1.0,3.0,3.0,0.0,4.0,1.0,1.0,0.0,0.0,0.0,3.0,524470.0,51.0,82270.0,143.4,9600.0,3937.1,640.0,4298.5,320.0,67732.0,40.0,36126326.0,11,,,,,,
13/059,2013-05-23,12.0,24.0,27.0,45.0,47.0,49.0,6.0,12,2.0,4.0,4.0,2.0,0.0,1.0,2.0,0.0,3.0,0.0,0.0,0.0,0.0,58.0,95730.0,139.0,9600.0,2771.0,640.0,4428.7,320.0,54537.1,40.0,40667482.0,12,,,,,,
13/060,2013-05-25,3.0,8.0,10.0,25.0,26.0,40.0,38.0,,3.0,3.0,2.0,4.0,3.0,0.0,2.0,1.0,0.0,1.0,25067670.0,7.0,191360.0,188.0,19200.0,489.0,9600.0,6725.7,640.0,9056.9,320.0,98432.4,40.0,45624115.0,3,,,,,,
13/061,2013-05-28,1.0,4.0,5.0,6.0,9.0,25.0,27.0,25,5.0,1.0,4.0,2.0,5.0,0.0,1.0,0.0,0.0,7.5,1066660.0,10.5,38400.0,531.0,19200.0,530.5,9600.0,13770.3,640.0,7906.6,320.0,110182.4,40.0,32689258.0,1,,,,,,
13/062,2013-05-30,15.0,17.0,22.0,27.0,36.0,46.0,23.0,,3.0,3.0,3.0,3.0,0.0,2.0,2.0,1.0,1.0,1.0,8000000.0,0.0,0.0,57.5,67370.0,98.0,9600.0,2699.0,640.0,3105.1,320.0,47099.2,40.0,29980083.0,15,,,,,,
13/063,2013-06-01,1.0,23.0,27.0,36.0,45.0,49.0,7.0,"27,36",2.0,4.0,5.0,1.0,1.0,0.0,2.0,1.0,2.0,0.0,0.0,0.0,0.0,45.5,80140.0,135.5,9600.0,2552.6,640.0,4215.3,320.0,41764.1,40.0,29578374.0,1,,,,,,
13/064,2013-06-04,9.0,17.0,26.0,36.0,40.0,48.0,2.0,36,2.0,4.0,2.0,4.0,1.0,1.0,1.0,2.0,1.0,0.0,0.0,1.0,1981980.0,64.0,82580.0,145.5,9600.0,3068.9,640.0,4640.0,320.0,60462.6,40.0,40341214.0,9,,,,,,
13/065,2013-06-06,10.0,16.0,20.0,28.0,32.0,48.0,30.0,48,3.0,3.0,0.0,6.0,1.0,2.0,1.0,1.0,1.0,1.0,20831590.0,2.5,735750.0,67.5,72660.0,262.7,9600.0,3777.1,640.0,6499.9,320.0,66878.2,40.0,42906733.0,10,,,,,,
13/066,2013-06-09,15.0,18.0,22.0,24.0,42.0,44.0,28.0,,4.0,2.0,1.0,5.0,0.0,2.0,2.0,0.0,2.0,0.0,0.0,0.5,764725.0,60.0,67970.0,157.5,9600.0,2819.0,640.0,3602.7,320.0,49137.1,40.0,32665444.0,15,,,,,,
13/067,2013-06-11,1.0,14.0,21.0,35.0,39.0,40.0,5.0,,3.0,3.0,4.0,2.0,1.0,1.0,1.0,3.0,0.0,0.5,37413035.0,5.0,1321730.0,174.0,101280.0,469.0,9600.0,10536.6,640.0,14238.1,320.0,196171.0,40.0,133452185.0,1,,,,,,
13/068,2013-06-13,3.0,11.0,26.0,32.0,35.0,43.0,1.0,35,2.0,4.0,4.0,2.0,1.0,1.0,1.0,2.0,1.0,0.0,0.0,1.0,3394200.0,105.0,86200.0,214.0,9600.0,5745.6,640.0,7276.0,320.0,103919.7,40.0,68671567.0,3,,,,,,
13/069,2013-06-15,9.0,14.0,27.0,29.0,42.0,45.0,44.0,,2.0,4.0,4.0,2.0,1.0,1.0,2.0,0.0,2.0,1.0,58303910.0,0.5,1784710.0,88.5,107550.0,238.0,9600.0,5841.2,640.0,7195.9,320.0,114154.9,40.0,72299395.0,9,,,,,,
13/070,2013-06-18,9.0,22.0,23.0,31.0,45.0,47.0,39.0,"9,45",3.0,3.0,5.0,1.0,1.0,0.0,2.0,1.0,2.0,1.0,8000000.0,1.0,1744440.0,40.0,116290.0,131.0,9600.0,2481.2,640.0,3302.9,320.0,49175.0,40.0,34535797.0,9,,,,,,
13/071,2013-06-20,11.0,14.0,16.0,29.0,31.0,46.0,30.0,31,3.0,3.0,3.0,3.0,0.0,3.0,1.0,1.0,1.0,1.0,8000000.0,1.5,1052440.0,42.5,99050.0,113.5,9600.0,2122.2,640.0,2952.9,320.0,42983.6,40.0,30884182.0,11,,,,,,
13/072,2013-06-22,23.0,25.0,34.0,40.0,42.0,46.0,39.0,46,1.0,5.0,2.0,4.0,0.0,0.0,2.0,2.0,2.0,0.0,0.0,0.0,0.0,25.5,173350.0,64.0,9600.0,1560.0,640.0,2178.4,320.0,32348.7,40.0,29162709.0,23,,,,,,
13/073,2013-06-25,17.0,20.0,29.0,35.0,38.0,40.0,22.0,40,2.0,4.0,3.0,3.0,0.0,2.0,1.0,3.0,0.0,0.0,0.0,1.0,2073320.0,46.5,118900.0,127.0,9600.0,2642.6,640.0,3903.9,320.0,50688.4,40.0,39586013.0,17,,,,,,
13/074,2013-06-27,16.0,34.0,37.0,42.0,47.0,48.0,17.0,,1.0,5.0,2.0,4.0,0.0,1.0,0.0,2.0,3.0,0.0,0.0,1.5,1484080.0,57.5,103240.0,144.0,9600.0,2916.5,640.0,4740.5,320.0,57539.4,40.0,43289101.0,16,,,,,,
13/075,2013-06-29,1.0,3.0,4.0,26.0,34.0,37.0,14.0,"34,37",3.0,3.0,3.0,3.0,3.0,0.0,1.0,2.0,0.0,0.0,0.0,1.0,2067770.0,71.0,77660.0,249.5,9600.0,4275.2,640.0,6643.3,320.0,80204.2,40.0,47433065.0,1,,,,,,
13/076,2013-07-02,7.0,19.0,28.0,33.0,43.0,45.0,13.0,,2.0,4.0,5.0,1.0,1.0,1.0,1.0,1.0,2.0,0.0,0.0,10.0,185540.0,110.5,44770.0,589.0,9600.0,5520.0,640.0,12491.1,320.0,93027.6,40.0,56478658.0,7,,,,,,
13/077,2013-07-06,6.0,9.0,27.0,29.0,43.0,47.0,17.0,43,2.0,4.0,5.0,1.0,2.0,0.0,2.0,0.0,2.0,0.0,0.0,6.0,528240.0,173.5,48710.0,558.0,9600.0,9007.7,640.0,13967.9,320.0,153787.1,40.0,83263998.0,6,,,,,,
13/078,2013-07-09,1.0,4.0,15.0,38.0,40.0,46.0,49.0,,3.0,3.0,2.0,4.0,2.0,1.0,0.0,2.0,1.0,0.0,0.0,6.5,675980.0,129.5,90470.0,342.0,9600.0,6686.0,640.0,10756.0,320.0,133264.5,40.0,89860511.0,1,,,,,,
13/079,2013-07-11,14.0,26.0,28.0,38.0,39.0,45.0,8.0,38,1.0,5.0,2.0,4.0,0.0,1.0,2.0,2.0,1.0,0.5,35110875.0,3.0,1467310.0,180.0,65210.0,549.5,9600.0,8973.4,640.0,14588.5,320.0,156833.1,40.0,100386281.0,14,,,,,,
13/080,2013-07-13,7.0,14.0,18.0,23.0,32.0,46.0,42.0,14,4.0,2.0,2.0,4.0,1.0,2.0,1.0,1.0,1.0,1.0,44225450.0,4.5,675150.0,109.0,74320.0,320.0,9600.0,5180.5,640.0,7135.1,320.0,95673.0,40.0,64362027.0,7,,,,,,
13/081,2013-07-16,3.0,18.0,19.0,20.0,37.0,47.0,25.0,18,4.0,2.0,4.0,2.0,1.0,3.0,0.0,1.0,1.0,0.0,0.0,9.5,473340.0,137.0,87520.0,423.5,9600.0,7188.3,640.0,10520.0,320.0,137802.2,40.0,93496029.0,3,,,,,,
13/082,2013-07-18,14.0,18.0,28.0,32.0,36.0,46.0,44.0,18,2.0,4.0,0.0,6.0,0.0,2.0,1.0,2.0,1.0,0.0,0.0,4.5,922810.0,154.5,71670.0,318.0,9600.0,8532.0,640.0,8656.5,320.0,140964.8,40.0,87674813.0,14,,,,,,
13/083,2013-07-21,3.0,17.0,20.0,26.0,33.0,47.0,34.0,,3.0,3.0,4.0,2.0,1.0,2.0,1.0,1.0,1.0,2.0,40791000.0,4.0,1469470.0,215.0,72900.0,544.0,9600.0,10946.7,640.0,14476.3,320.0,199969.9,40.0,125779952.0,3,,,,,,
13/084,2013-07-23,6.0,8.0,17.0,22.0,28.0,32.0,20.0,17,4.0,2.0,1.0,5.0,2.0,1.0,2.0,1.0,0.0,1.0,8000000.0,0.0,0.0,82.0,37330.0,158.6,9600.0,4450.9,640.0,4311.4,320.0,70462.6,40.0,31445786.0,6,,,,,,
13/085,2013-07-25,20.0,23.0,27.0,32.0,34.0,49.0,30.0,32,2.0,4.0,3.0,3.0,0.0,1.0,2.0,2.0,1.0,1.0,8000000.0,1.5,1181620.0,27.0,175050.0,104.0,9600.0,1910.6,640.0,2809.8,320.0,40906.3,40.0,32854469.0,20,,,,,,
13/086,2013-07-27,1.0,3.0,7.0,22.0,28.0,36.0,21.0,,4.0,2.0,3.0,3.0,3.0,0.0,2.0,1.0,0.0,0.5,4000000.0,4.0,212520.0,142.5,19200.0,410.7,9600.0,5567.6,640.0,7145.0,320.0,81029.8,40.0,31218814.0,1,,,,,,
13/087,2013-07-30,8.0,12.0,31.0,33.0,42.0,44.0,49.0,,2.0,4.0,2.0,4.0,1.0,1.0,0.0,2.0,2.0,0.0,0.0,3.0,655870.0,50.0,104930.0,103.5,9600.0,2999.7,640.0,3246.0,320.0,58604.8,40.0,38353899.0,8,,,,,,
13/088,2013-08-01,6.0,8.0,10.0,19.0,20.0,22.0,42.0,8,6.0,0.0,1.0,5.0,3.0,2.0,1.0,0.0,0.0,0.5,7136690.0,2.0,728420.0,171.0,22710.0,129.5,9600.0,7094.4,640.0,4430.0,320.0,97216.9,40.0,40301356.0,6,,,,,,
13/089,2013-08-03,5.0,6.0,12.0,23.0,38.0,39.0,48.0,6,4.0,2.0,3.0,3.0,2.0,1.0,1.0,2.0,0.0,1.0,12093300.0,2.0,826100.0,63.5,69380.0,157.5,9600.0,3893.7,640.0,4065.0,320.0,67095.0,40.0,37208568.0,5,,,,,,
13/090,2013-08-06,4.0,11.0,15.0,19.0,32.0,44.0,42.0,,4.0,2.0,3.0,3.0,1.0,3.0,0.0,1.0,1.0,0.0,0.0,2.0,875200.0,45.5,102580.0,116.5,9600.0,2723.1,640.0,3172.0,320.0,52871.6,40.0,34841808.0,4,,,,,,
13/091,2013-08-08,13.0,15.0,23.0,25.0,26.0,29.0,9.0,15,3.0,3.0,5.0,1.0,0.0,2.0,4.0,0.0,0.0,0.0,0.0,2.5,701600.0,67.0,69810.0,175.0,9600.0,3221.1,640.0,5965.9,320.0,57104.0,40.0,38490105.0,13,,,,,,
13/092,2013-08-10,3.0,10.0,20.0,30.0,41.0,44.0,31.0,,3.0,3.0,2.0,4.0,2.0,1.0,1.0,0.0,2.0,0.0,0.0,0.0,0.0,78.5,57390.0,247.0,9600.0,4535.6,640.0,5120.2,320.0,69479.9,40.0,40870246.0,3,,,,,,
13/093,2013-08-13,1.0,6.0,31.0,41.0,42.0,49.0,44.0,41,2.0,4.0,4.0,2.0,2.0,0.0,0.0,1.0,3.0,0.0,0.0,1.0,2318910.0,73.5,84130.0,184.0,9600.0,4544.7,640.0,5088.0,320.0,79020.3,40.0,48985871.0,1,,,,,,
13/094,2013-08-15,10.0,16.0,22.0,26.0,31.0,42.0,23.0,"31,42",3.0,3.0,1.0,5.0,1.0,1.0,2.0,1.0,1.0,0.0,0.0,1.5,1740160.0,65.0,107080.0,155.5,9600.0,4142.9,640.0,5730.5,320.0,78904.3,40.0,52327571.0,10,,,,,,
13/095,2013-08-17,9.0,14.0,30.0,31.0,32.0,49.0,1.0,31,2.0,4.0,3.0,3.0,1.0,1.0,1.0,2.0,1.0,0.0,0.0,5.5,525830.0,86.0,89670.0,307.5,9600.0,5054.6,640.0,9047.5,320.0,96360.5,40.0,63192570.0,9,,,,,,
13/096,2013-08-20,13.0,14.0,15.0,31.0,46.0,48.0,36.0,"14,31",3.0,3.0,3.0,3.0,0.0,3.0,0.0,1.0,2.0,0.0,0.0,3.0,1377010.0,88.5,124470.0,262.0,9600.0,5575.2,640.0,7841.2,320.0,109982.4,40.0,80103560.0,13,,,,,,
13/097,2013-08-22,1.0,16.0,25.0,33.0,41.0,49.0,46.0,,2.0,4.0,5.0,1.0,1.0,1.0,1.0,1.0,2.0,2.0,34624400.0,3.0,1485700.0,231.0,51450.0,322.0,9600.0,8793.5,640.0,9000.0,320.0,144216.3,40.0,92630564.0,1,,,,,,
13/098,2013-08-24,3.0,6.0,10.0,14.0,15.0,20.0,33.0,,6.0,0.0,2.0,4.0,3.0,3.0,0.0,0.0,0.0,2.0,4000000.0,0.5,393010.0,142.0,19200.0,156.9,9600.0,5009.2,640.0,3666.5,320.0,70357.3,40.0,29656629.0,3,,,,,,
13/099,2013-08-27,9.0,14.0,29.0,30.0,32.0,36.0,20.0,14,2.0,4.0,2.0,4.0,1.0,1.0,2.0,2.0,0.0,0.0,0.0,2.0,756770.0,65.0,62090.0,156.9,9600.0,3358.3,640.0,4423.2,320.0,60290.9,40.0,34390619.0,9,,,,,,
13/100,2013-08-29,24.0,25.0,28.0,35.0,38.0,47.0,16.0,,1.0,5.0,3.0,3.0,0.0,0.0,3.0,2.0,1.0,0.0,0.0,1.0,1840390.0,64.5,76080.0,150.5,9600.0,3195.5,640.0,4079.2,320.0,57842.2,40.0,38132822.0,24,,,,,,
13/101,2013-08-31,3.0,6.0,17.0,18.0,42.0,43.0,36.0,,4.0,2.0,3.0,3.0,2.0,2.0,0.0,0.0,2.0,0.0,0.0,5.0,344300.0,108.0,42500.0,244.5,9600.0,4030.9,640.0,5782.9,320.0,71601.1,40.0,41210052.0,3,,,,,,
13/102,2013-09-03,21.0,25.0,26.0,33.0,35.0,39.0,17.0,,1.0,5.0,5.0,1.0,0.0,0.0,3.0,3.0,0.0,1.0,26604050.0,2.0,1319710.0,67.5,104270.0,197.5,9600.0,3563.4,640.0,5558.8,320.0,73344.4,40.0,52269772.0,21,,,,,,
13/103,2013-09-05,1.0,7.0,22.0,28.0,29.0,49.0,37.0,,3.0,3.0,4.0,2.0,2.0,0.0,3.0,0.0,1.0,0.0,0.0,2.0,526000.0,123.5,22710.0,164.4,9600.0,4952.4,640.0,3874.9,320.0,72757.8,40.0,30750197.0,1,,,,,,
13/104,2013-09-07,7.0,10.0,17.0,18.0,28.0,30.0,6.0,"7,28",4.0,2.0,2.0,4.0,2.0,2.0,2.0,0.0,0.0,0.0,0.0,7.0,154360.0,116.0,24830.0,367.2,9600.0,4824.8,640.0,7904.1,320.0,72533.4,40.0,36648286.0,7,,,,,,
13/105,2013-09-10,8.0,12.0,19.0,39.0,48.0,49.0,17.0,,3.0,3.0,3.0,3.0,1.0,2.0,0.0,1.0,2.0,0.0,0.0,2.0,930200.0,83.5,59410.0,213.5,9600.0,5256.5,640.0,5078.4,320.0,83231.3,40.0,44439814.0,8,,,,,,
13/106,2013-09-12,1.0,14.0,26.0,28.0,31.0,48.0,36.0,48,2.0,4.0,2.0,4.0,1.0,1.0,2.0,1.0,1.0,1.0,23254270.0,2.0,1071900.0,78.5,72820.0,222.5,9600.0,3995.9,640.0,6019.2,320.0,77353.2,40.0,47072568.0,1,,,,,,
13/107,2013-09-14,6.0,21.0,29.0,39.0,40.0,47.0,33.0,,2.0,4.0,4.0,2.0,1.0,0.0,2.0,2.0,1.0,0.0,0.0,1.0,1601020.0,39.5,108080.0,71.0,9600.0,2015.2,640.0,2928.2,320.0,39355.6,40.0,30021678.0,6,,,,,,
13/108,2013-09-16,17.0,22.0,31.0,39.0,45.0,47.0,49.0,"39,47",2.0,4.0,5.0,1.0,0.0,1.0,1.0,2.0,2.0,1.0,12902140.0,1.0,1634040.0,55.0,79220.0,82.0,9600.0,2128.0,640.0,3303.0,320.0,39191.0,40.0,31008824.0,17,,,,,,
13/109,2013-09-19,3.0,15.0,18.0,26.0,45.0,49.0,41.0,45,3.0,3.0,4.0,2.0,1.0,2.0,1.0,0.0,2.0,0.5,41984065.0,8.5,939920.0,232.0,91830.0,521.5,9600.0,13264.0,640.0,15523.2,320.0,256560.8,40.0,161584207.0,3,,,,,,
13/110,2013-09-21,22.0,25.0,35.0,36.0,39.0,47.0,31.0,,1.0,5.0,4.0,2.0,0.0,0.0,2.0,3.0,1.0,0.0,0.0,3.0,1052320.0,125.0,67340.0,290.0,9600.0,5426.6,640.0,8342.6,320.0,99465.7,40.0,66728177.0,22,,,,,,
13/111,2013-09-24,13.0,25.0,26.0,29.0,30.0,39.0,19.0,"25,39",1.0,5.0,4.0,2.0,0.0,1.0,4.0,1.0,0.0,0.0,0.0,3.0,1276560.0,162.2,62960.0,355.0,9600.0,7641.9,640.0,9797.7,320.0,132122.7,40.0,82917426.0,13,,,,,,
13/112,2013-09-26,3.0,6.0,7.0,9.0,11.0,28.0,34.0,,5.0,1.0,4.0,2.0,4.0,1.0,1.0,0.0,0.0,4.0,16641090.0,7.5,160900.0,820.2,19200.0,624.0,9600.0,28132.1,640.0,14518.8,320.0,315291.1,40.0,104675185.0,3,,,,,,
13/113,2013-09-28,33.0,39.0,40.0,43.0,48.0,49.0,34.0,,0.0,6.0,4.0,2.0,0.0,0.0,0.0,3.0,3.0,0.5,4000000.0,4.5,326060.0,103.5,37800.0,142.0,9600.0,2981.0,640.0,3080.9,320.0,46542.6,40.0,31237130.0,33,,,,,,
13/114,2013-09-30,1.0,11.0,29.0,40.0,43.0,44.0,4.0,"40,43",2.0,4.0,4.0,2.0,1.0,1.0,1.0,1.0,2.0,0.0,0.0,0.0,0.0,31.0,134660.0,100.0,9600.0,1899.1,640.0,3557.2,320.0,40253.3,40.0,30355885.0,1,,,,,,
13/115,2013-10-03,14.0,17.0,26.0,32.0,35.0,41.0,15.0,,2.0,4.0,3.0,3.0,0.0,2.0,1.0,2.0,1.0,0.5,8726735.0,0.5,1198625.0,94.5,67640.0,178.5,9600.0,4057.4,640.0,5392.0,320.0,69694.0,40.0,48862692.0,14,,,,,,
13/116,2013-10-05,4.0,6.0,9.0,29.0,31.0,36.0,20.0,,3.0,3.0,3.0,3.0,3.0,0.0,1.0,2.0,0.0,0.0,0.0,1.0,1370970.0,84.5,43260.0,217.5,9600.0,5698.9,640.0,5708.3,320.0,92189.0,40.0,39432042.0,4,,,,,,
13/117,2013-10-08,1.0,3.0,6.0,7.0,15.0,27.0,30.0,6,5.0,1.0,5.0,1.0,4.0,1.0,1.0,0.0,0.0,3.5,5191970.0,6.0,229640.0,239.0,19200.0,446.3,9600.0,11372.8,640.0,9430.8,320.0,140385.7,40.0,51385237.0,1,,,,,,
13/118,2013-10-10,8.0,9.0,11.0,16.0,17.0,38.0,20.0,,5.0,1.0,3.0,3.0,2.0,3.0,0.0,1.0,0.0,0.0,0.0,1.5,726190.0,88.5,32820.0,211.5,9600.0,4757.4,640.0,5299.2,320.0,80569.9,40.0,33284946.0,8,,,,,,
13/119,2013-10-13,24.0,28.0,35.0,37.0,42.0,48.0,38.0,,1.0,5.0,2.0,4.0,0.0,0.0,2.0,2.0,2.0,0.0,0.0,0.5,983270.0,72.5,72330.0,134.0,9600.0,3181.5,640.0,4425.5,320.0,56874.9,40.0,39667804.0,24,,,,,,
13/120,2013-10-15,4.0,20.0,27.0,33.0,41.0,46.0,12.0,,2.0,4.0,3.0,3.0,1.0,1.0,1.0,1.0,2.0,0.5,10851060.0,1.0,2273070.0,58.5,103610.0,161.0,9600.0,2592.5,640.0,4393.0,320.0,54261.0,40.0,43395498.0,4,,,,,,
13/121,2013-10-17,1.0,11.0,24.0,35.0,44.0,45.0,49.0,,3.0,3.0,4.0,2.0,1.0,1.0,1.0,1.0,2.0,0.5,8344915.0,1.0,1946250.0,62.5,83040.0,178.0,9600.0,3066.2,640.0,5150.0,320.0,57184.1,40.0,40490457.0,1,,,,,,
13/122,2013-10-19,1.0,10.0,31.0,41.0,44.0,47.0,18.0,"1,44",2.0,4.0,4.0,2.0,2.0,0.0,0.0,1.0,3.0,0.0,0.0,0.5,891580.0,37.5,126800.0,108.0,9600.0,2941.2,640.0,3275.9,320.0,50754.5,40.0,35298297.0,1,,,,,,
13/123,2013-10-22,5.0,9.0,34.0,36.0,41.0,49.0,26.0,41,2.0,4.0,4.0,2.0,2.0,0.0,0.0,2.0,2.0,0.0,0.0,2.0,1123890.0,70.0,85630.0,192.5,9600.0,3591.0,640.0,5428.0,320.0,72372.7,40.0,46750892.0,5,,,,,,
13/124,2013-10-24,9.0,10.0,22.0,24.0,43.0,44.0,30.0,9,4.0,2.0,2.0,4.0,2.0,0.0,2.0,0.0,2.0,1.0,27369500.0,2.5,805350.0,103.5,51870.0,313.5,9600.0,4862.1,640.0,6242.4,320.0,85311.1,40.0,48669269.0,9,,,,,,
13/125,2013-10-26,6.0,15.0,30.0,38.0,47.0,48.0,40.0,,2.0,4.0,2.0,4.0,1.0,1.0,1.0,1.0,2.0,0.0,0.0,1.0,1502760.0,31.5,127210.0,96.5,9600.0,2060.5,640.0,2770.5,320.0,43057.2,40.0,29376359.0,6,,,,,,
13/126,2013-10-29,1.0,20.0,22.0,25.0,34.0,47.0,17.0,47,3.0,3.0,3.0,3.0,1.0,1.0,2.0,1.0,1.0,0.0,0.0,0.0,0.0,42.5,125530.0,147.0,9600.0,2581.7,640.0,4276.7,320.0,52864.3,40.0,39265357.0,1,,,,,,
13/127,2013-10-31,2.0,9.0,29.0,43.0,46.0,47.0,21.0,47,2.0,4.0,4.0,2.0,2.0,0.0,1.0,0.0,3.0,0.0,0.0,0.0,0.0,44.5,136880.0,142.5,9600.0,3216.0,640.0,4388.2,320.0,66355.2,40.0,44849354.0,2,,,,,,
13/128,2013-11-02,8.0,18.0,19.0,29.0,31.0,34.0,36.0,29,3.0,3.0,3.0,3.0,1.0,2.0,1.0,2.0,0.0,0.5,16145210.0,1.0,2383700.0,81.0,78470.0,170.0,9600.0,4427.5,640.0,5253.0,320.0,81700.3,40.0,49773403.0,8,,,,,,
13/129,2013-11-05,4.0,22.0,25.0,37.0,38.0,42.0,20.0,,2.0,4.0,2.0,4.0,1.0,0.0,2.0,2.0,1.0,0.0,0.0,1.5,1542330.0,59.7,103330.0,145.0,9600.0,3718.4,640.0,4370.0,320.0,66938.7,40.0,45919322.0,4,,,,,,
13/130,2013-11-07,4.0,9.0,14.0,26.0,30.0,42.0,21.0,"4,42",3.0,3.0,1.0,5.0,2.0,1.0,2.0,0.0,1.0,0.0,0.0,1.5,1563980.0,76.0,82310.0,196.0,9600.0,4675.3,640.0,5475.0,320.0,84330.0,40.0,50343853.0,4,,,,,,
13/131,2013-11-10,13.0,31.0,32.0,35.0,39.0,42.0,16.0,42,1.0,5.0,4.0,2.0,0.0,1.0,0.0,4.0,1.0,0.0,0.0,1.0,2771180.0,76.0,97230.0,231.0,9600.0,4497.7,640.0,6654.9,320.0,83473.3,40.0,57159863.0,13,,,,,,
13/132,2013-11-12,18.0,19.0,21.0,28.0,47.0,49.0,46.0,,3.0,3.0,4.0,2.0,0.0,2.0,2.0,0.0,2.0,1.0,47714340.0,6.0,515390.0,110.5,74620.0,297.5,9600.0,5782.5,640.0,6920.0,320.0,105042.6,40.0,65977260.0,18,,,,,,
13/133,2013-11-14,3.0,8.0,10.0,25.0,29.0,34.0,32.0,,3.0,3.0,3.0,3.0,3.0,0.0,2.0,1.0,0.0,0.0,0.0,0.0,0.0,69.5,50270.0,104.7,9600.0,3859.6,640.0,3131.9,320.0,64169.5,40.0,30822750.0,3,,,,,,
13/134,2013-11-16,1.0,8.0,17.0,32.0,39.0,43.0,48.0,8,3.0,3.0,4.0,2.0,2.0,1.0,0.0,2.0,1.0,0.0,0.0,0.0,0.0,28.5,170740.0,113.5,9600.0,2586.2,640.0,3811.0,320.0,53020.5,40.0,36025904.0,1,,,,,,
13/135,2013-11-19,12.0,27.0,35.0,44.0,47.0,49.0,36.0,,1.0,5.0,4.0,2.0,0.0,1.0,1.0,1.0,3.0,0.5,11838315.0,5.5,428290.0,75.0,83750.0,210.0,9600.0,3756.0,640.0,5170.5,320.0,70724.1,40.0,48445488.0,12,,,,,,
13/136,2013-11-21,3.0,6.0,8.0,23.0,25.0,49.0,4.0,49,4.0,2.0,4.0,2.0,3.0,0.0,2.0,0.0,1.0,0.5,7976880.0,3.0,457270.0,87.0,42040.0,271.0,9600.0,4818.4,640.0,7429.4,320.0,82410.4,40.0,39646555.0,3,,,,,,
13/137,2013-11-23,3.0,18.0,20.0,21.0,30.0,41.0,13.0,3,4.0,2.0,3.0,3.0,1.0,2.0,2.0,0.0,1.0,0.0,0.0,1.5,1106170.0,54.5,81180.0,148.5,9600.0,3016.0,640.0,4063.4,320.0,53334.0,40.0,35083788.0,3,,,,,,
13/138,2013-11-26,9.0,10.0,12.0,31.0,34.0,44.0,18.0,,3.0,3.0,2.0,4.0,2.0,1.0,0.0,2.0,1.0,0.0,0.0,0.5,1006575.0,83.5,64290.0,149.7,9600.0,4330.5,640.0,5273.8,320.0,80665.8,40.0,44206096.0,9,,,,,,
13/139,2013-11-28,3.0,6.0,21.0,33.0,34.0,43.0,9.0,34,3.0,3.0,4.0,2.0,2.0,0.0,1.0,2.0,1.0,0.0,0.0,3.5,464190.0,82.5,52510.0,413.5,9600.0,4074.6,640.0,9693.2,320.0,72444.1,40.0,45331946.0,3,,,,,,
13/140,2013-11-30,2.0,15.0,19.0,34.0,42.0,45.0,14.0,34,3.0,3.0,3.0,3.0,1.0,2.0,0.0,1.0,2.0,0.0,0.0,0.5,1253360.0,67.5,99030.0,169.0,9600.0,3575.0,640.0,4751.9,320.0,65538.9,40.0,48920127.0,2,,,,,,
13/141,2013-12-03,1.0,17.0,24.0,29.0,39.0,40.0,21.0,,3.0,3.0,4.0,2.0,1.0,1.0,2.0,2.0,0.0,0.0,0.0,2.5,1294770.0,124.0,69610.0,237.5,9600.0,6261.6,640.0,6995.9,320.0,114771.2,40.0,68205230.0,1,,,,,,
13/142,2013-12-05,1.0,16.0,17.0,19.0,26.0,46.0,29.0,"1,17",4.0,2.0,3.0,3.0,1.0,3.0,1.0,0.0,1.0,0.0,0.0,1.5,2737840.0,109.0,100470.0,267.5,9600.0,6871.3,640.0,9120.0,320.0,130592.4,40.0,83692379.0,1,,,,,,
13/143,2013-12-07,5.0,18.0,24.0,26.0,41.0,44.0,20.0,26,3.0,3.0,2.0,4.0,1.0,1.0,2.0,0.0,2.0,0.0,0.0,4.0,1198960.0,108.0,118410.0,296.5,9600.0,6439.4,640.0,8953.4,320.0,130548.0,40.0,92942714.0,5,,,,,,
13/144,2013-12-10,1.0,8.0,17.0,30.0,36.0,46.0,16.0,,3.0,3.0,2.0,4.0,2.0,1.0,1.0,1.0,1.0,1.0,90951590.0,5.5,1265730.0,222.0,83620.0,640.7,9600.0,12274.3,640.0,19348.1,320.0,239981.8,40.0,149624782.0,1,,,,,,
13/145,2013-12-12,10.0,19.0,24.0,28.0,31.0,34.0,27.0,,3.0,3.0,2.0,4.0,1.0,1.0,2.0,2.0,0.0,0.0,0.0,1.0,1355060.0,88.0,41060.0,136.0,9600.0,3452.8,640.0,3754.8,320.0,57352.9,40.0,31367167.0,10,,,,,,
13/146,2013-12-14,6.0,14.0,15.0,38.0,46.0,49.0,29.0,,3.0,3.0,2.0,4.0,1.0,2.0,0.0,1.0,2.0,0.0,0.0,0.0,0.0,51.5,89750.0,125.5,9600.0,2774.5,640.0,3902.9,320.0,52852.8,40.0,35264384.0,6,,,,,,
13/147,2013-12-17,1.0,8.0,15.0,19.0,20.0,33.0,47.0,15,5.0,1.0,4.0,2.0,2.0,3.0,0.0,1.0,0.0,0.0,0.0,0.0,0.0,84.0,63470.0,157.0,9600.0,4619.6,640.0,4927.0,320.0,85590.3,40.0,44650817.0,1,,,,,,
13/148,2013-12-19,4.0,14.0,31.0,39.0,43.0,47.0,27.0,,2.0,4.0,4.0,2.0,1.0,1.0,0.0,2.0,2.0,0.0,0.0,1.5,1738000.0,67.0,103760.0,217.5,9600.0,3476.5,640.0,5149.0,320.0,68407.7,40.0,51473920.0,4,,,,,,
13/149,2013-12-22,12.0,13.0,18.0,41.0,43.0,49.0,39.0,43,3.0,3.0,4.0,2.0,0.0,3.0,0.0,0.0,3.0,2.5,16513930.0,1.0,2106500.0,73.5,114630.0,207.0,9600.0,4822.0,640.0,6280.2,320.0,96986.4,40.0,63168173.0,12,,,,,,
13/150,2013-12-25,4.0,21.0,25.0,45.0,47.0,49.0,6.0,49,2.0,4.0,5.0,1.0,1.0,0.0,2.0,0.0,3.0,0.0,0.0,2.5,757010.0,40.0,126160.0,127.0,9600.0,2549.0,640.0,4008.5,320.0,52397.4,40.0,37210957.0,4,,,,,,
13/151,2013-12-28,4.0,9.0,20.0,32.0,42.0,43.0,5.0,4,3.0,3.0,2.0,4.0,2.0,1.0,0.0,1.0,2.0,0.0,0.0,1.0,2052380.0,55.5,98610.0,165.0,9600.0,2930.7,640.0,4498.6,320.0,58921.3,40.0,41281122.0,4,,,,,,
13/152,2013-12-31,7.0,9.0,12.0,40.0,42.0,44.0,14.0,"9,42",3.0,3.0,2.0,4.0,2.0,1.0,0.0,1.0,2.0,0.0,0.0,3.0,855010.0,71.0,96340.0,183.5,9600.0,3822.0,640.0,5625.4,320.0,79710.1,40.0,51829303.0,7,,,,,,
14/001,2014-01-02,1.0,36.0,38.0,43.0,46.0,49.0,21.0,,1.0,5.0,3.0,3.0,1.0,0.0,0.0,2.0,3.0,1.0,51516650.0,2.5,1802220.0,213.5,56270.0,425.0,9600.0,11777.5,640.0,11912.0,320.0,193848.3,40.0,104057565.0,1,,,,,,
14/002,2014-01-04,6.0,16.0,31.0,32.0,44.0,49.0,43.0,49,2.0,4.0,2.0,4.0,1.0,1.0,0.0,2.0,2.0,0.0,0.0,0.0,0.0,30.0,146000.0,91.5,9600.0,1961.5,640.0,3091.0,320.0,41642.0,40.0,31151973.0,6,,,,,,
14/003,2014-01-07,9.0,16.0,30.0,31.0,38.0,41.0,46.0,"16,31",2.0,4.0,3.0,3.0,1.0,1.0,1.0,2.0,1.0,0.0,0.0,0.0,0.0,50.0,121610.0,134.5,9600.0,3213.1,640.0,4057.5,320.0,63472.7,40.0,44242000.0,9,,,,,,
14/004,2014-01-09,4.0,15.0,16.0,28.0,39.0,45.0,25.0,16,3.0,3.0,3.0,3.0,1.0,2.0,1.0,1.0,1.0,0.0,0.0,2.0,1186510.0,70.5,89760.0,188.5,9600.0,3861.2,640.0,5585.5,320.0,71153.3,40.0,48702069.0,4,,,,,,
14/005,2014-01-12,3.0,16.0,36.0,39.0,42.0,44.0,17.0,"16,39",2.0,4.0,2.0,4.0,1.0,1.0,0.0,2.0,2.0,1.0,34819980.0,3.0,992990.0,65.5,121280.0,162.0,9600.0,3771.2,640.0,5459.3,320.0,75180.3,40.0,56568555.0,3,,,,,,
14/006,2014-01-14,9.0,11.0,27.0,31.0,33.0,34.0,21.0,,2.0,4.0,5.0,1.0,1.0,1.0,1.0,3.0,0.0,0.0,0.0,2.0,639720.0,71.0,48050.0,194.3,9600.0,3246.0,640.0,5110.2,320.0,60737.3,40.0,32186606.0,9,,,,,,
14/007,2014-01-16,9.0,15.0,16.0,17.0,18.0,37.0,33.0,9,5.0,1.0,4.0,2.0,1.0,4.0,0.0,1.0,0.0,0.0,0.0,0.0,0.0,67.0,66030.0,193.9,9600.0,4177.4,640.0,4648.9,320.0,67634.8,40.0,38672617.0,9,,,,,,
14/008,2014-01-18,3.0,17.0,18.0,26.0,28.0,44.0,38.0,"17,18",3.0,3.0,2.0,4.0,1.0,2.0,2.0,0.0,1.0,1.0,20291470.0,1.0,1884910.0,60.5,83080.0,190.0,9600.0,3855.5,640.0,7256.5,320.0,73051.9,40.0,43230682.0,3,,,,,,
14/009,2014-01-21,8.0,20.0,23.0,34.0,37.0,49.0,44.0,,3.0,3.0,3.0,3.0,1.0,1.0,1.0,2.0,1.0,0.0,0.0,0.0,0.0,37.0,135560.0,94.5,9600.0,2301.5,640.0,2733.5,320.0,48675.8,40.0,35152208.0,8,,,,,,
14/010,2014-01-23,4.0,5.0,18.0,21.0,27.0,31.0,7.0,,4.0,2.0,4.0,2.0,2.0,1.0,2.0,1.0,0.0,0.0,0.0,1.5,1065140.0,67.5,63110.0,247.5,9600.0,3697.0,640.0,7628.9,320.0,65248.8,40.0,39811383.0,4,,,,,,
14/011,2014-01-25,5.0,20.0,37.0,38.0,43.0,48.0,6.0,5,2.0,4.0,3.0,3.0,1.0,1.0,0.0,2.0,2.0,0.0,0.0,2.0,1129230.0,50.5,119250.0,144.0,9600.0,2878.0,640.0,4941.5,320.0,56474.8,40.0,43722460.0,5,,,,,,
14/012,2014-01-28,4.0,20.0,27.0,30.0,31.0,37.0,18.0,"20,37",2.0,4.0,3.0,3.0,1.0,1.0,2.0,2.0,0.0,0.5,15137910.0,2.0,1471040.0,75.0,104600.0,228.4,9600.0,4276.8,640.0,6700.5,320.0,83610.9,40.0,59207724.0,4,,,,,,
14/013,2014-01-30,2.0,3.0,4.0,16.0,26.0,36.0,45.0,4,4.0,2.0,1.0,5.0,3.0,1.0,1.0,1.0,0.0,2.0,10656700.0,6.0,343080.0,163.5,33570.0,207.0,9600.0,6393.3,640.0,4969.5,320.0,101940.2,40.0,49680279.0,2,,,,,,
14/014,2014-02-04,11.0,13.0,15.0,39.0,48.0,49.0,37.0,,3.0,3.0,5.0,1.0,0.0,3.0,0.0,1.0,2.0,0.5,24107830.0,4.0,1517970.0,215.5,75130.0,484.0,9600.0,10130.5,640.0,13960.2,320.0,196515.9,40.0,125815762.0,11,,,,,,
14/015,2014-02-06,26.0,27.0,32.0,33.0,37.0,45.0,39.0,,0.0,6.0,4.0,2.0,0.0,0.0,2.0,3.0,1.0,1.0,33434650.0,3.5,888260.0,88.0,94210.0,233.5,9600.0,4398.0,640.0,6383.0,320.0,86373.5,40.0,61722146.0,26,,,,,,
14/016,2014-02-09,20.0,21.0,35.0,37.0,47.0,48.0,14.0,37,2.0,4.0,4.0,2.0,0.0,1.0,1.0,2.0,2.0,0.0,0.0,2.0,920550.0,47.0,104450.0,125.0,9600.0,2474.5,640.0,3133.3,320.0,45619.3,40.0,35368580.0,20,,,,,,
14/017,2014-02-11,7.0,10.0,24.0,25.0,27.0,29.0,19.0,,3.0,3.0,4.0,2.0,2.0,0.0,4.0,0.0,0.0,0.5,5771165.0,4.5,262390.0,108.4,29040.0,439.2,9600.0,5016.7,640.0,9251.3,320.0,77151.7,40.0,40048108.0,7,,,,,,
14/018,2014-02-13,19.0,23.0,25.0,40.0,46.0,49.0,30.0,25,2.0,4.0,4.0,2.0,0.0,1.0,2.0,1.0,2.0,0.0,0.0,0.0,0.0,42.5,122250.0,141.0,9600.0,2893.5,640.0,4161.0,320.0,49011.0,40.0,38466994.0,19,,,,,,
14/019,2014-02-15,2.0,14.0,30.0,32.0,36.0,45.0,11.0,,2.0,4.0,1.0,5.0,1.0,1.0,1.0,2.0,1.0,1.0,20075790.0,2.0,1085090.0,36.0,160750.0,150.0,9600.0,3007.7,640.0,4207.3,320.0,58012.5,40.0,42464185.0,2,,,,,,
14/020,2014-02-18,15.0,21.0,23.0,25.0,34.0,45.0,35.0,45,3.0,3.0,5.0,1.0,0.0,1.0,3.0,1.0,1.0,1.0,8000000.0,2.0,796940.0,44.5,95510.0,243.5,9600.0,2548.7,640.0,6160.7,320.0,46935.0,40.0,36100835.0,15,,,,,,
14/021,2014-02-20,3.0,5.0,24.0,26.0,31.0,40.0,45.0,,3.0,3.0,3.0,3.0,2.0,0.0,2.0,2.0,0.0,0.0,0.0,0.0,0.0,38.5,116010.0,100.5,9600.0,2664.0,640.0,2608.4,320.0,51465.1,40.0,33024865.0,3,,,,,,
14/022,2014-02-22,2.0,23.0,24.0,29.0,33.0,35.0,14.0,24,3.0,3.0,4.0,2.0,1.0,0.0,3.0,2.0,0.0,0.0,0.0,0.0,0.0,47.0,102360.0,128.0,9600.0,3068.3,640.0,4083.5,320.0,56515.6,40.0,36995816.0,2,,,,,,
14/023,2014-02-25,8.0,26.0,39.0,40.0,41.0,43.0,5.0,,1.0,5.0,3.0,3.0,1.0,0.0,1.0,2.0,2.0,0.0,0.0,3.0,838660.0,69.0,97230.0,198.0,9600.0,3699.9,640.0,4914.5,320.0,69478.2,40.0,50097476.0,8,,,,,,
14/024,2014-02-27,5.0,9.0,15.0,24.0,28.0,35.0,44.0,,4.0,2.0,4.0,2.0,2.0,1.0,2.0,1.0,0.0,0.0,0.0,1.0,2309070.0,101.5,60660.0,189.0,9600.0,5643.9,640.0,5602.4,320.0,100009.7,40.0,52103657.0,5,,,,,,
14/025,2014-03-02,11.0,16.0,19.0,21.0,38.0,46.0,34.0,,4.0,2.0,3.0,3.0,0.0,3.0,1.0,1.0,1.0,0.0,0.0,4.0,732950.0,102.0,76640.0,275.0,9600.0,5147.0,640.0,6935.9,320.0,94047.0,40.0,61840880.0,11,,,,,,
14/026,2014-03-04,3.0,13.0,16.0,19.0,27.0,33.0,22.0,"16,19",4.0,2.0,5.0,1.0,1.0,3.0,1.0,1.0,0.0,0.0,0.0,3.5,847610.0,137.0,57740.0,388.2,9600.0,7428.8,640.0,9921.2,320.0,128120.8,40.0,71323197.0,3,,,,,,
14/027,2014-03-06,6.0,10.0,20.0,27.0,39.0,46.0,38.0,27,3.0,3.0,2.0,4.0,2.0,1.0,1.0,1.0,1.0,1.0,61290980.0,2.5,1630450.0,117.5,92500.0,309.5,9600.0,6668.6,640.0,9207.4,320.0,132059.5,40.0,83943987.0,6,,,,,,
14/028,2014-03-08,2.0,3.0,16.0,17.0,24.0,32.0,40.0,,5.0,1.0,2.0,4.0,2.0,2.0,1.0,1.0,0.0,0.0,0.0,2.5,540150.0,57.0,63170.0,134.0,9600.0,2874.6,640.0,3034.1,320.0,51968.6,40.0,29756893.0,2,,,,,,
14/029,2014-03-11,4.0,6.0,15.0,28.0,30.0,33.0,27.0,,3.0,3.0,2.0,4.0,2.0,1.0,2.0,1.0,0.0,0.0,0.0,2.0,901270.0,53.0,90690.0,177.2,9600.0,3915.6,640.0,5562.8,320.0,73027.8,40.0,40951373.0,4,,,,,,
14/030,2014-03-13,7.0,10.0,17.0,19.0,20.0,22.0,30.0,,6.0,0.0,3.0,3.0,2.0,3.0,1.0,0.0,0.0,0.0,0.0,3.0,543190.0,116.0,37460.0,295.2,9600.0,5542.0,640.0,7303.3,320.0,87969.7,40.0,44768441.0,7,,,,,,
14/031,2014-03-15,2.0,15.0,21.0,24.0,29.0,46.0,27.0,,4.0,2.0,3.0,3.0,1.0,1.0,3.0,0.0,1.0,0.5,12447505.0,4.5,488780.0,88.5,66270.0,243.5,9600.0,3726.2,640.0,6417.3,320.0,69568.8,40.0,47541831.0,2,,,,,,
14/032,2014-03-18,2.0,17.0,23.0,35.0,42.0,48.0,27.0,2,3.0,3.0,3.0,3.0,1.0,1.0,1.0,1.0,2.0,0.0,0.0,3.5,652540.0,58.0,105000.0,157.5,9600.0,3113.5,640.0,4381.7,320.0,60482.4,40.0,44551899.0,2,,,,,,
14/033,2014-03-20,1.0,9.0,18.0,25.0,37.0,48.0,14.0,48,3.0,3.0,4.0,2.0,2.0,1.0,1.0,1.0,1.0,1.0,24047840.0,4.0,395710.0,140.5,30040.0,360.5,9600.0,6747.7,640.0,7208.4,320.0,98024.8,40.0,47413194.0,1,,,,,,
14/034,2014-03-22,11.0,20.0,21.0,26.0,34.0,49.0,4.0,,3.0,3.0,3.0,3.0,0.0,2.0,2.0,1.0,1.0,0.0,0.0,2.0,710400.0,26.5,142970.0,132.0,9600.0,2284.2,640.0,3797.9,320.0,45511.8,40.0,29951365.0,11,,,,,,
14/035,2014-03-25,22.0,28.0,35.0,36.0,44.0,45.0,6.0,,1.0,5.0,2.0,4.0,0.0,0.0,2.0,2.0,2.0,0.0,0.0,0.5,933605.0,75.5,65950.0,151.0,9600.0,3538.5,640.0,4782.8,320.0,61236.5,40.0,39580382.0,22,,,,,,
14/036,2014-03-27,7.0,23.0,35.0,42.0,45.0,49.0,36.0,"35,45",2.0,4.0,5.0,1.0,1.0,0.0,1.0,1.0,3.0,0.0,0.0,1.0,2163380.0,61.5,93800.0,116.5,9600.0,3398.2,640.0,4264.7,320.0,60135.4,40.0,42430218.0,7,,,,,,
14/037,2014-03-29,2.0,10.0,12.0,18.0,24.0,33.0,11.0,,5.0,1.0,1.0,5.0,2.0,2.0,1.0,1.0,0.0,0.0,0.0,2.5,605400.0,84.0,48040.0,313.0,9600.0,5087.7,640.0,8068.5,320.0,84699.4,40.0,43182929.0,2,,,,,,
14/038,2014-04-01,22.0,33.0,36.0,43.0,48.0,49.0,25.0,33,1.0,5.0,3.0,3.0,0.0,0.0,1.0,2.0,3.0,0.0,0.0,1.0,2592630.0,109.0,63420.0,210.5,9600.0,5184.0,640.0,5896.7,320.0,88003.4,40.0,55072818.0,22,,,,,,
14/039,2014-04-03,4.0,9.0,25.0,26.0,27.0,28.0,3.0,,2.0,4.0,3.0,3.0,2.0,0.0,4.0,0.0,0.0,1.0,38843580.0,8.5,215670.0,176.3,27720.0,639.5,9600.0,8679.2,640.0,13281.6,320.0,128360.3,40.0,62178045.0,4,,,,,,
14/040,2014-04-05,10.0,19.0,38.0,39.0,44.0,45.0,31.0,,2.0,4.0,3.0,3.0,1.0,1.0,0.0,2.0,2.0,0.0,0.0,0.0,0.0,35.5,112870.0,81.5,9600.0,2120.5,640.0,2569.0,320.0,38107.6,40.0,28693843.0,10,,,,,,
14/041,2014-04-08,11.0,24.0,31.0,45.0,46.0,47.0,6.0,45,2.0,4.0,4.0,2.0,0.0,1.0,1.0,1.0,3.0,0.5,7660295.0,3.5,554080.0,80.0,64640.0,196.5,9600.0,3460.0,640.0,4988.5,320.0,61825.3,40.0,41439738.0,11,,,,,,
14/042,2014-04-10,4.0,18.0,21.0,31.0,42.0,49.0,25.0,31,3.0,3.0,3.0,3.0,1.0,1.0,1.0,1.0,2.0,2.0,6996260.0,1.0,1583050.0,40.0,131920.0,113.0,9600.0,2555.4,640.0,3450.9,320.0,55264.9,40.0,38022212.0,4,,,,,,
14/043,2014-04-12,6.0,18.0,20.0,28.0,43.0,45.0,13.0,18,3.0,3.0,2.0,4.0,1.0,2.0,1.0,0.0,2.0,0.0,0.0,1.0,1434940.0,43.5,87960.0,100.5,9600.0,2113.5,640.0,3361.2,320.0,44906.0,40.0,29077211.0,6,,,,,,
14/044,2014-04-15,6.0,14.0,16.0,28.0,41.0,45.0,27.0,"6,28,45",3.0,3.0,2.0,4.0,1.0,2.0,1.0,0.0,2.0,0.0,0.0,0.0,0.0,41.0,126990.0,134.5,9600.0,2680.5,640.0,4471.5,320.0,55939.4,40.0,38850103.0,6,,,,,,
14/045,2014-04-17,12.0,14.0,17.0,23.0,24.0,45.0,42.0,"14,45",5.0,1.0,3.0,3.0,0.0,3.0,2.0,0.0,1.0,0.0,0.0,0.0,0.0,58.0,97300.0,135.5,9600.0,3256.4,640.0,4194.0,320.0,66435.8,40.0,42388389.0,12,,,,,,
14/046,2014-04-19,20.0,21.0,32.0,35.0,46.0,47.0,3.0,,2.0,4.0,3.0,3.0,0.0,1.0,1.0,2.0,2.0,0.0,0.0,1.0,2226110.0,59.0,100610.0,163.5,9600.0,2924.5,640.0,3988.5,320.0,55057.9,40.0,43015698.0,20,,,,,,
14/047,2014-04-22,1.0,3.0,12.0,29.0,36.0,41.0,14.0,,3.0,3.0,4.0,2.0,2.0,1.0,1.0,1.0,1.0,1.0,39356150.0,0.5,1400325.0,46.0,162350.0,188.0,9600.0,4696.0,640.0,6291.5,320.0,94893.9,40.0,57660970.0,1,,,,,,
14/048,2014-04-24,1.0,17.0,28.0,32.0,39.0,40.0,16.0,1,2.0,4.0,3.0,3.0,1.0,1.0,1.0,3.0,0.0,0.0,0.0,3.0,501690.0,29.5,136050.0,130.0,9600.0,2331.4,640.0,3460.3,320.0,42019.2,40.0,30656203.0,1,,,,,,
14/049,2014-04-26,9.0,12.0,22.0,27.0,36.0,47.0,46.0,,3.0,3.0,3.0,3.0,1.0,1.0,2.0,1.0,1.0,0.0,0.0,1.0,1540790.0,66.5,61780.0,116.0,9600.0,3437.9,640.0,3480.5,320.0,65070.3,40.0,33922771.0,9,,,,,,
14/050,2014-04-29,2.0,8.0,15.0,26.0,37.0,45.0,14.0,,3.0,3.0,3.0,3.0,2.0,1.0,1.0,1.0,1.0,0.5,8968035.0,2.0,885610.0,156.5,30180.0,175.5,9600.0,5776.2,640.0,4987.2,320.0,81217.4,40.0,42967089.0,2,,,,,,
14/051,2014-05-01,1.0,14.0,28.0,29.0,37.0,43.0,30.0,37,2.0,4.0,4.0,2.0,1.0,1.0,2.0,1.0,1.0,0.0,0.0,1.0,1806640.0,51.5,93540.0,102.5,9600.0,2689.2,640.0,3747.3,320.0,51909.3,40.0,35585385.0,1,,,,,,
14/052,2014-05-03,2.0,6.0,13.0,16.0,30.0,36.0,25.0,,4.0,2.0,1.0,5.0,2.0,2.0,1.0,1.0,0.0,0.0,0.0,1.0,1770890.0,55.5,85080.0,164.5,9600.0,4351.9,640.0,5389.3,320.0,74922.1,40.0,40850870.0,2,,,,,,
14/053,2014-05-06,10.0,23.0,33.0,36.0,39.0,44.0,30.0,36,2.0,4.0,3.0,3.0,1.0,0.0,1.0,3.0,1.0,0.0,0.0,3.5,664130.0,74.0,83760.0,182.5,9600.0,4044.5,640.0,4709.9,320.0,73226.0,40.0,47788375.0,10,,,,,,
14/054,2014-05-08,2.0,10.0,12.0,30.0,37.0,39.0,48.0,"10,39",3.0,3.0,2.0,4.0,2.0,1.0,1.0,2.0,0.0,0.5,17101365.0,1.0,2509550.0,77.0,86910.0,153.5,9600.0,4521.4,640.0,4880.0,320.0,84020.0,40.0,51249535.0,2,,,,,,
14/055,2014-05-11,11.0,16.0,26.0,38.0,45.0,49.0,5.0,,2.0,4.0,3.0,3.0,0.0,2.0,1.0,1.0,2.0,0.0,0.0,6.0,274850.0,73.0,60240.0,335.0,9600.0,3922.0,640.0,7805.0,320.0,72761.8,40.0,42991756.0,11,,,,,,
14/056,2014-05-13,9.0,20.0,22.0,32.0,35.0,41.0,8.0,,3.0,3.0,3.0,3.0,1.0,1.0,1.0,2.0,1.0,1.0,28382030.0,4.0,527770.0,84.0,67010.0,239.0,9600.0,4069.2,640.0,6386.4,320.0,71655.5,40.0,46804774.0,9,,,,,,
14/057,2014-05-15,9.0,12.0,16.0,24.0,34.0,35.0,7.0,"9,35",4.0,2.0,2.0,4.0,1.0,2.0,1.0,2.0,0.0,0.0,0.0,3.5,368420.0,56.9,60430.0,170.0,9600.0,2564.4,640.0,4852.3,320.0,48931.2,40.0,30055366.0,9,,,,,,
14/058,2014-05-18,9.0,12.0,21.0,27.0,37.0,45.0,7.0,"9,12",3.0,3.0,5.0,1.0,1.0,1.0,2.0,1.0,1.0,2.0,6261590.0,1.0,1130790.0,68.0,55430.0,224.9,9600.0,3327.5,640.0,6723.3,320.0,58859.0,40.0,35462451.0,9,,,,,,
14/059,2014-05-20,10.0,16.0,33.0,34.0,44.0,47.0,6.0,,2.0,4.0,2.0,4.0,1.0,1.0,0.0,2.0,2.0,0.0,0.0,1.5,998550.0,38.7,103210.0,108.0,9600.0,1984.0,640.0,3087.6,320.0,38620.6,40.0,29282558.0,10,,,,,,
14/060,2014-05-22,9.0,17.0,28.0,31.0,35.0,37.0,19.0,,2.0,4.0,5.0,1.0,1.0,1.0,1.0,3.0,0.0,0.0,0.0,0.0,0.0,59.0,72080.0,139.7,9600.0,3230.4,640.0,4290.5,320.0,58834.3,40.0,34851413.0,9,,,,,,
14/061,2014-05-24,2.0,4.0,14.0,30.0,39.0,41.0,49.0,,3.0,3.0,2.0,4.0,2.0,1.0,1.0,1.0,1.0,0.0,0.0,2.5,740630.0,51.0,96810.0,134.0,9600.0,3055.6,640.0,4137.0,320.0,56838.2,40.0,37785420.0,2,,,,,,
14/062,2014-05-27,3.0,10.0,16.0,30.0,34.0,44.0,1.0,30,3.0,3.0,1.0,5.0,2.0,1.0,1.0,1.0,1.0,0.0,0.0,4.0,1016180.0,126.0,86020.0,344.5,9600.0,7711.2,640.0,11460.7,320.0,136418.6,40.0,87305096.0,3,,,,,,
14/063,2014-05-29,4.0,14.0,19.0,24.0,26.0,48.0,35.0,,4.0,2.0,1.0,5.0,1.0,2.0,2.0,0.0,1.0,0.0,0.0,2.5,1663650.0,147.5,75190.0,297.0,9600.0,7832.5,640.0,8530.2,320.0,136362.7,40.0,86144548.0,4,,,,,,
14/064,2014-05-31,2.0,10.0,28.0,32.0,37.0,47.0,31.0,,2.0,4.0,2.0,4.0,2.0,0.0,1.0,2.0,1.0,0.5,34184320.0,3.5,1304480.0,178.5,68200.0,367.5,9600.0,8668.6,640.0,10027.5,320.0,153186.5,40.0,96037741.0,2,,,,,,
14/065,2014-06-02,3.0,13.0,19.0,20.0,36.0,39.0,15.0,,4.0,2.0,4.0,2.0,1.0,3.0,0.0,2.0,0.0,0.0,0.0,3.0,833680.0,90.5,73690.0,184.5,9600.0,4472.1,640.0,5506.0,320.0,81591.8,40.0,51817947.0,3,,,,,,
14/066,2014-06-04,10.0,11.0,25.0,33.0,40.0,46.0,6.0,,2.0,4.0,3.0,3.0,1.0,1.0,1.0,2.0,1.0,0.0,0.0,7.5,428960.0,153.5,55890.0,524.5,9600.0,7308.7,640.0,12977.8,320.0,129275.2,40.0,78900058.0,10,,,,,,
14/067,2014-06-07,4.0,8.0,13.0,19.0,44.0,48.0,27.0,,4.0,2.0,2.0,4.0,2.0,2.0,0.0,0.0,2.0,0.5,32779205.0,2.5,1895900.0,151.5,83420.0,396.5,9600.0,8412.5,640.0,11430.3,320.0,157720.9,40.0,99778571.0,4,,,,,,
14/068,2014-06-10,1.0,30.0,32.0,35.0,37.0,44.0,40.0,44,1.0,5.0,3.0,3.0,1.0,0.0,1.0,3.0,1.0,0.0,0.0,1.5,2524090.0,123.5,81750.0,221.0,9600.0,5404.5,640.0,6435.4,320.0,101071.2,40.0,73000021.0,1,,,,,,
14/069,2014-06-12,3.0,18.0,21.0,41.0,44.0,45.0,15.0,44,3.0,3.0,4.0,2.0,1.0,1.0,1.0,0.0,3.0,0.0,0.0,6.0,652680.0,94.0,111090.0,237.0,9600.0,5263.0,640.0,7619.7,320.0,105813.7,40.0,75933311.0,3,,,,,,
14/070,2014-06-17,3.0,4.0,15.0,16.0,23.0,45.0,21.0,"3,45",5.0,1.0,4.0,2.0,2.0,2.0,1.0,0.0,1.0,2.0,35820150.0,5.5,954800.0,204.0,68640.0,458.5,9600.0,11008.0,640.0,13144.1,320.0,182738.5,40.0,113767277.0,3,,,,,,
14/071,2014-06-19,3.0,17.0,24.0,30.0,31.0,44.0,7.0,3,3.0,3.0,3.0,3.0,1.0,1.0,2.0,1.0,1.0,0.0,0.0,4.0,369080.0,39.5,99660.0,150.0,9600.0,2313.2,640.0,4647.8,320.0,44777.4,40.0,31508201.0,3,,,,,,
14/072,2014-06-21,2.0,17.0,37.0,40.0,45.0,49.0,48.0,17,2.0,4.0,4.0,2.0,1.0,1.0,0.0,2.0,2.0,0.0,0.0,0.0,0.0,34.5,141080.0,158.0,9600.0,2183.5,640.0,4163.5,320.0,45883.3,40.0,36026717.0,2,,,,,,
14/073,2014-06-24,18.0,24.0,25.0,30.0,31.0,35.0,36.0,,2.0,4.0,3.0,3.0,0.0,1.0,3.0,2.0,0.0,0.0,0.0,2.0,1144180.0,62.0,98420.0,185.2,9600.0,3809.3,640.0,5349.8,320.0,70254.1,40.0,47227071.0,18,,,,,,
14/074,2014-06-26,2.0,20.0,40.0,42.0,47.0,48.0,28.0,,2.0,4.0,1.0,5.0,1.0,1.0,0.0,1.0,3.0,0.0,0.0,3.5,685830.0,69.0,92760.0,180.5,9600.0,3499.5,640.0,4722.2,320.0,66254.7,40.0,47628261.0,2,,,,,,
14/075,2014-06-29,15.0,23.0,26.0,38.0,46.0,47.0,21.0,47,2.0,4.0,3.0,3.0,0.0,1.0,2.0,1.0,2.0,0.0,0.0,1.0,2894870.0,64.0,120610.0,156.5,9600.0,4065.5,640.0,5305.4,320.0,77640.2,40.0,55769521.0,15,,,,,,
14/076,2014-07-03,14.0,17.0,34.0,37.0,43.0,48.0,20.0,,2.0,4.0,3.0,3.0,0.0,2.0,0.0,2.0,2.0,0.0,0.0,1.0,3550200.0,131.0,72260.0,229.5,9600.0,6108.5,640.0,7131.9,320.0,110768.7,40.0,71915651.0,14,,,,,,
14/077,2014-07-05,10.0,14.0,32.0,36.0,37.0,38.0,47.0,"14,37",2.0,4.0,1.0,5.0,1.0,1.0,0.0,4.0,0.0,1.0,59412520.0,5.0,713960.0,87.0,109420.0,229.0,9600.0,4785.6,640.0,6902.0,320.0,94700.9,40.0,69278624.0,10,,,,,,
14/078,2014-07-08,4.0,16.0,22.0,27.0,38.0,39.0,36.0,38,3.0,3.0,2.0,4.0,1.0,1.0,2.0,2.0,0.0,0.0,0.0,0.0,0.0,58.0,74440.0,125.0,9600.0,3107.0,640.0,3670.1,320.0,55746.0,40.0,34174220.0,4,,,,,,
14/079,2014-07-10,1.0,2.0,9.0,17.0,22.0,25.0,8.0,22,5.0,1.0,4.0,2.0,3.0,1.0,2.0,0.0,0.0,0.5,6540300.0,10.5,109890.0,108.0,28490.0,549.0,9600.0,5218.5,640.0,11119.3,320.0,82137.7,40.0,39134651.0,1,,,,,,
14/080,2014-07-12,3.0,11.0,13.0,23.0,40.0,49.0,43.0,,4.0,2.0,5.0,1.0,1.0,2.0,1.0,1.0,1.0,0.0,0.0,3.0,437390.0,61.5,56890.0,278.5,9600.0,3677.6,640.0,5722.2,320.0,66142.5,40.0,35402185.0,3,,,,,,
14/081,2014-07-15,2.0,5.0,9.0,32.0,41.0,42.0,44.0,,3.0,3.0,3.0,3.0,3.0,0.0,0.0,1.0,2.0,0.0,0.0,2.0,1067640.0,55.5,102590.0,127.5,9600.0,3682.7,640.0,4192.2,320.0,71984.3,40.0,43416519.0,2,,,,,,
14/082,2014-07-17,1.0,20.0,28.0,30.0,42.0,43.0,10.0,42,2.0,4.0,2.0,4.0,1.0,1.0,2.0,0.0,2.0,0.0,0.0,2.0,936190.0,47.0,106230.0,276.2,9600.0,2783.4,640.0,8249.2,320.0,57674.1,40.0,42771826.0,1,,,,,,
14/083,2014-07-19,1.0,9.0,30.0,40.0,41.0,48.0,49.0,"1,30",2.0,4.0,3.0,3.0,2.0,0.0,1.0,1.0,2.0,0.0,0.0,5.5,273040.0,72.0,55620.0,481.0,9600.0,3938.4,640.0,10127.5,320.0,69233.7,40.0,44722477.0,1,,,,,,
14/084,2014-07-22,1.0,3.0,14.0,16.0,24.0,41.0,13.0,"1,41",5.0,1.0,3.0,3.0,2.0,2.0,1.0,0.0,1.0,0.5,25229830.0,3.5,1186630.0,121.0,91530.0,382.5,9600.0,6786.1,640.0,10106.6,320.0,133664.3,40.0,87078367.0,1,,,,,,
14/085,2014-07-24,4.0,5.0,21.0,31.0,36.0,38.0,14.0,,3.0,3.0,3.0,3.0,2.0,0.0,1.0,3.0,0.0,0.5,16464085.0,3.0,855370.0,89.0,76880.0,225.5,9600.0,4194.2,640.0,5752.3,320.0,82980.9,40.0,53348951.0,4,,,,,,
14/086,2014-07-26,1.0,4.0,15.0,17.0,36.0,42.0,40.0,"4,36",4.0,2.0,3.0,3.0,2.0,2.0,0.0,1.0,1.0,1.0,22702840.0,1.0,2079580.0,68.5,80950.0,137.5,9600.0,3211.5,640.0,3931.8,320.0,66252.9,40.0,41701310.0,1,,,,,,
14/087,2014-07-29,11.0,13.0,15.0,31.0,37.0,47.0,19.0,15,3.0,3.0,6.0,0.0,0.0,3.0,0.0,2.0,1.0,0.5,4000000.0,1.0,1670240.0,60.5,73610.0,138.2,9600.0,2510.5,640.0,3669.7,320.0,49066.0,40.0,33901192.0,11,,,,,,
14/088,2014-07-31,12.0,22.0,27.0,35.0,44.0,48.0,38.0,,2.0,4.0,2.0,4.0,0.0,1.0,2.0,1.0,2.0,0.5,4565830.0,1.0,1710550.0,56.0,81450.0,117.0,9600.0,2773.0,640.0,3902.5,320.0,51494.7,40.0,34700090.0,12,,,,,,
14/089,2014-08-02,3.0,22.0,23.0,26.0,42.0,48.0,28.0,"22,48",3.0,3.0,2.0,4.0,1.0,0.0,3.0,0.0,2.0,1.0,9514470.0,0.5,824770.0,30.5,144220.0,139.0,9600.0,2479.0,640.0,4456.4,320.0,50302.5,40.0,34155016.0,3,,,,,,
14/090,2014-08-05,5.0,7.0,8.0,18.0,24.0,29.0,14.0,,5.0,1.0,3.0,3.0,3.0,1.0,2.0,0.0,0.0,1.0,8000000.0,5.0,143500.0,201.0,19200.0,291.0,9600.0,7666.2,640.0,6281.1,320.0,97233.8,40.0,34235446.0,5,,,,,,
14/091,2014-08-07,5.0,14.0,31.0,32.0,36.0,46.0,11.0,5,2.0,4.0,2.0,4.0,1.0,1.0,0.0,3.0,1.0,0.0,0.0,0.0,0.0,39.5,110890.0,106.0,9600.0,2133.5,640.0,3236.6,320.0,41693.9,40.0,31704781.0,5,,,,,,
14/092,2014-08-09,1.0,9.0,15.0,31.0,33.0,41.0,37.0,31,3.0,3.0,6.0,0.0,2.0,1.0,0.0,2.0,1.0,0.0,0.0,5.0,297240.0,74.0,53550.0,159.0,9600.0,4372.4,640.0,4793.0,320.0,73694.8,40.0,36471190.0,1,,,,,,
14/093,2014-08-12,7.0,9.0,27.0,31.0,36.0,39.0,32.0,"9,31",2.0,4.0,5.0,1.0,2.0,0.0,1.0,3.0,0.0,0.0,0.0,1.0,1965010.0,82.5,63510.0,154.5,9600.0,4484.9,640.0,4706.2,320.0,79959.3,40.0,43432605.0,7,,,,,,
14/094,2014-08-14,4.0,8.0,14.0,23.0,48.0,49.0,11.0,,4.0,2.0,2.0,4.0,2.0,1.0,1.0,0.0,2.0,0.5,12242100.0,6.0,249320.0,162.5,24540.0,286.0,9600.0,6666.5,640.0,6928.6,320.0,91717.3,40.0,44180085.0,4,,,,,,
14/095,2014-08-16,23.0,26.0,27.0,37.0,42.0,46.0,15.0,23,1.0,5.0,3.0,3.0,0.0,0.0,3.0,1.0,2.0,0.5,9168265.0,2.0,1015730.0,36.0,150470.0,108.0,9600.0,2519.0,640.0,3819.0,320.0,48694.0,40.0,38335971.0,23,,,,,,
14/096,2014-08-19,2.0,5.0,27.0,32.0,42.0,46.0,16.0,"27,42,46",2.0,4.0,2.0,4.0,2.0,0.0,1.0,1.0,2.0,0.0,0.0,4.0,497780.0,44.5,119310.0,136.0,9600.0,2868.5,640.0,4028.1,320.0,55061.4,40.0,39296442.0,2,,,,,,
14/097,2014-08-21,10.0,14.0,26.0,29.0,30.0,31.0,18.0,,2.0,4.0,2.0,4.0,1.0,1.0,3.0,1.0,0.0,0.0,0.0,3.5,554700.0,90.5,57200.0,158.0,9600.0,3892.9,640.0,4843.8,320.0,69252.5,40.0,41762062.0,10,,,,,,
14/098,2014-08-23,4.0,12.0,14.0,24.0,32.0,38.0,13.0,14,4.0,2.0,0.0,6.0,1.0,2.0,1.0,2.0,0.0,0.0,0.0,2.0,450140.0,480.0,19200.0,181.2,9600.0,5011.3,640.0,5115.3,320.0,74943.6,40.0,43826314.0,4,,,,,,
14/099,2014-08-26,25.0,29.0,32.0,33.0,37.0,44.0,47.0,32,0.0,6.0,4.0,2.0,0.0,0.0,2.0,3.0,1.0,0.0,0.0,1.0,2682900.0,75.0,95390.0,178.0,9600.0,3594.5,640.0,5076.5,320.0,69545.4,40.0,51982500.0,25,,,,,,
14/100,2014-08-28,11.0,17.0,24.0,27.0,31.0,38.0,49.0,,3.0,3.0,4.0,2.0,0.0,2.0,2.0,2.0,0.0,0.5,19456760.0,0.5,1199635.0,109.0,58690.0,210.0,9600.0,5743.9,640.0,6091.5,320.0,95483.4,40.0,53773752.0,11,,,,,,
14/101,2014-08-30,15.0,18.0,24.0,27.0,39.0,49.0,6.0,"24,27",3.0,3.0,4.0,2.0,0.0,2.0,2.0,1.0,1.0,0.5,13572310.0,2.0,1081370.0,71.0,81220.0,201.5,9600.0,3203.4,640.0,5253.6,320.0,61548.8,40.0,44392511.0,15,,,,,,
14/102,2014-09-02,26.0,28.0,37.0,43.0,45.0,47.0,25.0,,0.0,6.0,4.0,2.0,0.0,0.0,2.0,1.0,3.0,0.0,0.0,2.0,980180.0,81.5,64140.0,294.0,9600.0,3440.2,640.0,4724.5,320.0,61955.8,40.0,43288786.0,26,,,,,,
14/103,2014-09-04,11.0,14.0,34.0,36.0,43.0,46.0,1.0,43,2.0,4.0,2.0,4.0,0.0,2.0,0.0,2.0,2.0,0.0,0.0,6.5,1043150.0,197.0,91780.0,484.0,9600.0,10756.5,640.0,15214.5,320.0,201217.1,40.0,137263254.0,11,,,,,,
14/104,2014-09-09,7.0,25.0,27.0,36.0,39.0,42.0,31.0,36,1.0,5.0,4.0,2.0,1.0,0.0,2.0,2.0,1.0,0.0,0.0,10.5,1045580.0,370.0,79120.0,1169.2,9600.0,20142.2,640.0,29046.8,320.0,371654.0,40.0,238344532.0,7,,,,,,
14/105,2014-09-13,3.0,12.0,40.0,43.0,48.0,49.0,32.0,,2.0,4.0,3.0,3.0,1.0,1.0,0.0,1.0,3.0,2.0,82246250.0,9.5,1797010.0,483.5,94150.0,1269.5,9600.0,27777.0,640.0,37414.7,320.0,528564.9,40.0,348420150.0,3,,,,,,
14/106,2014-09-16,4.0,15.0,17.0,22.0,34.0,43.0,35.0,43,4.0,2.0,3.0,3.0,1.0,2.0,1.0,1.0,1.0,0.0,0.0,0.0,0.0,47.0,98610.0,94.5,9600.0,2745.5,640.0,3390.4,320.0,50949.1,40.0,34297976.0,4,,,,,,
14/107,2014-09-18,6.0,16.0,20.0,25.0,27.0,45.0,29.0,,3.0,3.0,3.0,3.0,1.0,2.0,2.0,0.0,1.0,0.0,0.0,0.0,0.0,57.0,94530.0,135.0,9600.0,3533.3,640.0,4655.2,320.0,69974.1,40.0,41943261.0,6,,,,,,
14/108,2014-09-20,3.0,16.0,32.0,38.0,40.0,48.0,27.0,16,2.0,4.0,1.0,5.0,1.0,1.0,0.0,3.0,1.0,0.0,0.0,0.0,0.0,69.0,97630.0,155.5,9600.0,3904.6,640.0,4827.1,320.0,68163.4,40.0,49573696.0,3,,,,,,
14/109,2014-09-23,12.0,13.0,20.0,28.0,41.0,43.0,23.0,,3.0,3.0,3.0,3.0,0.0,3.0,1.0,0.0,2.0,0.0,0.0,3.5,917400.0,78.0,109770.0,238.5,9600.0,4346.4,640.0,7485.0,320.0,88137.3,40.0,63917161.0,12,,,,,,
14/110,2014-09-25,3.0,19.0,42.0,44.0,48.0,49.0,38.0,,2.0,4.0,3.0,3.0,1.0,1.0,0.0,0.0,4.0,0.0,0.0,3.0,1065770.0,106.0,80430.0,278.0,9600.0,6136.5,640.0,7935.5,320.0,108346.3,40.0,68320291.0,3,,,,,,
14/111,2014-09-28,6.0,10.0,12.0,26.0,28.0,35.0,24.0,,3.0,3.0,1.0,5.0,2.0,1.0,2.0,1.0,0.0,7.0,8279690.0,3.5,771960.0,234.0,38480.0,480.0,9600.0,9565.1,640.0,12240.2,320.0,157854.4,40.0,84635761.0,6,,,,,,
14/112,2014-09-30,10.0,16.0,20.0,39.0,45.0,46.0,47.0,10,3.0,3.0,2.0,4.0,1.0,2.0,0.0,1.0,2.0,0.0,0.0,0.5,824625.0,42.5,103480.0,117.5,9600.0,2045.0,640.0,3086.0,320.0,39762.7,40.0,31661651.0,10,,,,,,
14/113,2014-10-02,4.0,10.0,24.0,29.0,33.0,35.0,7.0,10,3.0,3.0,3.0,3.0,2.0,0.0,2.0,2.0,0.0,0.0,0.0,1.0,1727540.0,39.0,118120.0,150.0,9600.0,2578.7,640.0,4922.4,320.0,53195.2,40.0,36017384.0,4,,,,,,
14/114,2014-10-04,5.0,14.0,22.0,24.0,27.0,45.0,8.0,24,4.0,2.0,3.0,3.0,1.0,1.0,3.0,0.0,1.0,0.0,0.0,1.5,1242830.0,73.5,67630.0,220.0,9600.0,3476.4,640.0,5900.0,320.0,65926.3,40.0,41702744.0,5,,,,,,
14/115,2014-10-07,12.0,13.0,26.0,33.0,42.0,49.0,48.0,,2.0,4.0,3.0,3.0,0.0,2.0,1.0,1.0,2.0,0.0,0.0,3.0,769360.0,73.0,84310.0,325.5,9600.0,4317.1,640.0,8065.0,320.0,81608.4,40.0,53040922.0,12,,,,,,
14/116,2014-10-09,2.0,12.0,14.0,23.0,40.0,46.0,39.0,12,4.0,2.0,1.0,5.0,1.0,2.0,1.0,1.0,1.0,0.0,0.0,1.0,2955380.0,62.0,127110.0,184.0,9600.0,3775.4,640.0,5164.1,320.0,76653.1,40.0,56578669.0,2,,,,,,
14/117,2014-10-11,26.0,29.0,34.0,35.0,37.0,47.0,8.0,,0.0,6.0,4.0,2.0,0.0,0.0,2.0,3.0,1.0,0.0,0.0,4.5,700820.0,79.5,105780.0,196.0,9600.0,4630.0,640.0,6332.5,320.0,88444.2,40.0,62061064.0,26,,,,,,
14/118,2014-10-14,1.0,5.0,8.0,17.0,20.0,37.0,33.0,37,5.0,1.0,4.0,2.0,3.0,2.0,0.0,1.0,0.0,0.0,0.0,3.5,991320.0,160.5,57640.0,275.5,9600.0,7903.7,640.0,8804.4,320.0,139058.2,40.0,76854443.0,1,,,,,,
14/119,2014-10-16,4.0,9.0,34.0,39.0,48.0,49.0,18.0,,2.0,4.0,3.0,3.0,2.0,0.0,0.0,2.0,2.0,0.5,31903820.0,8.5,335180.0,304.0,24990.0,481.5,9600.0,11798.5,640.0,12113.7,320.0,166709.6,40.0,80722958.0,4,,,,,,
14/120,2014-10-18,12.0,19.0,22.0,36.0,40.0,47.0,25.0,,3.0,3.0,2.0,4.0,0.0,2.0,1.0,2.0,1.0,0.0,0.0,1.5,1803000.0,76.5,94270.0,215.5,9600.0,5669.5,640.0,6264.0,320.0,89209.1,40.0,57561889.0,12,,,,,,
14/121,2014-10-21,6.0,9.0,17.0,18.0,29.0,34.0,42.0,,4.0,2.0,3.0,3.0,2.0,2.0,1.0,1.0,0.0,0.5,24385505.0,1.5,1945250.0,131.0,59390.0,275.0,9600.0,7507.0,640.0,7642.7,320.0,125829.5,40.0,67221780.0,6,,,,,,
14/122,2014-10-23,11.0,14.0,28.0,29.0,37.0,41.0,19.0,29,2.0,4.0,4.0,2.0,0.0,2.0,2.0,1.0,1.0,0.0,0.0,4.0,614460.0,78.5,83490.0,217.0,9600.0,4417.0,640.0,5890.6,320.0,79370.0,40.0,51807582.0,11,,,,,,
14/123,2014-10-25,1.0,13.0,39.0,40.0,41.0,43.0,18.0,41,2.0,4.0,5.0,1.0,1.0,1.0,0.0,2.0,2.0,1.0,39883260.0,1.0,2708070.0,86.5,83480.0,154.0,9600.0,4389.5,640.0,5129.6,320.0,78601.6,40.0,53541786.0,1,,,,,,
14/124,2014-10-28,16.0,26.0,30.0,37.0,43.0,47.0,31.0,43,1.0,5.0,3.0,3.0,0.0,1.0,2.0,1.0,2.0,0.5,4000000.0,0.0,0.0,30.0,161380.0,121.5,9600.0,2329.0,640.0,3437.6,320.0,44470.9,40.0,34882486.0,16,,,,,,
14/125,2014-10-30,3.0,19.0,29.0,36.0,47.0,49.0,33.0,47,2.0,4.0,5.0,1.0,1.0,1.0,1.0,1.0,2.0,0.0,0.0,1.0,1692950.0,55.5,81340.0,143.5,9600.0,3283.5,640.0,4149.6,320.0,62180.4,40.0,36475473.0,3,,,,,,
14/126,2014-11-01,9.0,10.0,11.0,20.0,26.0,44.0,31.0,,4.0,2.0,2.0,4.0,2.0,2.0,1.0,0.0,1.0,0.0,0.0,2.5,591060.0,94.5,41690.0,215.5,9600.0,5017.7,640.0,5740.4,320.0,82957.0,40.0,39371744.0,9,,,,,,
14/127,2014-11-04,16.0,23.0,29.0,30.0,37.0,38.0,33.0,,2.0,4.0,3.0,3.0,0.0,1.0,3.0,2.0,0.0,0.0,0.0,0.5,1178475.0,70.5,89150.0,200.5,9600.0,3818.5,640.0,5549.4,320.0,70147.6,40.0,48550821.0,16,,,,,,
14/128,2014-11-06,4.0,10.0,12.0,14.0,29.0,48.0,3.0,29,4.0,2.0,1.0,5.0,2.0,2.0,1.0,0.0,1.0,2.0,14727540.0,2.0,979720.0,92.5,56480.0,305.5,9600.0,5684.0,640.0,8130.4,320.0,95100.2,40.0,50613303.0,4,,,,,,
14/129,2014-11-08,7.0,8.0,15.0,32.0,34.0,39.0,43.0,,3.0,3.0,3.0,3.0,2.0,1.0,0.0,3.0,0.0,0.0,0.0,3.0,431560.0,57.0,60560.0,159.5,9600.0,3104.1,640.0,3530.9,320.0,55175.8,40.0,30258501.0,7,,,,,,
14/130,2014-11-11,3.0,5.0,9.0,19.0,48.0,49.0,26.0,,4.0,2.0,5.0,1.0,3.0,1.0,0.0,0.0,2.0,1.0,10474490.0,2.5,329930.0,251.0,19200.0,320.0,9600.0,8798.9,640.0,7169.6,320.0,108068.6,40.0,41303033.0,3,,,,,,
14/131,2014-11-13,21.0,36.0,41.0,42.0,46.0,49.0,6.0,49,1.0,5.0,3.0,3.0,0.0,0.0,1.0,1.0,4.0,0.0,0.0,2.5,654880.0,42.0,103950.0,108.5,9600.0,2277.5,640.0,3837.0,320.0,42437.0,40.0,32257002.0,21,,,,,,
14/132,2014-11-16,7.0,15.0,32.0,33.0,34.0,43.0,10.0,,2.0,4.0,4.0,2.0,1.0,1.0,0.0,3.0,1.0,0.0,0.0,4.0,457830.0,128.0,38150.0,160.5,9600.0,3593.3,640.0,4251.8,320.0,59337.8,40.0,38872246.0,7,,,,,,
14/133,2014-11-18,2.0,6.0,17.0,24.0,37.0,49.0,46.0,,4.0,2.0,3.0,3.0,2.0,1.0,1.0,1.0,1.0,0.0,0.0,1.0,2031270.0,75.5,71740.0,117.0,9600.0,3601.7,640.0,3889.0,320.0,70809.0,40.0,41456080.0,2,,,,,,
14/134,2014-11-20,8.0,16.0,19.0,33.0,35.0,46.0,12.0,,3.0,3.0,3.0,3.0,1.0,2.0,0.0,2.0,1.0,0.0,0.0,2.5,909340.0,74.5,81370.0,147.5,9600.0,3616.1,640.0,5134.9,320.0,67005.9,40.0,45756162.0,8,,,,,,
14/135,2014-11-22,2.0,12.0,17.0,27.0,32.0,33.0,44.0,33,3.0,3.0,3.0,3.0,1.0,2.0,1.0,2.0,0.0,0.0,0.0,2.5,932120.0,84.0,73970.0,228.0,9600.0,4273.1,640.0,4813.5,320.0,78145.2,40.0,49373270.0,2,,,,,,
14/136,2014-11-25,6.0,35.0,41.0,42.0,44.0,47.0,19.0,,1.0,5.0,3.0,3.0,1.0,0.0,0.0,1.0,4.0,0.0,0.0,0.0,0.0,77.5,108750.0,204.5,9600.0,4601.0,640.0,5759.6,320.0,82359.8,40.0,61484064.0,6,,,,,,
14/137,2014-11-27,2.0,20.0,22.0,30.0,40.0,45.0,44.0,,3.0,3.0,1.0,5.0,1.0,1.0,2.0,1.0,1.0,1.0,56474290.0,4.0,869350.0,209.5,44260.0,366.0,9600.0,8556.3,640.0,7879.5,320.0,130068.0,40.0,78128337.0,2,,,,,,
14/138,2014-11-29,7.0,26.0,29.0,32.0,33.0,37.0,31.0,,1.0,5.0,4.0,2.0,1.0,0.0,2.0,3.0,0.0,0.0,0.0,0.0,0.0,65.0,51710.0,160.0,9600.0,2998.2,640.0,4097.8,320.0,52654.5,40.0,29829284.0,7,,,,,,
14/139,2014-12-02,1.0,4.0,13.0,27.0,47.0,49.0,33.0,,3.0,3.0,5.0,1.0,2.0,1.0,1.0,0.0,2.0,1.0,14195900.0,5.0,329010.0,83.5,52530.0,214.0,9600.0,4922.0,640.0,5050.4,320.0,84278.1,40.0,41191959.0,1,,,,,,
14/140,2014-12-04,1.0,8.0,20.0,27.0,33.0,36.0,35.0,"1,27",3.0,3.0,3.0,3.0,2.0,1.0,1.0,2.0,0.0,0.0,0.0,0.0,0.0,55.4,70680.0,118.0,9600.0,2835.3,640.0,3273.2,320.0,55106.9,40.0,31402586.0,1,,,,,,
14/141,2014-12-06,17.0,18.0,21.0,25.0,40.0,48.0,16.0,,3.0,3.0,3.0,3.0,0.0,2.0,2.0,1.0,1.0,0.0,0.0,1.0,1911910.0,35.0,145660.0,121.5,9600.0,2683.0,640.0,3786.1,320.0,54240.7,40.0,37539604.0,17,,,,,,
14/142,2014-12-09,3.0,4.0,13.0,29.0,31.0,41.0,46.0,,3.0,3.0,5.0,1.0,2.0,1.0,1.0,1.0,1.0,1.0,22273570.0,2.0,1178220.0,97.5,64440.0,132.5,9600.0,4308.7,640.0,4180.5,320.0,77125.9,40.0,47621637.0,3,,,,,,
14/143,2014-12-11,1.0,7.0,13.0,32.0,35.0,39.0,31.0,13,3.0,3.0,5.0,1.0,2.0,1.0,0.0,3.0,0.0,1.0,8000000.0,0.5,736645.0,49.5,79360.0,144.0,9600.0,2383.9,640.0,3788.1,320.0,47069.0,40.0,31104410.0,1,,,,,,
14/144,2014-12-13,12.0,14.0,17.0,20.0,40.0,48.0,19.0,,4.0,2.0,1.0,5.0,0.0,4.0,0.0,1.0,1.0,0.0,0.0,0.0,0.0,31.0,127930.0,112.5,9600.0,2310.0,640.0,3387.6,320.0,45492.5,40.0,30292619.0,12,,,,,,
14/145,2014-12-16,1.0,7.0,14.0,31.0,34.0,42.0,16.0,14,3.0,3.0,3.0,3.0,2.0,1.0,0.0,2.0,1.0,0.0,0.0,1.0,2000990.0,59.5,89680.0,119.5,9600.0,3381.7,640.0,4244.2,320.0,64954.1,40.0,40605674.0,1,,,,,,
14/146,2014-12-18,6.0,8.0,10.0,21.0,25.0,29.0,33.0,,4.0,2.0,3.0,3.0,3.0,0.0,3.0,0.0,0.0,1.0,20371440.0,2.0,813530.0,131.5,32990.0,198.0,9600.0,5859.2,640.0,5803.6,320.0,89346.5,40.0,42595494.0,6,,,,,,
14/147,2014-12-21,2.0,25.0,30.0,36.0,37.0,43.0,22.0,25,1.0,5.0,3.0,3.0,1.0,0.0,2.0,2.0,1.0,0.0,0.0,1.5,1077170.0,37.0,116450.0,144.0,9600.0,2131.0,640.0,3600.9,320.0,41759.4,40.0,32233284.0,2,,,,,,
14/148,2014-12-23,1.0,4.0,12.0,14.0,35.0,47.0,33.0,,4.0,2.0,3.0,3.0,2.0,2.0,0.0,1.0,1.0,0.0,0.0,0.5,788560.0,71.0,59230.0,168.5,9600.0,4025.6,640.0,4958.0,320.0,72488.9,40.0,37470601.0,1,,,,,,
14/149,2014-12-25,12.0,19.0,24.0,43.0,46.0,47.0,30.0,"12,47",3.0,3.0,3.0,3.0,0.0,2.0,1.0,0.0,3.0,0.5,9741645.0,2.0,993890.0,40.0,132510.0,121.5,9600.0,2454.5,640.0,3018.0,320.0,49722.4,40.0,37508283.0,12,,,,,,
14/150,2014-12-27,14.0,15.0,28.0,31.0,32.0,48.0,40.0,,2.0,4.0,2.0,4.0,0.0,2.0,1.0,2.0,1.0,0.0,0.0,0.5,928850.0,51.0,97130.0,116.0,9600.0,2870.2,640.0,3436.7,320.0,55299.9,40.0,36799713.0,14,,,,,,
14/151,2014-12-29,1.0,25.0,30.0,33.0,39.0,40.0,7.0,,1.0,5.0,4.0,2.0,1.0,0.0,2.0,3.0,0.0,0.0,0.0,2.5,546660.0,63.0,57840.0,188.0,9600.0,3048.0,640.0,5181.2,320.0,55191.4,40.0,32654367.0,1,,,,,,
14/152,2014-12-31,10.0,19.0,25.0,32.0,33.0,37.0,27.0,"25,33",2.0,4.0,4.0,2.0,1.0,1.0,1.0,3.0,0.0,0.0,0.0,1.0,2492800.0,83.0,80090.0,195.2,9600.0,4271.4,640.0,5595.3,320.0,78315.8,40.0,51468624.0,10,,,,,,
15/001,2015-01-03,8.0,15.0,31.0,35.0,42.0,44.0,39.0,,2.0,4.0,3.0,3.0,1.0,1.0,0.0,2.0,2.0,0.0,0.0,7.5,717810.0,167.0,85960.0,437.0,9600.0,8690.9,640.0,11358.2,320.0,166109.0,40.0,110142321.0,8,,,,,,
15/002,2015-01-06,3.0,14.0,16.0,18.0,38.0,49.0,29.0,,4.0,2.0,2.0,4.0,1.0,3.0,0.0,1.0,1.0,3.0,22725350.0,2.0,2337530.0,225.5,55280.0,506.5,9600.0,12094.9,640.0,14312.6,320.0,198018.5,40.0,109913789.0,3,,,,,,
15/003,2015-01-08,8.0,18.0,19.0,28.0,37.0,44.0,13.0,18,3.0,3.0,2.0,4.0,1.0,2.0,1.0,1.0,1.0,0.0,0.0,1.5,952240.0,45.5,83710.0,145.5,9600.0,3386.8,640.0,4398.2,320.0,60441.3,40.0,33062422.0,8,,,,,,
15/004,2015-01-11,10.0,21.0,24.0,33.0,40.0,47.0,5.0,,3.0,3.0,3.0,3.0,1.0,0.0,2.0,2.0,1.0,1.0,14179430.0,1.0,2059810.0,68.0,80770.0,154.5,9600.0,3259.9,640.0,4327.0,320.0,60151.0,40.0,41574820.0,10,,,,,,
15/005,2015-01-13,16.0,21.0,27.0,37.0,40.0,43.0,14.0,"21,40",2.0,4.0,4.0,2.0,0.0,1.0,2.0,2.0,1.0,0.0,0.0,0.0,0.0,43.0,108030.0,94.5,9600.0,1906.0,640.0,2716.0,320.0,38525.2,40.0,32035107.0,16,,,,,,
15/006,2015-01-15,1.0,2.0,14.0,37.0,43.0,49.0,24.0,"37,43",3.0,3.0,4.0,2.0,2.0,1.0,0.0,1.0,2.0,0.0,0.0,1.0,1894680.0,46.0,109830.0,147.5,9600.0,3398.0,640.0,4757.9,320.0,66379.3,40.0,40090489.0,1,,,,,,
15/007,2015-01-17,14.0,15.0,16.0,25.0,27.0,30.0,11.0,14,3.0,3.0,3.0,3.0,0.0,3.0,3.0,0.0,0.0,0.0,0.0,2.5,836680.0,81.5,68440.0,160.5,9600.0,3824.9,640.0,5501.0,320.0,68108.7,40.0,44069021.0,14,,,,,,
15/008,2015-01-20,5.0,7.0,9.0,13.0,15.0,29.0,47.0,15,5.0,1.0,6.0,0.0,3.0,2.0,1.0,0.0,0.0,1.0,28064260.0,1.5,1414020.0,187.2,30210.0,198.5,9600.0,8326.6,640.0,6340.0,320.0,118679.0,40.0,54721001.0,5,,,,,,
15/009,2015-01-22,8.0,16.0,21.0,30.0,42.0,46.0,32.0,,3.0,3.0,1.0,5.0,1.0,1.0,2.0,0.0,2.0,0.0,0.0,3.0,517500.0,40.5,102220.0,141.5,9600.0,2382.4,640.0,3309.0,320.0,44944.9,40.0,31691957.0,8,,,,,,
15/010,2015-01-24,17.0,18.0,20.0,26.0,31.0,32.0,6.0,,3.0,3.0,2.0,4.0,0.0,3.0,1.0,2.0,0.0,1.5,8319880.0,3.5,426650.0,88.5,44990.0,246.5,9600.0,3279.0,640.0,5981.4,320.0,57025.1,40.0,36295869.0,17,,,,,,
15/011,2015-01-27,4.0,5.0,10.0,13.0,28.0,35.0,12.0,,4.0,2.0,3.0,3.0,3.0,1.0,1.0,1.0,0.0,0.0,0.0,3.0,397300.0,75.5,42090.0,278.0,9600.0,3741.1,640.0,6765.1,320.0,62929.7,40.0,34216992.0,4,,,,,,
15/012,2015-01-29,6.0,15.0,25.0,29.0,32.0,46.0,9.0,,2.0,4.0,3.0,3.0,1.0,1.0,2.0,1.0,1.0,0.0,0.0,2.5,694340.0,54.5,84930.0,189.0,9600.0,2677.6,640.0,5735.9,320.0,53885.0,40.0,37474008.0,6,,,,,,
15/013,2015-01-31,5.0,7.0,14.0,17.0,46.0,47.0,27.0,46,4.0,2.0,4.0,2.0,2.0,2.0,0.0,0.0,2.0,0.0,0.0,0.5,645650.0,51.5,66860.0,481.5,9600.0,3433.0,640.0,10041.1,320.0,64967.6,40.0,40910216.0,5,,,,,,
15/014,2015-02-03,11.0,34.0,36.0,43.0,47.0,49.0,21.0,47,1.0,5.0,4.0,2.0,0.0,1.0,0.0,2.0,3.0,0.0,0.0,2.5,1014010.0,75.5,89530.0,203.5,9600.0,4258.5,640.0,5388.0,320.0,78735.3,40.0,52081993.0,11,,,,,,
15/015,2015-02-05,13.0,16.0,17.0,18.0,22.0,45.0,10.0,,5.0,1.0,3.0,3.0,0.0,4.0,1.0,0.0,1.0,0.0,0.0,1.0,2601790.0,71.5,97030.0,225.5,9600.0,4688.9,640.0,6155.1,320.0,83522.6,40.0,54698085.0,13,,,,,,
15/016,2015-02-08,5.0,7.0,17.0,18.0,27.0,48.0,30.0,"17,18",4.0,2.0,4.0,2.0,2.0,2.0,1.0,0.0,1.0,0.5,20831005.0,2.0,1420720.0,173.5,43670.0,298.0,9600.0,8861.2,640.0,8002.0,320.0,134429.6,40.0,69048674.0,5,,,,,,
15/017,2015-02-10,2.0,17.0,23.0,30.0,34.0,41.0,14.0,17,3.0,3.0,3.0,3.0,1.0,1.0,2.0,1.0,1.0,0.0,0.0,1.5,1762750.0,66.5,106030.0,187.5,9600.0,3279.4,640.0,4859.6,320.0,68198.8,40.0,51023695.0,2,,,,,,
15/018,2015-02-12,7.0,9.0,10.0,14.0,22.0,31.0,35.0,,5.0,1.0,3.0,3.0,3.0,1.0,1.0,1.0,0.0,1.0,35051820.0,1.0,2096130.0,243.5,22950.0,285.5,9600.0,9064.9,640.0,7130.3,320.0,123753.0,40.0,57649011.0,7,,,,,,
15/019,2015-02-14,2.0,10.0,12.0,21.0,25.0,35.0,26.0,10,4.0,2.0,3.0,3.0,2.0,1.0,2.0,1.0,0.0,0.0,0.0,1.0,1384980.0,79.0,46750.0,162.7,9600.0,3480.1,640.0,4456.6,320.0,60197.0,40.0,32906586.0,2,,,,,,
15/020,2015-02-17,14.0,22.0,28.0,33.0,44.0,46.0,25.0,,2.0,4.0,1.0,5.0,0.0,1.0,2.0,1.0,2.0,0.0,0.0,2.5,935550.0,65.0,95950.0,137.0,9600.0,3938.5,640.0,4419.2,320.0,71648.9,40.0,46760301.0,14,,,,,,
15/021,2015-02-22,15.0,20.0,28.0,29.0,42.0,46.0,35.0,"28,46",2.0,4.0,2.0,4.0,0.0,2.0,2.0,0.0,2.0,0.0,0.0,7.0,830840.0,189.5,81840.0,472.0,9600.0,9277.4,640.0,12337.2,320.0,168462.6,40.0,118079100.0,15,,,,,,
15/022,2015-02-24,17.0,18.0,28.0,32.0,33.0,48.0,37.0,28,2.0,4.0,2.0,4.0,0.0,2.0,1.0,2.0,1.0,1.5,39879610.0,4.0,1030960.0,263.0,41810.0,525.0,9600.0,12608.1,640.0,12974.1,320.0,197983.6,40.0,102577388.0,17,,,,,,
15/023,2015-02-26,10.0,12.0,20.0,22.0,25.0,33.0,27.0,33,4.0,2.0,2.0,4.0,1.0,2.0,2.0,1.0,0.0,0.5,4000000.0,1.0,1495570.0,74.5,53530.0,157.5,9600.0,4133.1,640.0,4728.3,320.0,68945.3,40.0,35897466.0,10,,,,,,
15/024,2015-02-28,6.0,9.0,23.0,25.0,41.0,43.0,38.0,25,3.0,3.0,5.0,1.0,2.0,0.0,2.0,0.0,2.0,0.0,0.0,0.5,904095.0,56.0,86100.0,129.5,9600.0,3230.2,640.0,4519.7,320.0,62057.3,40.0,37936961.0,6,,,,,,
15/025,2015-03-03,13.0,17.0,25.0,27.0,46.0,49.0,19.0,25,2.0,4.0,5.0,1.0,0.0,2.0,2.0,0.0,2.0,1.0,17232210.0,2.0,1150580.0,51.0,120320.0,175.0,9600.0,4017.0,640.0,5106.7,320.0,75474.8,40.0,47708279.0,13,,,,,,
15/026,2015-03-05,2.0,6.0,10.0,20.0,38.0,40.0,46.0,,4.0,2.0,0.0,6.0,3.0,1.0,0.0,2.0,0.0,0.0,0.0,3.0,489790.0,101.5,38600.0,134.5,9600.0,4434.9,640.0,3355.5,320.0,67185.4,40.0,34547106.0,2,,,,,,
15/027,2015-03-07,6.0,8.0,12.0,16.0,32.0,49.0,37.0,6,4.0,2.0,1.0,5.0,2.0,2.0,0.0,1.0,1.0,0.0,0.0,0.5,850520.0,77.5,58530.0,148.0,9600.0,4143.9,640.0,3936.9,320.0,74992.3,40.0,38507955.0,6,,,,,,
15/028,2015-03-10,1.0,18.0,22.0,27.0,45.0,48.0,25.0,,3.0,3.0,3.0,3.0,1.0,1.0,2.0,0.0,2.0,1.5,13685490.0,1.0,2191520.0,88.5,66030.0,214.0,9600.0,4419.9,640.0,6281.4,320.0,85310.8,40.0,48816206.0,1,,,,,,
15/029,2015-03-12,14.0,17.0,23.0,24.0,25.0,37.0,34.0,,4.0,2.0,4.0,2.0,0.0,2.0,3.0,1.0,0.0,2.0,4000000.0,3.0,465330.0,50.5,73710.0,209.0,9600.0,3196.8,640.0,4404.6,320.0,57375.5,40.0,33303545.0,14,,,,,,
15/030,2015-03-14,4.0,21.0,25.0,29.0,32.0,37.0,27.0,"25,37",2.0,4.0,4.0,2.0,1.0,0.0,3.0,2.0,0.0,1.0,8000000.0,2.5,656130.0,39.5,110740.0,121.5,9600.0,2039.0,640.0,3726.3,320.0,41020.4,40.0,32077271.0,4,,,,,,
15/031,2015-03-17,1.0,5.0,11.0,23.0,34.0,47.0,14.0,,4.0,2.0,5.0,1.0,2.0,1.0,1.0,1.0,1.0,1.0,8000000.0,1.0,1617190.0,50.0,86250.0,126.5,9600.0,3396.6,640.0,4269.5,320.0,62902.0,40.0,35403876.0,1,,,,,,
15/032,2015-03-19,12.0,15.0,17.0,30.0,31.0,43.0,46.0,,3.0,3.0,4.0,2.0,0.0,3.0,1.0,1.0,1.0,1.0,8000000.0,0.0,0.0,51.0,86130.0,104.0,9600.0,2442.7,640.0,2732.5,320.0,48684.7,40.0,32319540.0,12,,,,,,
15/033,2015-03-22,7.0,26.0,30.0,33.0,34.0,38.0,5.0,30,1.0,5.0,2.0,4.0,1.0,0.0,2.0,3.0,0.0,0.0,0.0,3.0,559450.0,42.0,106560.0,128.0,9600.0,2653.3,640.0,3647.0,320.0,52150.1,40.0,34214267.0,7,,,,,,
15/034,2015-03-24,2.0,5.0,13.0,37.0,42.0,44.0,27.0,,3.0,3.0,3.0,3.0,2.0,1.0,0.0,1.0,2.0,0.0,0.0,0.0,0.0,43.0,120730.0,111.0,9600.0,2473.7,640.0,3845.6,320.0,50074.0,40.0,37305842.0,2,,,,,,
15/035,2015-03-26,2.0,6.0,9.0,16.0,39.0,49.0,29.0,2,4.0,2.0,3.0,3.0,3.0,1.0,0.0,1.0,1.0,1.5,13123390.0,6.0,216530.0,142.0,24390.0,820.8,9600.0,5776.8,640.0,11445.6,320.0,93537.2,40.0,44064334.0,2,,,,,,
15/036,2015-03-28,6.0,11.0,16.0,29.0,30.0,37.0,34.0,"6,16",3.0,3.0,3.0,3.0,1.0,2.0,2.0,1.0,0.0,0.0,0.0,0.0,0.0,46.5,82790.0,101.5,9600.0,2644.0,640.0,2835.4,320.0,50517.5,40.0,29946620.0,6,,,,,,
15/037,2015-03-31,2.0,5.0,10.0,27.0,36.0,46.0,7.0,,3.0,3.0,2.0,4.0,3.0,0.0,1.0,1.0,1.0,0.5,7196150.0,3.0,549840.0,68.0,64680.0,265.5,9600.0,4117.0,640.0,7575.8,320.0,74922.9,40.0,42017289.0,2,,,,,,
15/038,2015-04-02,4.0,12.0,20.0,37.0,42.0,47.0,35.0,,3.0,3.0,2.0,4.0,1.0,2.0,0.0,1.0,2.0,1.0,12640270.0,2.0,907350.0,71.5,67680.0,145.5,9600.0,2967.0,640.0,3635.0,320.0,56479.0,40.0,37060391.0,4,,,,,,
15/039,2015-04-04,9.0,12.0,26.0,29.0,44.0,45.0,19.0,12,2.0,4.0,3.0,3.0,1.0,1.0,2.0,0.0,2.0,0.0,0.0,0.0,0.0,45.0,79720.0,126.0,9600.0,2221.0,640.0,3830.4,320.0,43353.1,40.0,28604606.0,9,,,,,,
15/040,2015-04-06,21.0,24.0,26.0,42.0,43.0,46.0,4.0,26,2.0,4.0,2.0,4.0,0.0,0.0,3.0,0.0,3.0,0.0,0.0,2.0,799400.0,37.0,115220.0,94.0,9600.0,1751.0,640.0,2635.7,320.0,34377.0,40.0,29545139.0,21,,,,,,
15/041,2015-04-09,10.0,11.0,31.0,34.0,37.0,38.0,14.0,,2.0,4.0,3.0,3.0,1.0,1.0,0.0,4.0,0.0,0.5,10270360.0,1.0,2133010.0,66.5,85530.0,200.5,9600.0,4186.4,640.0,5713.8,320.0,75898.5,40.0,46472061.0,10,,,,,,
15/042,2015-04-11,6.0,17.0,18.0,19.0,20.0,42.0,25.0,,5.0,1.0,2.0,4.0,1.0,4.0,0.0,0.0,1.0,0.0,0.0,2.0,835640.0,56.5,78880.0,126.0,9600.0,3470.7,640.0,4187.6,320.0,59001.5,40.0,35879353.0,6,,,,,,
15/043,2015-04-14,30.0,31.0,35.0,40.0,42.0,48.0,6.0,42,0.0,6.0,2.0,4.0,0.0,0.0,1.0,3.0,2.0,0.5,11457040.0,3.5,726650.0,73.5,92270.0,171.5,9600.0,3406.2,640.0,4495.2,320.0,65557.1,40.0,49109666.0,30,,,,,,
15/044,2015-04-16,1.0,3.0,5.0,20.0,35.0,39.0,28.0,35,4.0,2.0,5.0,1.0,3.0,1.0,0.0,2.0,0.0,0.0,0.0,1.0,1787110.0,73.7,64660.0,177.0,9600.0,4022.2,640.0,5700.0,320.0,72300.6,40.0,40892357.0,1,,,,,,
15/045,2015-04-18,12.0,17.0,29.0,31.0,41.0,47.0,38.0,,2.0,4.0,5.0,1.0,0.0,2.0,1.0,1.0,2.0,0.0,0.0,1.0,1994450.0,81.5,65250.0,172.5,9600.0,3905.5,640.0,4621.1,320.0,66517.0,40.0,42419139.0,12,,,,,,
15/046,2015-04-21,3.0,13.0,20.0,24.0,43.0,48.0,49.0,,4.0,2.0,3.0,3.0,1.0,2.0,1.0,0.0,2.0,0.0,0.0,3.5,741840.0,72.0,96160.0,225.5,9600.0,4077.5,640.0,7200.5,320.0,78786.9,40.0,54169599.0,3,,,,,,
15/047,2015-04-23,3.0,4.0,7.0,8.0,26.0,36.0,31.0,3,4.0,2.0,2.0,4.0,4.0,0.0,1.0,1.0,0.0,0.5,18344930.0,2.5,813170.0,213.5,25390.0,300.7,9600.0,8952.0,640.0,7676.3,320.0,131726.0,40.0,57842053.0,3,,,,,,
15/048,2015-04-25,12.0,19.0,21.0,24.0,36.0,49.0,23.0,36,4.0,2.0,3.0,3.0,0.0,2.0,2.0,1.0,1.0,0.0,0.0,0.0,0.0,68.5,87200.0,152.0,9600.0,3684.9,640.0,4867.5,320.0,66553.1,40.0,45272566.0,12,,,,,,
15/049,2015-04-28,1.0,8.0,28.0,31.0,36.0,45.0,9.0,36,2.0,4.0,3.0,3.0,2.0,0.0,1.0,2.0,1.0,0.0,0.0,3.0,868620.0,96.0,72380.0,315.9,9600.0,5351.2,640.0,10265.9,320.0,100122.4,40.0,60811257.0,1,,,,,,
15/050,2015-04-30,6.0,8.0,30.0,34.0,36.0,42.0,12.0,"8,36",2.0,4.0,0.0,6.0,2.0,0.0,1.0,2.0,1.0,1.0,43829100.0,1.5,1934820.0,110.5,70030.0,370.5,9600.0,5932.9,640.0,10525.3,320.0,109965.6,40.0,67374811.0,6,,,,,,
15/051,2015-05-02,7.0,10.0,12.0,16.0,26.0,49.0,40.0,,4.0,2.0,2.0,4.0,2.0,2.0,1.0,0.0,1.0,0.0,0.0,0.5,668375.0,66.5,53600.0,105.0,9600.0,3286.0,640.0,2862.0,320.0,59564.0,40.0,30004655.0,7,,,,,,
15/052,2015-05-05,11.0,13.0,41.0,42.0,43.0,49.0,29.0,49,2.0,4.0,5.0,1.0,0.0,2.0,0.0,0.0,4.0,0.0,0.0,0.0,0.0,53.0,105650.0,135.5,9600.0,3293.5,640.0,3933.0,320.0,57633.3,40.0,41401936.0,11,,,,,,
15/053,2015-05-07,3.0,7.0,14.0,21.0,25.0,29.0,6.0,,4.0,2.0,5.0,1.0,2.0,1.0,3.0,0.0,0.0,0.0,0.0,5.0,367840.0,91.2,53770.0,260.7,9600.0,5383.3,640.0,7807.4,320.0,85449.3,40.0,46923517.0,3,,,,,,
15/054,2015-05-10,2.0,13.0,15.0,38.0,39.0,44.0,8.0,,3.0,3.0,3.0,3.0,1.0,2.0,0.0,2.0,1.0,0.0,0.0,1.0,2741590.0,76.0,96190.0,208.5,9600.0,4515.5,640.0,7020.9,320.0,81919.2,40.0,56481277.0,2,,,,,,
15/055,2015-05-12,3.0,7.0,15.0,25.0,26.0,47.0,10.0,15,3.0,3.0,5.0,1.0,2.0,1.0,2.0,0.0,1.0,0.0,0.0,2.0,1314050.0,111.5,62850.0,347.2,9600.0,6043.8,640.0,9891.7,320.0,108291.3,40.0,62873572.0,3,,,,,,
15/056,2015-05-14,5.0,17.0,22.0,34.0,38.0,48.0,2.0,,3.0,3.0,2.0,4.0,1.0,1.0,1.0,2.0,1.0,1.0,48719960.0,1.5,2227730.0,160.0,55690.0,266.0,9600.0,6947.5,640.0,7995.2,320.0,121473.8,40.0,72033316.0,5,,,,,,
15/057,2015-05-17,21.0,32.0,36.0,37.0,44.0,46.0,47.0,,1.0,5.0,2.0,4.0,0.0,0.0,1.0,3.0,2.0,0.0,0.0,0.5,828360.0,36.0,122720.0,106.0,9600.0,2104.7,640.0,2992.5,320.0,42264.2,40.0,31759150.0,21,,,,,,
15/058,2015-05-19,21.0,27.0,28.0,33.0,37.0,48.0,13.0,"21,37",1.0,5.0,4.0,2.0,0.0,0.0,3.0,2.0,1.0,0.0,0.0,0.5,909565.0,55.5,87400.0,141.5,9600.0,3279.7,640.0,4258.3,320.0,60569.1,40.0,38092299.0,21,,,,,,
15/059,2015-05-21,16.0,18.0,19.0,36.0,42.0,47.0,46.0,,3.0,3.0,2.0,4.0,0.0,3.0,0.0,1.0,2.0,0.0,0.0,0.0,0.0,62.5,92690.0,168.5,9600.0,3549.9,640.0,4968.0,320.0,65691.3,40.0,44488341.0,16,,,,,,
15/060,2015-05-23,5.0,10.0,13.0,43.0,44.0,45.0,7.0,,3.0,3.0,4.0,2.0,2.0,1.0,0.0,0.0,3.0,0.0,0.0,0.0,0.0,76.0,82320.0,176.0,9600.0,3530.0,640.0,5141.2,320.0,68631.6,40.0,47273723.0,5,,,,,,
15/061,2015-05-26,7.0,10.0,15.0,37.0,42.0,45.0,41.0,"10,45",3.0,3.0,4.0,2.0,2.0,1.0,0.0,1.0,2.0,0.5,21472840.0,1.5,2149960.0,84.5,101770.0,210.5,9600.0,4866.7,640.0,6025.4,320.0,93337.6,40.0,63746524.0,7,,,,,,
15/062,2015-05-28,2.0,7.0,20.0,23.0,44.0,47.0,30.0,7,4.0,2.0,3.0,3.0,2.0,1.0,1.0,0.0,2.0,0.5,14486940.0,0.5,1250170.0,58.0,114950.0,115.0,9600.0,3323.5,640.0,4662.9,320.0,68285.7,40.0,47726247.0,2,,,,,,
15/063,2015-05-30,9.0,16.0,28.0,36.0,42.0,45.0,2.0,,2.0,4.0,2.0,4.0,1.0,1.0,1.0,1.0,2.0,1.0,21484090.0,1.0,1915660.0,73.5,69500.0,184.0,9600.0,3843.2,640.0,4658.3,320.0,69343.1,40.0,41712166.0,9,,,,,,
15/064,2015-06-02,11.0,12.0,15.0,21.0,38.0,42.0,25.0,42,4.0,2.0,3.0,3.0,0.0,3.0,1.0,1.0,1.0,1.5,5333330.0,1.0,1656520.0,55.5,79590.0,116.5,9600.0,2796.2,640.0,3922.3,320.0,53107.8,40.0,34116961.0,11,,,,,,
15/065,2015-06-04,18.0,24.0,28.0,31.0,39.0,49.0,44.0,,2.0,4.0,3.0,3.0,0.0,1.0,2.0,2.0,1.0,0.0,0.0,1.0,1635630.0,42.5,102620.0,71.5,9600.0,2596.5,640.0,2848.5,320.0,50018.1,40.0,31931576.0,18,,,,,,
15/066,2015-06-06,9.0,11.0,14.0,22.0,27.0,49.0,44.0,49,4.0,2.0,4.0,2.0,1.0,2.0,2.0,0.0,1.0,1.0,12204300.0,1.0,1401430.0,66.5,56190.0,169.5,9600.0,4860.0,640.0,4516.0,320.0,70746.3,40.0,35702780.0,9,,,,,,
15/067,2015-06-09,7.0,12.0,16.0,17.0,20.0,25.0,31.0,,5.0,1.0,3.0,3.0,1.0,4.0,1.0,0.0,0.0,0.0,0.0,1.0,1382040.0,66.5,55420.0,189.5,9600.0,3867.1,640.0,4338.9,320.0,67489.8,40.0,34272364.0,7,,,,,,
15/068,2015-06-11,10.0,13.0,35.0,38.0,42.0,44.0,27.0,,2.0,4.0,2.0,4.0,1.0,1.0,0.0,2.0,2.0,0.0,0.0,2.0,920600.0,46.5,105580.0,129.0,9600.0,2898.5,640.0,3713.3,320.0,55580.5,40.0,37025285.0,10,,,,,,
15/069,2015-06-13,10.0,12.0,24.0,25.0,26.0,33.0,23.0,10,3.0,3.0,2.0,4.0,1.0,1.0,3.0,1.0,0.0,0.0,0.0,5.0,324830.0,86.5,50070.0,225.0,9600.0,4130.5,640.0,5700.3,320.0,70386.1,40.0,39521829.0,10,,,,,,
15/070,2015-06-16,13.0,16.0,24.0,26.0,40.0,44.0,42.0,"24,26",3.0,3.0,1.0,5.0,0.0,2.0,2.0,1.0,1.0,0.0,0.0,7.0,724160.0,140.0,96550.0,430.0,9600.0,7745.1,640.0,12354.5,320.0,147670.4,40.0,103855355.0,13,,,,,,
15/071,2015-06-18,4.0,11.0,12.0,24.0,35.0,46.0,3.0,24,4.0,2.0,2.0,4.0,1.0,2.0,1.0,1.0,1.0,1.0,57974970.0,3.5,1215940.0,153.5,73930.0,446.5,9600.0,7693.8,640.0,11963.9,320.0,145512.6,40.0,92662145.0,4,,,,,,
15/072,2015-06-20,12.0,16.0,31.0,34.0,42.0,48.0,37.0,12,2.0,4.0,1.0,5.0,0.0,2.0,0.0,2.0,2.0,0.0,0.0,1.0,1531380.0,33.0,123740.0,93.5,9600.0,1873.0,640.0,2811.5,320.0,38828.8,40.0,29200200.0,12,,,,,,
15/073,2015-06-23,3.0,10.0,26.0,33.0,42.0,46.0,44.0,42,2.0,4.0,2.0,4.0,2.0,0.0,1.0,1.0,2.0,0.0,0.0,3.0,539750.0,72.5,59550.0,285.0,9600.0,3403.0,640.0,6761.5,320.0,62638.8,40.0,39714477.0,3,,,,,,
15/074,2015-06-25,1.0,5.0,26.0,28.0,40.0,49.0,15.0,26,2.0,4.0,3.0,3.0,2.0,0.0,2.0,1.0,1.0,0.0,0.0,0.5,970805.0,77.0,67240.0,189.5,9600.0,3914.2,640.0,5364.6,320.0,74057.1,40.0,43013877.0,1,,,,,,
15/075,2015-06-28,8.0,9.0,18.0,33.0,41.0,43.0,15.0,,3.0,3.0,4.0,2.0,2.0,1.0,0.0,1.0,2.0,0.0,0.0,1.5,1424160.0,100.5,56680.0,310.7,9600.0,5168.7,640.0,5855.4,320.0,92754.0,40.0,50971766.0,8,,,,,,
15/076,2015-06-30,12.0,14.0,21.0,27.0,38.0,43.0,15.0,43,3.0,3.0,3.0,3.0,0.0,2.0,2.0,1.0,1.0,0.5,17065280.0,4.5,597660.0,57.7,124290.0,242.5,9600.0,4221.1,640.0,5988.8,320.0,83364.2,40.0,55525175.0,12,,,,,,
15/077,2015-07-02,4.0,11.0,23.0,32.0,44.0,48.0,49.0,,3.0,3.0,2.0,4.0,1.0,1.0,1.0,1.0,2.0,0.0,0.0,3.5,580000.0,89.5,60480.0,221.0,9600.0,4104.5,640.0,5833.5,320.0,71145.3,40.0,45061164.0,4,,,,,,
15/078,2015-07-04,9.0,24.0,32.0,34.0,43.0,47.0,35.0,32,2.0,4.0,3.0,3.0,1.0,0.0,1.0,2.0,2.0,0.0,0.0,1.5,1701090.0,83.0,81980.0,158.5,9600.0,4005.5,640.0,4999.3,320.0,74191.2,40.0,50640479.0,9,,,,,,
15/079,2015-07-07,9.0,19.0,28.0,29.0,38.0,40.0,33.0,9,2.0,4.0,3.0,3.0,1.0,1.0,2.0,2.0,0.0,1.0,39075670.0,3.0,918370.0,159.5,46060.0,302.0,9600.0,7000.2,640.0,7969.4,320.0,112634.8,40.0,64109325.0,9,,,,,,
15/080,2015-07-11,2.0,5.0,17.0,22.0,27.0,28.0,37.0,28,4.0,2.0,3.0,3.0,2.0,1.0,3.0,0.0,0.0,0.0,0.0,1.0,1476960.0,107.0,36800.0,290.4,9600.0,5274.5,640.0,6763.4,320.0,82816.9,40.0,41593905.0,2,,,,,,
15/081,2015-07-14,7.0,8.0,10.0,13.0,20.0,38.0,5.0,,5.0,1.0,2.0,4.0,3.0,2.0,0.0,1.0,0.0,0.0,0.0,5.5,222910.0,101.5,32210.0,377.2,9600.0,5986.9,640.0,8843.4,320.0,94863.8,40.0,41582761.0,7,,,,,,
15/082,2015-07-16,16.0,18.0,22.0,23.0,35.0,38.0,25.0,38,4.0,2.0,2.0,4.0,0.0,2.0,2.0,2.0,0.0,0.0,0.0,2.0,973270.0,89.0,58320.0,202.6,9600.0,3851.3,640.0,4752.3,320.0,68226.0,40.0,42444471.0,16,,,,,,
15/083,2015-07-18,13.0,20.0,23.0,24.0,46.0,47.0,39.0,23,4.0,2.0,3.0,3.0,0.0,2.0,2.0,0.0,2.0,0.0,0.0,2.5,963310.0,47.5,135200.0,99.0,9600.0,2930.2,640.0,3811.5,320.0,57772.1,40.0,44443353.0,13,,,,,,
15/084,2015-07-21,4.0,14.0,15.0,19.0,41.0,42.0,10.0,,4.0,2.0,3.0,3.0,1.0,3.0,0.0,0.0,2.0,0.0,0.0,3.5,1284170.0,151.5,79110.0,393.5,9600.0,7883.0,640.0,10587.7,320.0,140135.4,40.0,93970000.0,4,,,,,,
15/085,2015-07-23,10.0,33.0,40.0,43.0,45.0,49.0,38.0,,1.0,5.0,4.0,2.0,1.0,0.0,0.0,2.0,3.0,0.0,0.0,5.0,830640.0,138.5,79960.0,368.0,9600.0,8167.0,640.0,10749.5,320.0,147060.9,40.0,89830641.0,10,,,,,,
15/086,2015-07-26,4.0,11.0,15.0,26.0,28.0,30.0,13.0,,3.0,3.0,2.0,4.0,1.0,2.0,3.0,0.0,0.0,1.0,79746130.0,11.5,458040.0,309.9,45320.0,713.5,9600.0,14163.2,640.0,18019.0,320.0,236012.5,40.0,129093710.0,4,,,,,,
15/087,2015-07-28,12.0,25.0,32.0,33.0,34.0,35.0,45.0,,1.0,5.0,3.0,3.0,0.0,1.0,1.0,4.0,0.0,0.0,0.0,1.0,1406640.0,61.0,61490.0,119.5,9600.0,3622.2,640.0,3375.7,320.0,51875.5,40.0,31343999.0,12,,,,,,
15/088,2015-07-30,4.0,5.0,11.0,17.0,24.0,48.0,46.0,,5.0,1.0,3.0,3.0,2.0,2.0,1.0,0.0,1.0,0.0,0.0,1.5,1148020.0,63.7,72080.0,135.5,9600.0,4109.4,640.0,4079.5,320.0,75911.1,40.0,38682123.0,4,,,,,,
15/089,2015-08-01,14.0,20.0,28.0,31.0,32.0,47.0,18.0,,2.0,4.0,2.0,4.0,0.0,2.0,1.0,2.0,1.0,0.0,0.0,1.0,2285480.0,41.0,148640.0,143.5,9600.0,3017.2,640.0,4609.9,320.0,59569.5,40.0,44277853.0,14,,,,,,
15/090,2015-08-04,5.0,9.0,13.0,15.0,21.0,23.0,12.0,,6.0,0.0,6.0,0.0,2.0,2.0,2.0,0.0,0.0,0.5,12960180.0,3.5,561690.0,132.5,39560.0,404.0,9600.0,6184.1,640.0,9696.8,320.0,105555.1,40.0,54747865.0,5,,,,,,
15/091,2015-08-06,22.0,23.0,35.0,40.0,41.0,42.0,16.0,23,2.0,4.0,3.0,3.0,0.0,0.0,2.0,2.0,2.0,0.0,0.0,4.0,521290.0,65.0,85540.0,221.5,9600.0,3442.5,640.0,5385.2,320.0,63284.9,40.0,44185876.0,22,,,,,,
15/092,2015-08-08,10.0,12.0,19.0,25.0,42.0,46.0,37.0,42,3.0,3.0,2.0,4.0,1.0,2.0,1.0,0.0,2.0,0.0,0.0,6.5,306240.0,88.5,59970.0,356.0,9600.0,4487.8,640.0,5825.6,320.0,78218.9,40.0,47899342.0,10,,,,,,
15/093,2015-08-11,22.0,26.0,27.0,28.0,36.0,47.0,12.0,,1.0,5.0,2.0,4.0,0.0,0.0,4.0,1.0,1.0,0.5,16658455.0,1.0,2709820.0,132.5,54530.0,231.2,9600.0,5846.6,640.0,7516.6,320.0,103898.6,40.0,59953302.0,22,,,,,,
15/094,2015-08-13,1.0,4.0,8.0,21.0,22.0,24.0,46.0,22,6.0,0.0,2.0,4.0,3.0,0.0,3.0,0.0,0.0,0.0,0.0,0.0,0.0,154.0,33850.0,156.5,9600.0,6647.6,640.0,4413.0,320.0,104930.8,40.0,47576462.0,1,,,,,,
15/095,2015-08-15,2.0,6.0,13.0,25.0,30.0,33.0,20.0,,3.0,3.0,3.0,3.0,2.0,1.0,2.0,1.0,0.0,0.0,0.0,3.0,718270.0,103.7,55410.0,286.5,9600.0,5339.2,640.0,7696.8,320.0,95337.0,40.0,52278102.0,2,,,,,,
15/096,2015-08-18,7.0,17.0,34.0,41.0,43.0,49.0,1.0,,2.0,4.0,5.0,1.0,1.0,1.0,0.0,1.0,3.0,0.0,0.0,7.5,325240.0,198.0,32850.0,409.0,9600.0,8239.0,640.0,9393.0,320.0,113000.2,40.0,64066249.0,7,,,,,,
15/097,2015-08-20,4.0,5.0,18.0,23.0,32.0,44.0,6.0,,4.0,2.0,2.0,4.0,2.0,1.0,1.0,1.0,1.0,0.0,0.0,2.5,1101350.0,171.0,42930.0,339.5,9600.0,7031.7,640.0,9174.4,320.0,115030.6,40.0,65681205.0,4,,,,,,
15/098,2015-08-22,2.0,26.0,31.0,32.0,36.0,37.0,12.0,32,1.0,5.0,2.0,4.0,1.0,0.0,1.0,4.0,0.0,1.0,58071620.0,1.5,2566450.0,87.0,117990.0,288.5,9600.0,5871.1,640.0,9503.6,320.0,110483.2,40.0,78130351.0,2,,,,,,
15/099,2015-08-25,3.0,15.0,16.0,39.0,41.0,42.0,36.0,,3.0,3.0,4.0,2.0,1.0,2.0,0.0,1.0,2.0,0.5,4000000.0,0.5,834675.0,84.5,52680.0,134.5,9600.0,3437.7,640.0,3480.0,320.0,57052.0,40.0,35401366.0,3,,,,,,
15/100,2015-08-27,9.0,13.0,29.0,30.0,39.0,45.0,48.0,39,2.0,4.0,5.0,1.0,1.0,1.0,2.0,1.0,1.0,0.0,0.0,0.0,0.0,65.0,57100.0,244.5,9600.0,4087.7,640.0,6894.5,320.0,68524.0,40.0,37238226.0,9,,,,,,
15/101,2015-08-29,9.0,22.0,28.0,32.0,37.0,39.0,47.0,"9,39",2.0,4.0,3.0,3.0,1.0,0.0,2.0,3.0,0.0,0.5,8161595.0,2.5,789370.0,87.0,60480.0,173.5,9600.0,3500.8,640.0,4363.0,320.0,65686.0,40.0,41457798.0,9,,,,,,
15/102,2015-09-01,5.0,6.0,8.0,10.0,31.0,36.0,17.0,,4.0,2.0,2.0,4.0,4.0,0.0,0.0,2.0,0.0,0.5,6208795.0,3.5,405330.0,142.5,26540.0,260.0,9600.0,6163.0,640.0,6554.6,320.0,97650.5,40.0,42290675.0,5,,,,,,
15/103,2015-09-03,12.0,16.0,34.0,36.0,42.0,45.0,41.0,36,2.0,4.0,1.0,5.0,0.0,2.0,0.0,2.0,2.0,0.0,0.0,1.0,1905160.0,54.5,93210.0,104.0,9600.0,2885.0,640.0,3864.7,320.0,51583.6,40.0,37226144.0,12,,,,,,
15/104,2015-09-05,15.0,16.0,20.0,26.0,36.0,40.0,46.0,"16,36",3.0,3.0,1.0,5.0,0.0,3.0,1.0,2.0,0.0,0.0,0.0,2.0,859410.0,77.5,59140.0,308.5,9600.0,3683.0,640.0,6787.5,320.0,61644.1,40.0,41756615.0,15,,,,,,
15/105,2015-09-08,1.0,4.0,13.0,22.0,32.0,41.0,26.0,,4.0,2.0,3.0,3.0,2.0,1.0,1.0,1.0,1.0,0.0,0.0,2.0,1146750.0,142.0,43070.0,183.7,9600.0,5278.0,640.0,5403.3,320.0,87031.9,40.0,50285222.0,1,,,,,,
15/106,2015-09-10,1.0,11.0,13.0,23.0,35.0,36.0,34.0,"1,13",4.0,2.0,5.0,1.0,1.0,2.0,1.0,2.0,0.0,0.0,0.0,2.5,919780.0,101.0,60710.0,318.0,9600.0,4881.4,640.0,6092.4,320.0,89487.7,40.0,52873907.0,1,,,,,,
15/107,2015-09-12,5.0,13.0,21.0,25.0,38.0,40.0,17.0,13,3.0,3.0,4.0,2.0,1.0,1.0,2.0,2.0,0.0,0.0,0.0,2.0,1443200.0,83.0,92730.0,242.5,9600.0,4409.3,640.0,6562.6,320.0,86270.6,40.0,58975220.0,5,,,,,,
15/108,2015-09-15,3.0,5.0,17.0,22.0,25.0,27.0,46.0,"5,25",4.0,2.0,5.0,1.0,2.0,1.0,3.0,0.0,0.0,0.0,0.0,0.0,0.0,160.5,56960.0,232.5,9600.0,8137.3,640.0,7270.0,320.0,138631.1,40.0,74871295.0,3,,,,,,
15/109,2015-09-17,1.0,4.0,9.0,17.0,35.0,41.0,37.0,17,4.0,2.0,5.0,1.0,3.0,1.0,0.0,1.0,1.0,0.0,0.0,4.0,903420.0,155.5,61970.0,385.0,9600.0,9508.5,640.0,10275.2,320.0,162885.5,40.0,85294212.0,1,,,,,,
15/110,2015-09-22,2.0,11.0,12.0,25.0,36.0,43.0,10.0,,3.0,3.0,3.0,3.0,1.0,2.0,1.0,1.0,1.0,0.5,45015655.0,11.5,752350.0,307.0,75150.0,1025.5,9600.0,18661.2,640.0,28803.1,320.0,338507.1,40.0,199871814.0,2,,,,,,
15/111,2015-09-24,4.0,10.0,15.0,16.0,24.0,28.0,49.0,,5.0,1.0,1.0,5.0,2.0,2.0,2.0,0.0,0.0,0.0,0.0,4.5,879140.0,226.7,46530.0,410.5,9600.0,10524.2,640.0,11279.5,320.0,179681.7,40.0,93436580.0,4,,,,,,
15/112,2015-09-26,6.0,15.0,16.0,18.0,37.0,43.0,2.0,"15,16",4.0,2.0,3.0,3.0,1.0,3.0,0.0,1.0,1.0,0.0,0.0,3.5,1290970.0,138.5,86990.0,347.5,9600.0,7054.3,640.0,10490.9,320.0,139397.6,40.0,92380671.0,6,,,,,,
15/113,2015-09-30,9.0,10.0,23.0,28.0,37.0,46.0,34.0,37,3.0,3.0,3.0,3.0,2.0,0.0,2.0,1.0,1.0,3.5,25355030.0,10.0,610110.0,236.5,68790.0,611.0,9600.0,13621.9,640.0,15126.2,320.0,236356.2,40.0,136250054.0,9,,,,,,
15/114,2015-10-03,8.0,10.0,16.0,30.0,39.0,40.0,6.0,10,3.0,3.0,1.0,5.0,2.0,1.0,1.0,2.0,0.0,0.0,0.0,3.0,468450.0,79.5,47140.0,250.5,9600.0,3971.0,640.0,6249.5,320.0,65729.4,40.0,36798072.0,8,,,,,,
15/115,2015-10-06,2.0,7.0,9.0,22.0,32.0,46.0,26.0,,4.0,2.0,2.0,4.0,3.0,0.0,1.0,1.0,1.0,0.0,0.0,2.5,710230.0,62.0,76360.0,213.5,9600.0,4700.7,640.0,6220.4,320.0,83234.4,40.0,43307363.0,2,,,,,,
15/116,2015-10-08,8.0,17.0,28.0,34.0,39.0,40.0,14.0,,2.0,4.0,2.0,4.0,1.0,1.0,1.0,3.0,0.0,0.0,0.0,2.0,1161390.0,48.5,127710.0,162.0,9600.0,3759.6,640.0,5205.4,320.0,72623.1,40.0,47312626.0,8,,,,,,
15/117,2015-10-11,4.0,21.0,22.0,35.0,36.0,46.0,40.0,,3.0,3.0,2.0,4.0,1.0,0.0,2.0,2.0,1.0,0.0,0.0,2.0,1335070.0,95.0,74950.0,171.5,9600.0,5149.2,640.0,4922.6,320.0,91626.1,40.0,55081039.0,4,,,,,,
15/118,2015-10-13,1.0,4.0,22.0,30.0,33.0,34.0,26.0,"4,22",3.0,3.0,2.0,4.0,2.0,0.0,2.0,2.0,0.0,1.0,36835940.0,1.0,2843430.0,58.0,130730.0,205.7,9600.0,4889.4,640.0,6235.0,320.0,93681.5,40.0,58661876.0,1,,,,,,
15/119,2015-10-15,17.0,18.0,26.0,30.0,33.0,34.0,29.0,"30,33,34",2.0,4.0,2.0,4.0,0.0,2.0,2.0,2.0,0.0,0.0,0.0,0.0,0.0,51.0,87440.0,126.5,9600.0,2932.1,640.0,3407.2,320.0,49794.7,40.0,34119797.0,17,,,,,,
15/120,2015-10-17,2.0,12.0,19.0,33.0,34.0,48.0,24.0,"33,34",3.0,3.0,2.0,4.0,1.0,2.0,0.0,2.0,1.0,0.0,0.0,1.0,1851340.0,47.5,103930.0,164.5,9600.0,2803.7,640.0,4379.5,320.0,55178.8,40.0,38046569.0,2,,,,,,
15/121,2015-10-19,7.0,11.0,15.0,38.0,39.0,46.0,25.0,,3.0,3.0,4.0,2.0,1.0,2.0,0.0,2.0,1.0,0.0,0.0,0.5,810140.0,43.5,99320.0,146.5,9600.0,2608.0,640.0,4269.2,320.0,51052.8,40.0,33988939.0,7,,,,,,
15/122,2015-10-21,1.0,14.0,16.0,25.0,40.0,48.0,17.0,,3.0,3.0,2.0,4.0,1.0,2.0,1.0,1.0,1.0,0.0,0.0,2.5,974000.0,66.0,98380.0,156.5,9600.0,3102.0,640.0,5421.3,320.0,67113.6,40.0,47677752.0,1,,,,,,
15/123,2015-10-24,18.0,27.0,28.0,34.0,35.0,45.0,2.0,,1.0,5.0,3.0,3.0,0.0,1.0,2.0,2.0,1.0,1.0,36592660.0,1.5,1864490.0,129.0,57810.0,186.7,9600.0,5017.3,640.0,5983.8,320.0,86969.7,40.0,57196145.0,18,,,,,,
15/124,2015-10-27,20.0,22.0,31.0,33.0,39.0,44.0,10.0,,2.0,4.0,3.0,3.0,0.0,1.0,1.0,3.0,1.0,0.0,0.0,1.0,1530040.0,54.5,74860.0,234.2,9600.0,2907.0,640.0,5074.0,320.0,53967.1,40.0,35370900.0,20,,,,,,
15/125,2015-10-29,4.0,5.0,6.0,22.0,31.0,46.0,47.0,"22,31",4.0,2.0,2.0,4.0,3.0,0.0,1.0,1.0,1.0,2.0,20611170.0,3.5,1068790.0,116.0,85990.0,259.0,9600.0,7202.6,640.0,8127.0,320.0,138218.0,40.0,78945235.0,4,,,,,,
15/126,2015-10-31,4.0,10.0,28.0,37.0,42.0,48.0,8.0,4,2.0,4.0,1.0,5.0,2.0,0.0,1.0,1.0,2.0,0.0,0.0,0.0,0.0,43.0,85480.0,156.5,9600.0,2437.5,640.0,5094.1,320.0,47145.9,40.0,30882745.0,4,,,,,,
15/127,2015-11-03,7.0,12.0,13.0,25.0,34.0,38.0,15.0,,3.0,3.0,3.0,3.0,1.0,2.0,1.0,2.0,0.0,0.0,0.0,2.5,728910.0,74.0,65660.0,220.0,9600.0,4385.3,640.0,5679.6,320.0,75836.4,40.0,42814140.0,7,,,,,,
15/128,2015-11-05,5.0,10.0,11.0,25.0,27.0,44.0,7.0,25,3.0,3.0,4.0,2.0,2.0,1.0,2.0,0.0,1.0,0.0,0.0,1.0,1437610.0,108.5,35330.0,418.5,9600.0,5360.6,640.0,9375.9,320.0,87532.3,40.0,45336898.0,5,,,,,,
15/129,2015-11-07,6.0,16.0,27.0,34.0,44.0,48.0,1.0,"27,44",2.0,4.0,1.0,5.0,1.0,1.0,1.0,1.0,2.0,1.0,26249980.0,0.5,1181975.0,66.5,94790.0,143.0,9600.0,3470.0,640.0,4833.9,320.0,65948.9,40.0,46475420.0,6,,,,,,
15/130,2015-11-10,4.0,14.0,28.0,42.0,43.0,47.0,3.0,,2.0,4.0,2.0,4.0,1.0,1.0,1.0,0.0,3.0,0.0,0.0,0.0,0.0,60.0,79230.0,123.5,9600.0,2861.0,640.0,4029.1,320.0,52632.0,40.0,36058986.0,4,,,,,,
15/131,2015-11-12,10.0,20.0,24.0,28.0,33.0,45.0,19.0,28,3.0,3.0,2.0,4.0,1.0,1.0,2.0,1.0,1.0,0.0,0.0,2.0,991400.0,43.0,122960.0,136.0,9600.0,2861.9,640.0,4410.2,320.0,60092.3,40.0,39774538.0,10,,,,,,
15/132,2015-11-15,13.0,15.0,24.0,28.0,41.0,45.0,20.0,"24,28,45",3.0,3.0,4.0,2.0,0.0,2.0,2.0,0.0,2.0,0.0,0.0,0.0,0.0,49.0,129710.0,138.5,9600.0,3005.0,640.0,4657.0,320.0,59765.9,40.0,45547271.0,13,,,,,,
15/133,2015-11-17,12.0,13.0,31.0,33.0,35.0,47.0,21.0,13,2.0,4.0,5.0,1.0,0.0,2.0,0.0,3.0,1.0,1.0,32376390.0,4.5,526740.0,80.0,79010.0,232.5,9600.0,4364.5,640.0,5809.8,320.0,76284.0,40.0,50557246.0,12,,,,,,
15/134,2015-11-19,13.0,15.0,25.0,40.0,41.0,48.0,19.0,13,2.0,4.0,4.0,2.0,0.0,2.0,1.0,1.0,2.0,0.0,0.0,0.0,0.0,27.0,168320.0,85.0,9600.0,1997.0,640.0,2569.5,320.0,39457.4,40.0,31445008.0,13,,,,,,
15/135,2015-11-22,9.0,20.0,30.0,33.0,38.0,39.0,37.0,,2.0,4.0,3.0,3.0,1.0,1.0,1.0,3.0,0.0,0.0,0.0,1.0,1662230.0,76.0,58320.0,241.0,9600.0,4028.9,640.0,5068.4,320.0,69535.1,40.0,39764633.0,9,,,,,,
15/136,2015-11-24,17.0,21.0,22.0,36.0,41.0,44.0,38.0,,3.0,3.0,3.0,3.0,0.0,1.0,2.0,1.0,2.0,0.0,0.0,1.0,2104080.0,68.5,81910.0,165.0,9600.0,3505.7,640.0,4258.7,320.0,65920.1,40.0,43040391.0,17,,,,,,
15/137,2015-11-26,10.0,17.0,25.0,26.0,39.0,44.0,7.0,"17,44",2.0,4.0,3.0,3.0,1.0,1.0,2.0,1.0,1.0,0.0,0.0,3.5,639620.0,66.5,89770.0,181.0,9600.0,3506.2,640.0,5731.4,320.0,68112.0,40.0,46186621.0,10,,,,,,
15/138,2015-11-28,15.0,21.0,24.0,25.0,28.0,31.0,48.0,25,3.0,3.0,4.0,2.0,0.0,1.0,4.0,1.0,0.0,1.0,34943110.0,1.0,2407920.0,67.0,95830.0,184.0,9600.0,3970.4,640.0,5548.0,320.0,77973.3,40.0,49707832.0,15,,,,,,
15/139,2015-12-01,8.0,9.0,10.0,22.0,33.0,40.0,28.0,,4.0,2.0,2.0,4.0,3.0,0.0,1.0,2.0,0.0,0.0,0.0,2.0,504830.0,102.5,26260.0,289.0,9600.0,5443.2,640.0,7636.5,320.0,80157.9,40.0,34244736.0,8,,,,,,
15/140,2015-12-03,4.0,11.0,14.0,41.0,42.0,44.0,10.0,,3.0,3.0,2.0,4.0,1.0,2.0,0.0,0.0,3.0,1.0,12596600.0,3.0,510730.0,152.5,26790.0,232.0,9600.0,4074.7,640.0,5000.0,320.0,63213.2,40.0,37386018.0,4,,,,,,
15/141,2015-12-05,6.0,16.0,19.0,34.0,35.0,46.0,9.0,,3.0,3.0,2.0,4.0,1.0,2.0,0.0,2.0,1.0,0.0,0.0,2.0,590000.0,70.0,44950.0,194.5,9600.0,3224.5,640.0,4681.4,320.0,49822.1,40.0,29752829.0,6,,,,,,
15/142,2015-12-08,9.0,10.0,25.0,40.0,48.0,49.0,32.0,,2.0,4.0,3.0,3.0,2.0,0.0,1.0,1.0,2.0,1.0,12180010.0,3.5,398090.0,190.5,19500.0,208.5,9600.0,6914.2,640.0,4494.0,320.0,87884.5,40.0,39977331.0,9,,,,,,
15/143,2015-12-10,9.0,24.0,29.0,32.0,34.0,47.0,42.0,9,2.0,4.0,3.0,3.0,1.0,0.0,2.0,2.0,1.0,1.0,8000000.0,0.0,0.0,54.0,80060.0,97.5,9600.0,2250.2,640.0,2854.5,320.0,43917.2,40.0,31340945.0,9,,,,,,
15/144,2015-12-12,16.0,18.0,27.0,35.0,42.0,44.0,33.0,,2.0,4.0,2.0,4.0,0.0,2.0,1.0,1.0,2.0,0.0,0.0,0.0,0.0,38.0,115460.0,106.0,9600.0,1966.2,640.0,3183.3,320.0,39306.4,40.0,31334690.0,16,,,,,,
15/145,2015-12-15,18.0,22.0,40.0,41.0,48.0,49.0,42.0,18,2.0,4.0,2.0,4.0,0.0,1.0,1.0,1.0,3.0,0.0,0.0,3.0,552120.0,65.0,67950.0,340.0,9600.0,3661.0,640.0,5262.5,320.0,62980.2,40.0,40638725.0,18,,,,,,
15/146,2015-12-17,18.0,20.0,24.0,36.0,44.0,45.0,39.0,18,3.0,3.0,1.0,5.0,0.0,2.0,1.0,1.0,2.0,1.0,21007130.0,1.5,1420580.0,51.5,110330.0,135.5,9600.0,3144.6,640.0,4071.2,320.0,58278.1,40.0,41774248.0,18,,,,,,
15/147,2015-12-20,6.0,11.0,16.0,20.0,43.0,45.0,21.0,"20,45",4.0,2.0,3.0,3.0,1.0,3.0,0.0,0.0,2.0,0.0,0.0,2.0,819560.0,38.5,113530.0,100.0,9600.0,2368.7,640.0,3371.2,320.0,46892.6,40.0,32293857.0,6,,,,,,
15/148,2015-12-22,11.0,28.0,36.0,38.0,44.0,48.0,26.0,11,1.0,5.0,1.0,5.0,0.0,1.0,1.0,2.0,2.0,0.0,0.0,2.0,905760.0,59.0,81870.0,159.5,9600.0,3432.5,640.0,4553.2,320.0,65407.3,40.0,39023464.0,11,,,,,,
15/149,2015-12-24,12.0,18.0,20.0,28.0,33.0,47.0,25.0,28,3.0,3.0,2.0,4.0,0.0,3.0,1.0,1.0,1.0,0.0,0.0,1.0,1915970.0,63.0,81090.0,196.5,9600.0,4123.7,640.0,5832.2,320.0,75966.6,40.0,43457391.0,12,,,,,,
15/150,2015-12-26,1.0,8.0,33.0,37.0,42.0,47.0,7.0,"33,47",2.0,4.0,4.0,2.0,2.0,0.0,0.0,2.0,2.0,0.0,0.0,1.0,1984620.0,40.0,132300.0,194.0,9600.0,3033.2,640.0,6474.0,320.0,59678.4,40.0,42225661.0,1,,,,,,
15/151,2015-12-29,3.0,5.0,20.0,30.0,33.0,38.0,28.0,33,3.0,3.0,3.0,3.0,2.0,1.0,1.0,2.0,0.0,0.0,0.0,2.5,964550.0,102.5,62730.0,272.5,9600.0,5353.9,640.0,7948.4,320.0,96372.6,40.0,55753074.0,3,,,,,,
15/152,2015-12-31,2.0,11.0,12.0,22.0,24.0,25.0,3.0,,5.0,1.0,2.0,4.0,1.0,2.0,3.0,0.0,0.0,0.0,0.0,6.5,282810.0,250.5,19560.0,616.0,9600.0,9605.8,640.0,11912.5,320.0,132935.0,40.0,62348733.0,2,,,,,,
16/001,2016-01-02,6.0,8.0,11.0,32.0,34.0,41.0,47.0,11,3.0,3.0,2.0,4.0,2.0,1.0,0.0,2.0,1.0,0.0,0.0,1.0,5541450.0,145.0,101910.0,371.5,9600.0,8840.7,640.0,10724.5,320.0,177015.5,40.0,111729038.0,6,,,,,,
16/002,2016-01-05,2.0,5.0,7.0,18.0,30.0,45.0,11.0,,4.0,2.0,3.0,3.0,3.0,1.0,1.0,0.0,1.0,1.5,53159400.0,9.0,559800.0,238.0,56450.0,749.0,9600.0,12040.3,640.0,18964.4,320.0,212019.3,40.0,122881098.0,2,,,,,,
16/003,2016-01-07,6.0,9.0,11.0,29.0,43.0,47.0,8.0,,3.0,3.0,5.0,1.0,2.0,1.0,1.0,0.0,2.0,0.0,0.0,0.5,665650.0,84.0,42260.0,213.0,9600.0,3534.9,640.0,6759.1,320.0,64798.3,40.0,34842788.0,6,,,,,,
16/004,2016-01-10,4.0,8.0,15.0,18.0,30.0,45.0,38.0,,4.0,2.0,2.0,4.0,2.0,2.0,1.0,0.0,1.0,0.0,0.0,0.0,0.0,72.0,73160.0,179.5,9600.0,4161.8,640.0,5349.5,320.0,74797.6,40.0,43632963.0,4,,,,,,
16/005,2016-01-12,8.0,13.0,15.0,35.0,44.0,45.0,47.0,"8,15,45",3.0,3.0,4.0,2.0,1.0,2.0,0.0,1.0,2.0,0.0,0.0,1.0,2492050.0,59.5,111680.0,144.5,9600.0,4134.6,640.0,4822.0,320.0,73070.4,40.0,49548124.0,8,,,,,,
16/006,2016-01-14,1.0,2.0,10.0,23.0,32.0,49.0,26.0,,4.0,2.0,3.0,3.0,3.0,0.0,1.0,1.0,1.0,0.5,15256835.0,1.5,1437890.0,151.0,38090.0,341.7,9600.0,6896.3,640.0,8058.3,320.0,112766.1,40.0,56637640.0,1,,,,,,
16/007,2016-01-16,1.0,2.0,6.0,37.0,40.0,43.0,24.0,"1,2",3.0,3.0,3.0,3.0,3.0,0.0,0.0,2.0,1.0,0.0,0.0,0.0,0.0,46.0,134580.0,133.0,9600.0,2666.5,640.0,4126.6,320.0,62477.4,40.0,44094640.0,1,,,,,,
16/008,2016-01-19,8.0,18.0,20.0,25.0,30.0,39.0,13.0,,3.0,3.0,2.0,4.0,1.0,2.0,2.0,1.0,0.0,0.5,16178395.0,1.0,2604500.0,107.0,64900.0,238.0,9600.0,6539.8,640.0,7476.6,320.0,114917.0,40.0,60259413.0,8,,,,,,
16/009,2016-01-21,2.0,12.0,33.0,40.0,45.0,47.0,9.0,,2.0,4.0,3.0,3.0,1.0,1.0,0.0,2.0,2.0,1.0,22509740.0,3.0,703480.0,71.5,78710.0,212.0,9600.0,4455.5,640.0,5948.0,320.0,72555.9,40.0,46580521.0,2,,,,,,
16/010,2016-01-23,7.0,8.0,12.0,14.0,23.0,32.0,5.0,12,5.0,1.0,2.0,4.0,2.0,2.0,1.0,1.0,0.0,0.5,4000000.0,4.5,213230.0,89.0,28750.0,254.2,9600.0,4011.9,640.0,6440.0,320.0,63518.0,40.0,30813059.0,7,,,,,,
16/011,2016-01-26,5.0,9.0,22.0,26.0,27.0,40.0,13.0,,3.0,3.0,3.0,3.0,2.0,0.0,3.0,1.0,0.0,0.0,0.0,0.5,791350.0,54.5,77440.0,228.2,9600.0,3933.0,640.0,5765.2,320.0,71913.0,40.0,38933594.0,5,,,,,,
16/012,2016-01-28,8.0,20.0,30.0,34.0,42.0,48.0,36.0,,2.0,4.0,0.0,6.0,1.0,1.0,1.0,1.0,2.0,0.0,0.0,3.0,639230.0,71.0,72020.0,149.0,9600.0,3274.5,640.0,4331.6,320.0,65298.4,40.0,39950603.0,8,,,,,,
16/013,2016-01-30,1.0,5.0,29.0,32.0,39.0,44.0,4.0,,2.0,4.0,4.0,2.0,2.0,0.0,1.0,2.0,1.0,0.0,0.0,1.5,1557300.0,57.5,108330.0,136.5,9600.0,2867.5,640.0,4904.7,320.0,60458.6,40.0,44901369.0,1,,,,,,
16/014,2016-02-02,18.0,28.0,30.0,33.0,34.0,36.0,2.0,,1.0,5.0,1.0,5.0,0.0,1.0,2.0,3.0,0.0,1.5,19497340.0,2.0,1157580.0,119.5,51660.0,284.5,9600.0,5857.6,640.0,8184.8,320.0,97036.3,40.0,55447401.0,18,,,,,,
16/015,2016-02-04,7.0,13.0,15.0,35.0,38.0,45.0,32.0,,3.0,3.0,5.0,1.0,1.0,2.0,0.0,2.0,1.0,1.0,8000000.0,1.0,1594170.0,71.0,59870.0,168.0,9600.0,4039.7,640.0,4042.3,320.0,62855.7,40.0,36453488.0,7,,,,,,
16/016,2016-02-07,11.0,13.0,15.0,19.0,21.0,29.0,41.0,"13,15",5.0,1.0,6.0,0.0,0.0,4.0,2.0,0.0,0.0,1.0,8000000.0,2.0,809280.0,211.5,20400.0,172.0,9600.0,5874.8,640.0,4092.2,320.0,64366.6,40.0,39171989.0,11,,,,,,
16/017,2016-02-11,3.0,4.0,17.0,30.0,35.0,47.0,10.0,,3.0,3.0,4.0,2.0,2.0,1.0,1.0,1.0,1.0,1.0,54916660.0,7.0,805550.0,161.0,93390.0,567.5,9600.0,9372.8,640.0,15855.7,320.0,178770.8,40.0,120336644.0,3,,,,,,
16/018,2016-02-13,8.0,14.0,24.0,29.0,36.0,43.0,31.0,,3.0,3.0,2.0,4.0,1.0,1.0,2.0,1.0,1.0,0.0,0.0,0.0,0.0,58.5,76770.0,104.0,9600.0,2685.1,640.0,3455.6,320.0,51241.1,40.0,33723116.0,8,,,,,,
16/019,2016-02-16,18.0,21.0,22.0,34.0,42.0,43.0,24.0,43,3.0,3.0,2.0,4.0,0.0,1.0,2.0,1.0,2.0,0.0,0.0,2.0,1180400.0,73.0,86230.0,206.5,9600.0,3873.7,640.0,4948.7,320.0,66958.4,40.0,48182858.0,18,,,,,,
16/020,2016-02-18,13.0,20.0,38.0,39.0,41.0,45.0,46.0,,2.0,4.0,4.0,2.0,0.0,2.0,0.0,2.0,2.0,1.0,24693930.0,3.0,880810.0,64.0,110100.0,159.0,9600.0,3766.0,640.0,4555.0,320.0,72810.6,40.0,51232046.0,13,,,,,,
16/021,2016-02-20,12.0,20.0,39.0,44.0,47.0,49.0,45.0,"20,39",2.0,4.0,3.0,3.0,0.0,2.0,0.0,1.0,3.0,0.0,0.0,1.0,1770980.0,34.0,138900.0,109.0,9600.0,2314.0,640.0,3956.5,320.0,46195.9,40.0,34473261.0,12,,,,,,
16/022,2016-02-23,9.0,15.0,24.0,27.0,44.0,45.0,47.0,44,3.0,3.0,4.0,2.0,1.0,1.0,2.0,0.0,2.0,0.0,0.0,2.0,1252330.0,82.5,80950.0,182.0,9600.0,4323.1,640.0,5321.0,320.0,78089.3,40.0,51276856.0,9,,,,,,
16/023,2016-02-25,3.0,6.0,22.0,24.0,45.0,47.0,7.0,"24,45",4.0,2.0,3.0,3.0,2.0,0.0,2.0,0.0,2.0,0.0,0.0,1.5,1572550.0,62.5,100640.0,196.0,9600.0,4027.5,640.0,6521.2,320.0,79291.9,40.0,49997292.0,3,,,,,,
16/024,2016-02-27,6.0,9.0,11.0,20.0,27.0,44.0,42.0,6,4.0,2.0,3.0,3.0,2.0,2.0,1.0,0.0,1.0,1.0,29307500.0,1.0,2238990.0,135.5,44060.0,215.0,9600.0,6817.9,640.0,5987.6,320.0,113157.0,40.0,54208592.0,6,,,,,,
16/025,2016-03-01,11.0,16.0,19.0,21.0,30.0,33.0,31.0,11,4.0,2.0,4.0,2.0,0.0,3.0,2.0,1.0,0.0,5.0,27218060.0,24.0,848470.0,795.0,68300.0,1980.5,9600.0,40930.4,640.0,54231.2,320.0,732713.6,40.0,446395296.0,11,,,,,,
16/026,2016-03-03,1.0,2.0,5.0,7.0,16.0,45.0,33.0,16,5.0,1.0,4.0,2.0,4.0,1.0,0.0,0.0,1.0,0.0,0.0,0.0,0.0,60.5,61740.0,144.5,9600.0,5587.0,640.0,4546.9,320.0,85416.6,40.0,37216037.0,1,,,,,,
16/027,2016-03-05,17.0,26.0,29.0,32.0,48.0,49.0,40.0,,1.0,5.0,3.0,3.0,0.0,1.0,2.0,1.0,2.0,0.0,0.0,2.5,644500.0,85.5,50250.0,322.5,9600.0,3674.5,640.0,6972.6,320.0,64001.7,40.0,40820572.0,17,,,,,,
16/028,2016-03-08,3.0,4.0,16.0,30.0,34.0,39.0,14.0,,3.0,3.0,2.0,4.0,2.0,1.0,1.0,2.0,0.0,1.5,14174240.0,4.0,585560.0,194.5,32110.0,247.7,9600.0,5460.9,640.0,6128.2,320.0,84314.4,40.0,52529547.0,3,,,,,,
16/029,2016-03-10,9.0,14.0,24.0,30.0,33.0,48.0,43.0,30,3.0,3.0,2.0,4.0,1.0,1.0,2.0,1.0,1.0,0.0,0.0,0.5,869235.0,48.0,96580.0,124.0,9600.0,2811.0,640.0,3402.0,320.0,57177.3,40.0,35372752.0,9,,,,,,
16/030,2016-03-12,3.0,23.0,33.0,36.0,41.0,49.0,2.0,33,2.0,4.0,5.0,1.0,1.0,0.0,1.0,2.0,2.0,0.0,0.0,1.0,1900790.0,42.0,120680.0,155.5,9600.0,3042.6,640.0,4433.8,320.0,59373.4,40.0,39183478.0,3,,,,,,
16/031,2016-03-15,1.0,6.0,19.0,26.0,28.0,41.0,39.0,41,3.0,3.0,3.0,3.0,2.0,1.0,2.0,0.0,1.0,0.0,0.0,0.0,0.0,97.5,62360.0,172.5,9600.0,4407.0,640.0,5129.8,320.0,82839.6,40.0,48401450.0,1,,,,,,
16/032,2016-03-17,3.0,8.0,15.0,16.0,17.0,38.0,35.0,,5.0,1.0,3.0,3.0,2.0,3.0,0.0,1.0,0.0,3.0,9717420.0,3.0,606620.0,241.0,20130.0,320.5,9600.0,7770.4,640.0,7838.0,320.0,118119.4,40.0,52991029.0,3,,,,,,
16/033,2016-03-19,23.0,25.0,35.0,39.0,42.0,43.0,14.0,,1.0,5.0,5.0,1.0,0.0,0.0,2.0,2.0,2.0,0.0,0.0,0.0,0.0,36.0,127020.0,90.7,9600.0,2248.7,640.0,2909.2,320.0,41897.3,40.0,32370053.0,23,,,,,,
16/034,2016-03-22,5.0,10.0,18.0,24.0,27.0,49.0,39.0,,4.0,2.0,3.0,3.0,2.0,1.0,2.0,0.0,1.0,2.0,8048860.0,1.0,1595710.0,86.5,61490.0,127.5,9600.0,4512.9,640.0,4208.6,320.0,81905.9,40.0,43237087.0,5,,,,,,
16/035,2016-03-24,16.0,18.0,21.0,25.0,35.0,46.0,13.0,18,3.0,3.0,3.0,3.0,0.0,2.0,2.0,1.0,1.0,0.0,0.0,0.5,821840.0,34.5,127040.0,105.5,9600.0,2105.9,640.0,3119.8,320.0,41745.1,40.0,31611728.0,16,,,,,,
16/036,2016-03-26,17.0,24.0,38.0,44.0,46.0,47.0,27.0,46,2.0,4.0,2.0,4.0,0.0,1.0,1.0,1.0,3.0,0.0,0.0,2.0,874100.0,34.5,135120.0,125.0,9600.0,2248.0,640.0,3964.0,320.0,46757.5,40.0,34416587.0,17,,,,,,
16/037,2016-03-29,9.0,12.0,13.0,22.0,30.0,31.0,28.0,,4.0,2.0,3.0,3.0,1.0,2.0,2.0,1.0,0.0,0.5,9242675.0,1.0,1472950.0,153.4,25600.0,274.5,9600.0,6433.0,640.0,7091.1,320.0,94176.5,40.0,43665541.0,9,,,,,,
16/038,2016-04-02,4.0,6.0,29.0,34.0,36.0,45.0,47.0,,2.0,4.0,2.0,4.0,2.0,0.0,1.0,2.0,1.0,0.0,0.0,0.5,1110060.0,84.5,70060.0,175.0,9600.0,4687.9,640.0,4740.0,320.0,81219.3,40.0,47612006.0,4,,,,,,
16/039,2016-04-05,4.0,10.0,21.0,30.0,35.0,43.0,7.0,4,3.0,3.0,3.0,3.0,2.0,0.0,2.0,1.0,1.0,0.0,0.0,1.0,2124200.0,64.5,87820.0,233.5,9600.0,3346.5,640.0,6573.6,320.0,65407.2,40.0,45676156.0,4,,,,,,
16/040,2016-04-07,8.0,21.0,25.0,32.0,34.0,45.0,31.0,21,2.0,4.0,3.0,3.0,1.0,0.0,2.0,2.0,1.0,0.5,15447620.0,0.5,1251585.0,75.0,89000.0,156.4,9600.0,3446.2,640.0,4884.0,320.0,68212.2,40.0,48771580.0,8,,,,,,
16/041,2016-04-09,3.0,6.0,13.0,38.0,43.0,44.0,31.0,,3.0,3.0,3.0,3.0,2.0,1.0,0.0,1.0,2.0,0.0,0.0,1.0,1915350.0,66.5,76800.0,167.0,9600.0,3645.7,640.0,4551.4,320.0,66922.8,40.0,40929150.0,3,,,,,,
16/042,2016-04-12,21.0,25.0,28.0,33.0,46.0,48.0,10.0,,1.0,5.0,3.0,3.0,0.0,0.0,3.0,1.0,2.0,0.5,15005990.0,3.5,720630.0,77.0,87350.0,198.0,9600.0,3940.0,640.0,5750.5,320.0,75207.0,40.0,51386592.0,21,,,,,,
16/043,2016-04-14,14.0,21.0,25.0,27.0,44.0,46.0,3.0,"21,25,46",2.0,4.0,3.0,3.0,0.0,1.0,3.0,0.0,2.0,0.0,0.0,1.0,2151790.0,50.0,114760.0,150.5,9600.0,2989.0,640.0,4681.6,320.0,59126.2,40.0,42564768.0,14,,,,,,
16/044,2016-04-17,16.0,24.0,28.0,35.0,45.0,46.0,38.0,46,2.0,4.0,2.0,4.0,0.0,1.0,2.0,1.0,2.0,0.0,0.0,2.0,1054360.0,77.0,73020.0,227.0,9600.0,4130.0,640.0,5657.0,320.0,72634.6,40.0,46271339.0,16,,,,,,
16/045,2016-04-19,5.0,8.0,30.0,34.0,45.0,48.0,3.0,45,2.0,4.0,2.0,4.0,2.0,0.0,1.0,1.0,2.0,0.0,0.0,1.0,2427070.0,75.5,85720.0,236.0,9600.0,4381.0,640.0,6471.8,320.0,79439.6,40.0,52034790.0,5,,,,,,
16/046,2016-04-21,3.0,5.0,14.0,15.0,39.0,41.0,21.0,5,4.0,2.0,5.0,1.0,2.0,2.0,0.0,1.0,1.0,0.0,0.0,1.0,3062560.0,78.5,104030.0,206.0,9600.0,4340.1,640.0,6601.9,320.0,85438.7,40.0,60595924.0,3,,,,,,
16/047,2016-04-23,2.0,10.0,16.0,35.0,46.0,47.0,49.0,,3.0,3.0,2.0,4.0,2.0,1.0,0.0,1.0,2.0,0.0,0.0,1.5,2242310.0,89.5,100210.0,226.5,9600.0,5551.0,640.0,7470.5,320.0,103025.8,40.0,68295359.0,2,,,,,,
16/048,2016-04-26,1.0,3.0,25.0,27.0,28.0,45.0,12.0,,2.0,4.0,5.0,1.0,2.0,0.0,3.0,0.0,1.0,0.0,0.0,5.0,705190.0,152.0,61850.0,490.0,9600.0,10931.6,640.0,13949.4,320.0,181787.1,40.0,91234839.0,1,,,,,,
16/049,2016-04-30,11.0,20.0,28.0,29.0,44.0,49.0,40.0,28,2.0,4.0,3.0,3.0,0.0,2.0,2.0,0.0,2.0,0.0,0.0,2.0,3482800.0,212.0,87610.0,613.0,9600.0,11979.5,640.0,17886.4,320.0,234383.8,40.0,147556973.0,11,,,,,,
16/050,2016-05-05,6.0,7.0,12.0,15.0,27.0,36.0,29.0,,4.0,2.0,3.0,3.0,2.0,2.0,1.0,1.0,0.0,0.0,0.0,15.0,664670.0,513.0,51820.0,1172.4,9600.0,25463.5,640.0,29673.3,320.0,433678.6,40.0,235990985.0,6,,,,,,
16/051,2016-05-10,20.0,26.0,28.0,32.0,40.0,45.0,43.0,,1.0,5.0,1.0,5.0,0.0,1.0,2.0,2.0,1.0,2.0,84659780.0,9.5,1880270.0,572.0,83270.0,1072.0,9600.0,27315.1,640.0,31992.9,320.0,509572.1,40.0,350471901.0,20,,,,,,
16/052,2016-05-12,4.0,12.0,19.0,20.0,27.0,49.0,21.0,20,4.0,2.0,3.0,3.0,1.0,3.0,1.0,0.0,1.0,0.0,0.0,1.5,1109510.0,61.0,72750.0,144.5,9600.0,3479.4,640.0,4339.2,320.0,62253.2,40.0,36454079.0,4,,,,,,
16/053,2016-05-15,2.0,11.0,25.0,28.0,36.0,46.0,42.0,,2.0,4.0,2.0,4.0,1.0,1.0,2.0,1.0,1.0,1.0,13855260.0,1.0,1951750.0,76.0,68480.0,175.0,9600.0,4174.5,640.0,4550.0,320.0,81800.6,40.0,43293096.0,2,,,,,,
16/054,2016-05-17,1.0,19.0,23.0,24.0,32.0,40.0,35.0,,4.0,2.0,3.0,3.0,1.0,1.0,2.0,2.0,0.0,0.0,0.0,0.0,0.0,50.0,100140.0,117.0,9600.0,2765.6,640.0,3269.0,320.0,52736.3,40.0,36676426.0,1,,,,,,
16/055,2016-05-19,2.0,8.0,20.0,24.0,37.0,39.0,18.0,24,4.0,2.0,2.0,4.0,2.0,1.0,1.0,2.0,0.0,0.0,0.0,2.5,843540.0,63.5,88560.0,161.5,9600.0,3328.4,640.0,5675.5,320.0,64110.4,40.0,43538318.0,2,,,,,,
16/056,2016-05-21,6.0,13.0,23.0,25.0,44.0,48.0,11.0,,3.0,3.0,3.0,3.0,1.0,1.0,2.0,0.0,2.0,1.0,22833480.0,1.0,2209700.0,60.0,98200.0,156.5,9600.0,3626.5,640.0,5427.7,320.0,68343.1,40.0,45337573.0,6,,,,,,
16/057,2016-05-24,14.0,18.0,33.0,34.0,35.0,46.0,42.0,,2.0,4.0,2.0,4.0,0.0,2.0,0.0,3.0,1.0,0.0,0.0,0.0,0.0,55.5,88080.0,139.0,9600.0,3106.2,640.0,3762.0,320.0,55565.1,40.0,37368734.0,14,,,,,,
16/058,2016-05-26,9.0,15.0,36.0,38.0,46.0,48.0,22.0,46,2.0,4.0,2.0,4.0,1.0,1.0,0.0,2.0,2.0,0.0,0.0,3.0,622940.0,69.5,71700.0,219.0,9600.0,3644.9,640.0,5938.0,320.0,66199.9,40.0,41989634.0,9,,,,,,
16/059,2016-05-28,21.0,23.0,32.0,33.0,36.0,42.0,20.0,36,2.0,4.0,3.0,3.0,0.0,0.0,2.0,3.0,1.0,1.0,21775340.0,4.0,527960.0,88.0,63990.0,136.0,9600.0,3810.0,640.0,4440.1,320.0,65371.8,40.0,43057874.0,21,,,,,,
16/060,2016-05-31,21.0,24.0,36.0,38.0,39.0,44.0,49.0,"21,36",2.0,4.0,2.0,4.0,0.0,0.0,2.0,3.0,1.0,1.0,8000000.0,0.0,0.0,37.5,128470.0,142.0,9600.0,2720.2,640.0,3742.0,320.0,51042.6,40.0,36258249.0,21,,,,,,
16/061,2016-06-02,3.0,4.0,19.0,24.0,26.0,34.0,38.0,24,4.0,2.0,2.0,4.0,2.0,1.0,2.0,1.0,0.0,0.0,0.0,1.0,1577280.0,45.0,93460.0,123.2,9600.0,3391.0,640.0,3386.6,320.0,61411.9,40.0,34163569.0,3,,,,,,
16/062,2016-06-04,8.0,16.0,21.0,32.0,38.0,48.0,11.0,,3.0,3.0,1.0,5.0,1.0,1.0,1.0,2.0,1.0,0.0,0.0,1.0,1613960.0,68.5,62830.0,165.5,9600.0,3787.5,640.0,4452.7,320.0,61520.4,40.0,36522960.0,8,,,,,,
16/063,2016-06-06,2.0,5.0,8.0,12.0,20.0,49.0,47.0,8,5.0,1.0,2.0,4.0,3.0,2.0,0.0,0.0,1.0,0.0,0.0,1.5,671440.0,140.0,19200.0,175.0,9600.0,5356.7,640.0,4193.5,320.0,74950.5,40.0,31165111.0,2,,,,,,
16/064,2016-06-08,4.0,13.0,34.0,36.0,42.0,48.0,19.0,,2.0,4.0,1.0,5.0,1.0,1.0,0.0,2.0,2.0,0.0,0.0,0.5,1182070.0,53.5,117830.0,186.0,9600.0,3727.4,640.0,5157.7,320.0,71845.0,40.0,48176130.0,4,,,,,,
16/065,2016-06-11,10.0,14.0,23.0,29.0,40.0,42.0,11.0,42,3.0,3.0,2.0,4.0,1.0,1.0,2.0,1.0,1.0,0.0,0.0,2.5,1104710.0,61.0,120730.0,209.5,9600.0,3674.9,640.0,6192.6,320.0,75133.1,40.0,54783133.0,10,,,,,,
16/066,2016-06-14,13.0,15.0,30.0,36.0,44.0,49.0,37.0,,2.0,4.0,3.0,3.0,0.0,2.0,1.0,1.0,2.0,0.0,0.0,4.0,787320.0,75.5,111230.0,223.0,9600.0,5350.5,640.0,6009.0,320.0,101368.4,40.0,64100768.0,13,,,,,,
16/067,2016-06-16,19.0,22.0,27.0,29.0,45.0,48.0,4.0,,2.0,4.0,4.0,2.0,0.0,1.0,3.0,0.0,2.0,2.0,26446460.0,0.5,1377730.0,108.5,84650.0,239.5,9600.0,4964.5,640.0,6971.9,320.0,99377.9,40.0,68362653.0,19,,,,,,
16/068,2016-06-18,4.0,5.0,8.0,12.0,34.0,37.0,24.0,,4.0,2.0,2.0,4.0,3.0,1.0,0.0,2.0,0.0,0.0,0.0,3.5,345000.0,51.0,63130.0,225.5,9600.0,3293.6,640.0,5901.4,320.0,62280.1,40.0,32405053.0,4,,,,,,
16/069,2016-06-21,9.0,10.0,20.0,21.0,38.0,39.0,49.0,,4.0,2.0,3.0,3.0,2.0,1.0,1.0,2.0,0.0,0.0,0.0,11.0,132130.0,168.1,23050.0,298.0,9600.0,5396.1,640.0,7080.0,320.0,81649.8,40.0,41656253.0,9,,,,,,
16/070,2016-06-23,6.0,9.0,21.0,35.0,48.0,49.0,29.0,"9,21",3.0,3.0,4.0,2.0,2.0,0.0,1.0,1.0,2.0,0.0,0.0,1.5,1106430.0,107.0,41360.0,212.5,9600.0,6044.5,640.0,6232.0,320.0,81408.4,40.0,43180821.0,6,,,,,,
16/071,2016-06-25,10.0,15.0,22.0,38.0,42.0,43.0,18.0,,3.0,3.0,2.0,4.0,1.0,1.0,1.0,1.0,2.0,0.5,11898035.0,3.0,717390.0,59.0,97270.0,208.5,9600.0,3335.5,640.0,4939.9,320.0,64268.7,40.0,44545953.0,10,,,,,,
16/072,2016-06-28,7.0,13.0,23.0,30.0,32.0,48.0,36.0,,3.0,3.0,3.0,3.0,1.0,1.0,2.0,1.0,1.0,0.0,0.0,3.0,631300.0,76.0,66450.0,263.0,9600.0,4208.9,640.0,6664.4,320.0,77622.7,40.0,45057208.0,7,,,,,,
16/073,2016-06-30,2.0,5.0,6.0,7.0,16.0,29.0,35.0,7,5.0,1.0,3.0,3.0,4.0,1.0,1.0,0.0,0.0,1.0,22324120.0,0.5,790720.0,230.0,19200.0,211.0,9600.0,8060.8,640.0,5633.9,320.0,107534.5,40.0,46468294.0,2,,,,,,
16/074,2016-07-02,2.0,8.0,16.0,32.0,33.0,37.0,5.0,"2,16",3.0,3.0,2.0,4.0,2.0,1.0,0.0,3.0,0.0,0.0,0.0,2.0,595420.0,61.0,52050.0,261.5,9600.0,3097.9,640.0,5009.1,320.0,51487.7,40.0,31258661.0,2,,,,,,
16/075,2016-07-05,1.0,6.0,13.0,17.0,34.0,44.0,38.0,,4.0,2.0,3.0,3.0,2.0,2.0,0.0,1.0,1.0,0.0,0.0,0.5,1019325.0,54.0,100670.0,133.9,9600.0,3557.8,640.0,4431.9,320.0,68640.7,40.0,41965751.0,1,,,,,,
16/076,2016-07-07,13.0,14.0,21.0,31.0,38.0,44.0,22.0,"13,44",3.0,3.0,3.0,3.0,0.0,2.0,1.0,2.0,1.0,0.0,0.0,1.0,2217530.0,54.0,109500.0,182.0,9600.0,3437.5,640.0,4887.9,320.0,65228.9,40.0,45122563.0,13,,,,,,
16/077,2016-07-09,7.0,19.0,20.0,28.0,30.0,31.0,29.0,31,3.0,3.0,3.0,3.0,1.0,2.0,2.0,1.0,0.0,0.0,0.0,4.5,422210.0,86.0,58910.0,326.0,9600.0,4600.3,640.0,7364.8,320.0,82583.2,40.0,47505745.0,7,,,,,,
16/078,2016-07-12,12.0,20.0,31.0,32.0,35.0,45.0,18.0,"20,31",2.0,4.0,3.0,3.0,0.0,2.0,0.0,3.0,1.0,1.0,36859760.0,1.5,2082640.0,71.5,116510.0,230.0,9600.0,4464.5,640.0,6954.5,320.0,88698.1,40.0,62453477.0,12,,,,,,
16/079,2016-07-14,16.0,21.0,30.0,36.0,38.0,47.0,48.0,,2.0,4.0,2.0,4.0,0.0,1.0,2.0,2.0,1.0,0.0,0.0,2.5,607750.0,34.5,117440.0,189.5,9600.0,2432.2,640.0,5500.5,320.0,50352.2,40.0,33853850.0,16,,,,,,
16/080,2016-07-16,1.0,2.0,7.0,16.0,24.0,34.0,36.0,16,5.0,1.0,2.0,4.0,3.0,1.0,1.0,1.0,0.0,0.0,0.0,3.5,452100.0,86.5,48780.0,183.5,9600.0,4277.3,640.0,4751.8,320.0,73708.5,40.0,38075019.0,1,,,,,,
16/081,2016-07-19,7.0,21.0,27.0,33.0,46.0,47.0,4.0,7,2.0,4.0,5.0,1.0,1.0,0.0,2.0,1.0,2.0,0.0,0.0,5.0,1376260.0,267.0,68720.0,624.5,9600.0,13840.0,640.0,18292.3,320.0,243069.8,40.0,149707089.0,7,,,,,,
16/082,2016-07-22,10.0,11.0,22.0,41.0,44.0,46.0,35.0,46,3.0,3.0,2.0,4.0,1.0,1.0,1.0,0.0,3.0,0.5,53946950.0,6.5,1397430.0,320.0,75690.0,778.5,9600.0,18226.5,640.0,21103.5,320.0,322335.4,40.0,195054501.0,10,,,,,,
16/083,2016-07-24,11.0,18.0,26.0,31.0,39.0,44.0,24.0,"11,44",2.0,4.0,3.0,3.0,0.0,2.0,1.0,2.0,1.0,1.0,68372410.0,4.5,1068550.0,140.0,91590.0,343.5,9600.0,7161.6,640.0,10564.4,320.0,136822.0,40.0,96225046.0,11,,,,,,
16/084,2016-07-26,3.0,14.0,17.0,21.0,28.0,49.0,12.0,,4.0,2.0,4.0,2.0,1.0,2.0,2.0,0.0,1.0,0.0,0.0,0.0,0.0,71.0,56140.0,160.0,9600.0,3404.7,640.0,4631.2,320.0,57076.1,40.0,34132637.0,3,,,,,,
16/085,2016-07-28,12.0,20.0,24.0,35.0,39.0,47.0,15.0,,3.0,3.0,3.0,3.0,0.0,2.0,1.0,2.0,1.0,0.5,8021080.0,0.0,0.0,62.5,93110.0,149.5,9600.0,2916.1,640.0,4024.6,320.0,56043.7,40.0,42258493.0,12,,,,,,
16/086,2016-07-30,9.0,21.0,29.0,33.0,35.0,48.0,28.0,35,2.0,4.0,5.0,1.0,1.0,0.0,2.0,2.0,1.0,1.0,15741020.0,4.5,410180.0,88.5,55610.0,173.5,9600.0,3938.7,640.0,5565.9,320.0,70315.7,40.0,41301316.0,9,,,,,,
16/087,2016-08-02,7.0,11.0,12.0,19.0,21.0,39.0,49.0,21,5.0,1.0,5.0,1.0,1.0,3.0,1.0,1.0,0.0,0.0,0.0,1.0,1127160.0,83.4,36040.0,212.0,9600.0,4785.2,640.0,5352.5,320.0,73520.8,40.0,33349936.0,7,,,,,,
16/088,2016-08-04,10.0,16.0,34.0,41.0,45.0,47.0,7.0,,2.0,4.0,3.0,3.0,1.0,1.0,0.0,1.0,3.0,1.0,14233140.0,0.0,0.0,49.5,111930.0,117.0,9600.0,2834.5,640.0,3819.2,320.0,52011.3,40.0,39743010.0,10,,,,,,
16/089,2016-08-06,2.0,17.0,23.0,32.0,36.0,40.0,3.0,,3.0,3.0,2.0,4.0,1.0,1.0,1.0,3.0,0.0,1.0,8000000.0,1.5,1068700.0,57.5,74340.0,156.5,9600.0,2705.2,640.0,4522.7,320.0,49877.8,40.0,34111314.0,2,,,,,,
16/090,2016-08-09,5.0,9.0,13.0,22.0,34.0,39.0,40.0,,4.0,2.0,4.0,2.0,2.0,1.0,1.0,2.0,0.0,0.0,0.0,0.0,0.0,67.0,66640.0,123.5,9600.0,3661.8,640.0,3662.2,320.0,66245.1,40.0,36331042.0,5,,,,,,
16/091,2016-08-11,10.0,11.0,19.0,23.0,30.0,38.0,13.0,,4.0,2.0,3.0,3.0,1.0,2.0,2.0,1.0,0.0,0.0,0.0,1.0,1689050.0,93.5,48170.0,184.0,9600.0,4573.8,640.0,5379.5,320.0,79489.0,40.0,40682664.0,10,,,,,,
16/092,2016-08-13,3.0,4.0,11.0,23.0,44.0,47.0,24.0,"11,23",4.0,2.0,4.0,2.0,2.0,1.0,1.0,0.0,2.0,0.0,0.0,1.0,1890900.0,61.5,81990.0,244.5,9600.0,3899.5,640.0,6334.5,320.0,72803.7,40.0,43768215.0,3,,,,,,
16/093,2016-08-16,5.0,12.0,14.0,20.0,27.0,46.0,26.0,,4.0,2.0,2.0,4.0,1.0,3.0,1.0,0.0,1.0,0.0,0.0,2.0,1124540.0,90.0,66630.0,214.5,9600.0,4774.9,640.0,6528.4,320.0,84946.7,40.0,50146104.0,5,,,,,,
16/094,2016-08-18,3.0,17.0,20.0,22.0,45.0,46.0,30.0,"20,46",4.0,2.0,3.0,3.0,1.0,2.0,1.0,0.0,2.0,0.0,0.0,2.0,1436730.0,70.5,108680.0,169.5,9600.0,3753.5,640.0,5137.5,320.0,74926.7,40.0,55039851.0,3,,,,,,
16/095,2016-08-20,2.0,3.0,15.0,28.0,46.0,48.0,33.0,"3,46",3.0,3.0,2.0,4.0,2.0,1.0,1.0,0.0,2.0,0.0,0.0,3.0,963100.0,64.5,119450.0,209.0,9600.0,4705.0,640.0,6905.7,320.0,92097.6,40.0,59404718.0,2,,,,,,
16/096,2016-08-23,14.0,16.0,24.0,25.0,43.0,44.0,3.0,,3.0,3.0,2.0,4.0,0.0,2.0,2.0,0.0,2.0,0.5,27923330.0,2.0,1899430.0,128.5,78830.0,286.5,9600.0,7145.5,640.0,8763.0,320.0,122840.1,40.0,79392309.0,14,,,,,,
16/097,2016-08-25,4.0,20.0,34.0,35.0,40.0,47.0,3.0,,2.0,4.0,2.0,4.0,1.0,1.0,0.0,3.0,1.0,1.0,36248280.0,3.0,924990.0,77.5,95480.0,219.5,9600.0,4287.9,640.0,5895.9,320.0,82751.3,40.0,56255099.0,4,,,,,,
16/098,2016-08-27,3.0,6.0,13.0,24.0,37.0,43.0,30.0,,4.0,2.0,4.0,2.0,2.0,1.0,1.0,1.0,1.0,0.0,0.0,1.0,1516570.0,51.5,78520.0,124.5,9600.0,2735.9,640.0,3869.2,320.0,54343.0,40.0,32349060.0,3,,,,,,
16/099,2016-08-30,14.0,20.0,21.0,31.0,34.0,42.0,25.0,,3.0,3.0,2.0,4.0,0.0,2.0,1.0,2.0,1.0,0.5,7222870.0,1.0,2148580.0,64.5,88830.0,156.0,9600.0,3311.4,640.0,4232.7,320.0,65294.3,40.0,43191955.0,14,,,,,,
16/100,2016-09-01,8.0,11.0,13.0,30.0,34.0,49.0,2.0,34,3.0,3.0,3.0,3.0,1.0,2.0,1.0,1.0,1.0,0.0,0.0,1.0,1843760.0,56.0,87790.0,168.5,9600.0,3216.5,640.0,4759.6,320.0,65687.1,40.0,39507677.0,8,,,,,,
16/101,2016-09-04,8.0,25.0,26.0,28.0,38.0,43.0,22.0,8,1.0,5.0,2.0,4.0,1.0,0.0,3.0,1.0,1.0,0.5,9302095.0,3.0,650000.0,83.0,62650.0,223.0,9600.0,4483.4,640.0,6810.6,320.0,81443.0,40.0,45802000.0,8,,,,,,
16/102,2016-09-06,11.0,15.0,33.0,41.0,43.0,48.0,27.0,43,2.0,4.0,5.0,1.0,0.0,2.0,0.0,1.0,3.0,0.0,0.0,2.5,893960.0,63.0,94590.0,132.5,9600.0,3244.5,640.0,4604.9,320.0,62258.6,40.0,43861879.0,11,,,,,,
16/103,2016-09-08,3.0,4.0,5.0,26.0,45.0,48.0,14.0,48,3.0,3.0,3.0,3.0,3.0,0.0,1.0,0.0,2.0,0.0,0.0,1.0,2204510.0,71.5,82210.0,172.0,9600.0,4113.5,640.0,5325.1,320.0,76951.8,40.0,46696732.0,3,,,,,,
16/104,2016-09-10,7.0,16.0,32.0,37.0,38.0,46.0,22.0,,2.0,4.0,2.0,4.0,1.0,1.0,0.0,3.0,1.0,0.0,0.0,1.5,1500440.0,58.5,102590.0,204.0,9600.0,4090.3,640.0,5572.4,320.0,72458.7,40.0,47678029.0,7,,,,,,
16/105,2016-09-13,1.0,13.0,19.0,21.0,38.0,49.0,23.0,38,4.0,2.0,5.0,1.0,1.0,2.0,1.0,1.0,1.0,1.5,55625480.0,11.0,710240.0,330.0,63130.0,775.5,9600.0,16064.2,640.0,21582.6,320.0,288971.4,40.0,173013664.0,1,,,,,,
16/106,2016-09-15,24.0,25.0,34.0,35.0,44.0,49.0,30.0,49,1.0,5.0,3.0,3.0,0.0,0.0,2.0,2.0,2.0,0.0,0.0,1.5,1158690.0,90.5,51210.0,117.0,9600.0,3102.0,640.0,3627.6,320.0,52859.8,40.0,35401214.0,24,,,,,,
16/107,2016-09-17,3.0,18.0,21.0,25.0,31.0,42.0,26.0,25,3.0,3.0,4.0,2.0,1.0,1.0,2.0,1.0,1.0,0.0,0.0,1.0,1874420.0,50.0,99960.0,126.0,9600.0,2897.7,640.0,3861.1,320.0,56066.5,40.0,37545147.0,3,,,,,,
16/108,2016-09-20,4.0,16.0,19.0,27.0,41.0,44.0,25.0,,3.0,3.0,3.0,3.0,1.0,2.0,1.0,0.0,2.0,0.5,10360075.0,4.0,591400.0,81.7,77210.0,181.0,9600.0,3771.2,640.0,4734.7,320.0,67528.8,40.0,47588946.0,4,,,,,,
16/109,2016-09-22,5.0,30.0,38.0,43.0,44.0,47.0,14.0,44,1.0,5.0,3.0,3.0,1.0,0.0,1.0,1.0,3.0,0.0,0.0,0.0,0.0,47.0,123560.0,121.0,9600.0,2659.5,640.0,4238.0,320.0,55294.8,40.0,41455850.0,5,,,,,,
16/110,2016-09-24,1.0,17.0,20.0,34.0,43.0,44.0,42.0,"43,44",3.0,3.0,3.0,3.0,1.0,2.0,0.0,1.0,2.0,1.0,26170670.0,1.0,2366470.0,50.5,124960.0,136.0,9600.0,3255.5,640.0,4867.5,320.0,64387.7,40.0,46035258.0,1,,,,,,
16/111,2016-09-27,12.0,16.0,19.0,23.0,28.0,32.0,27.0,,4.0,2.0,2.0,4.0,0.0,3.0,2.0,1.0,0.0,0.0,0.0,1.0,1568520.0,72.7,57530.0,161.0,9600.0,3493.6,640.0,4486.4,320.0,61651.4,40.0,35507837.0,12,,,,,,
16/112,2016-09-29,14.0,20.0,28.0,33.0,41.0,48.0,40.0,28,2.0,4.0,2.0,4.0,0.0,2.0,1.0,1.0,2.0,0.0,0.0,1.0,1999100.0,43.0,123970.0,132.0,9600.0,2773.0,640.0,3713.0,320.0,54383.2,40.0,38983073.0,14,,,,,,
16/113,2016-10-02,7.0,8.0,21.0,22.0,34.0,46.0,6.0,,4.0,2.0,2.0,4.0,2.0,0.0,2.0,1.0,1.0,0.0,0.0,0.5,899560.0,59.0,81310.0,253.0,9600.0,4314.1,640.0,6837.9,320.0,78362.5,40.0,43875706.0,7,,,,,,
16/114,2016-10-04,2.0,6.0,10.0,28.0,38.0,40.0,30.0,,3.0,3.0,0.0,6.0,3.0,0.0,1.0,2.0,0.0,0.5,12959355.0,1.0,1874820.0,92.0,54340.0,334.4,9600.0,5360.3,640.0,8079.3,320.0,93002.2,40.0,49409715.0,2,,,,,,
16/115,2016-10-06,5.0,11.0,13.0,19.0,33.0,48.0,34.0,,4.0,2.0,5.0,1.0,1.0,3.0,0.0,1.0,1.0,0.0,0.0,0.5,934850.0,79.0,63110.0,187.5,9600.0,4382.0,640.0,5303.3,320.0,80195.2,40.0,42975530.0,5,,,,,,
16/116,2016-10-09,12.0,26.0,28.0,36.0,45.0,49.0,9.0,,1.0,5.0,2.0,4.0,0.0,1.0,2.0,1.0,2.0,1.0,25102070.0,2.5,746500.0,105.0,47390.0,403.5,9600.0,4484.1,640.0,11189.9,320.0,81093.4,40.0,50444713.0,12,,,,,,
16/117,2016-10-11,16.0,19.0,24.0,28.0,36.0,42.0,13.0,"28,36",3.0,3.0,1.0,5.0,0.0,2.0,2.0,1.0,1.0,0.0,0.0,1.5,995050.0,56.0,71070.0,176.0,9600.0,2682.2,640.0,4277.8,320.0,48724.3,40.0,32701374.0,16,,,,,,
16/118,2016-10-13,2.0,9.0,16.0,27.0,32.0,40.0,46.0,16,3.0,3.0,2.0,4.0,2.0,1.0,1.0,2.0,0.0,0.0,0.0,1.0,1972210.0,55.0,95620.0,133.0,9600.0,3042.1,640.0,3491.5,320.0,61434.6,40.0,39346088.0,2,,,,,,
16/119,2016-10-15,7.0,12.0,18.0,27.0,28.0,40.0,10.0,"27,40",3.0,3.0,2.0,4.0,1.0,2.0,2.0,1.0,0.0,0.0,0.0,2.5,627400.0,62.5,66920.0,266.7,9600.0,4111.2,640.0,7162.2,320.0,72335.1,40.0,40495746.0,7,,,,,,
16/120,2016-10-18,8.0,27.0,28.0,30.0,38.0,41.0,12.0,"27,28",1.0,5.0,2.0,4.0,1.0,0.0,3.0,1.0,1.0,0.5,11999100.0,5.5,325810.0,111.0,43050.0,339.0,9600.0,5618.1,640.0,8959.1,320.0,97492.3,40.0,49527524.0,8,,,,,,
16/121,2016-10-20,2.0,4.0,7.0,15.0,28.0,45.0,19.0,28,4.0,2.0,3.0,3.0,3.0,1.0,1.0,0.0,1.0,0.0,0.0,1.0,1826770.0,72.0,67650.0,178.9,9600.0,3850.0,640.0,5051.5,320.0,71046.1,40.0,40782879.0,2,,,,,,
16/122,2016-10-22,3.0,12.0,13.0,20.0,33.0,43.0,35.0,,4.0,2.0,4.0,2.0,1.0,3.0,0.0,1.0,1.0,0.0,0.0,1.0,1468460.0,138.5,28270.0,211.2,9600.0,6355.3,640.0,4660.2,320.0,72592.7,40.0,39347881.0,3,,,,,,
16/123,2016-10-25,7.0,8.0,12.0,17.0,22.0,29.0,14.0,12,5.0,1.0,3.0,3.0,2.0,2.0,2.0,0.0,0.0,2.5,30026600.0,9.5,528640.0,329.0,40700.0,763.0,9600.0,16338.8,640.0,17687.8,320.0,264959.8,40.0,131171453.0,7,,,,,,
16/124,2016-10-27,8.0,16.0,17.0,34.0,35.0,44.0,41.0,"8,17",3.0,3.0,2.0,4.0,1.0,2.0,0.0,2.0,1.0,0.0,0.0,1.0,1738780.0,55.5,83540.0,85.5,9600.0,2713.5,640.0,2806.5,320.0,48327.3,40.0,33568510.0,8,,,,,,
16/125,2016-10-29,22.0,26.0,32.0,38.0,43.0,47.0,42.0,,1.0,5.0,2.0,4.0,0.0,0.0,2.0,2.0,2.0,0.0,0.0,2.0,914890.0,62.5,78070.0,146.0,9600.0,2658.5,640.0,4190.0,320.0,51467.7,40.0,36865902.0,22,,,,,,
16/126,2016-11-01,1.0,2.0,21.0,31.0,33.0,36.0,8.0,,3.0,3.0,4.0,2.0,2.0,0.0,1.0,3.0,0.0,0.0,0.0,2.0,959820.0,101.0,50680.0,257.9,9600.0,5359.2,640.0,7498.9,320.0,89801.5,40.0,48075501.0,1,,,,,,
16/127,2016-11-03,6.0,14.0,18.0,22.0,30.0,38.0,47.0,,4.0,2.0,0.0,6.0,1.0,2.0,2.0,1.0,0.0,,,,,,,,,,,,,,,48176818.0,6,,,,,,
16/128,2016-11-05,9.0,12.0,31.0,39.0,42.0,46.0,48.0,,2.0,4.0,3.0,3.0,1.0,1.0,0.0,2.0,2.0,0.0,0.0,2.5,1013580.0,62.5,108110.0,183.5,9600.0,3677.2,640.0,5625.5,320.0,74273.4,40.0,50833134.0,9,,,,,,
16/129,2016-11-08,3.0,5.0,6.0,11.0,34.0,42.0,28.0,42,4.0,2.0,3.0,3.0,3.0,1.0,0.0,1.0,1.0,1.5,28255500.0,5.5,519940.0,101.0,75500.0,334.5,9600.0,6214.1,640.0,10081.7,320.0,122732.6,40.0,67173953.0,3,,,,,,
16/130,2016-11-10,3.0,17.0,38.0,39.0,46.0,49.0,37.0,3,2.0,4.0,4.0,2.0,1.0,1.0,0.0,2.0,2.0,0.0,0.0,0.5,845630.0,45.0,100220.0,93.7,9600.0,2210.5,640.0,3206.2,320.0,43677.7,40.0,32365780.0,3,,,,,,
16/131,2016-11-13,2.0,16.0,27.0,29.0,34.0,41.0,42.0,,2.0,4.0,3.0,3.0,1.0,1.0,2.0,1.0,1.0,0.0,0.0,0.0,0.0,33.5,173040.0,117.0,9600.0,2749.7,640.0,3825.0,320.0,57810.7,40.0,41380026.0,2,,,,,,
16/132,2016-11-15,10.0,15.0,17.0,18.0,27.0,40.0,26.0,27,4.0,2.0,3.0,3.0,1.0,3.0,1.0,1.0,0.0,0.0,0.0,0.5,1062350.0,51.5,110010.0,197.5,9600.0,3922.1,640.0,5695.3,320.0,77323.3,40.0,46087431.0,10,,,,,,
16/133,2016-11-17,5.0,18.0,26.0,28.0,30.0,45.0,33.0,18,2.0,4.0,2.0,4.0,1.0,1.0,3.0,0.0,1.0,0.0,0.0,0.0,0.0,88.0,72070.0,231.0,9600.0,4868.6,640.0,6713.8,320.0,88434.8,40.0,52672914.0,5,,,,,,
16/134,2016-11-19,2.0,6.0,23.0,24.0,37.0,42.0,32.0,,4.0,2.0,2.0,4.0,2.0,0.0,2.0,1.0,1.0,0.0,0.0,3.5,766810.0,83.0,86220.0,262.0,9600.0,4887.5,640.0,7397.4,320.0,94266.7,40.0,58227586.0,2,,,,,,
16/135,2016-11-22,12.0,13.0,16.0,18.0,38.0,40.0,5.0,,4.0,2.0,1.0,5.0,0.0,4.0,0.0,2.0,0.0,0.0,0.0,1.0,3359140.0,157.5,56870.0,298.7,9600.0,7203.4,640.0,9193.6,320.0,124138.5,40.0,74063471.0,12,,,,,,
16/136,2016-11-24,3.0,9.0,24.0,31.0,38.0,49.0,41.0,38,3.0,3.0,4.0,2.0,2.0,0.0,1.0,2.0,1.0,0.0,0.0,1.5,2606900.0,106.5,97910.0,260.0,9600.0,7497.1,640.0,8493.0,320.0,143131.2,40.0,82193372.0,3,,,,,,
16/137,2016-11-26,1.0,2.0,3.0,4.0,7.0,10.0,33.0,3,6.0,0.0,3.0,3.0,6.0,0.0,0.0,0.0,0.0,23.5,2815140.0,6.0,38400.0,1334.9,19200.0,604.0,9600.0,24964.1,640.0,13820.1,320.0,235153.1,40.0,89142376.0,1,,,,,,
16/138,2016-11-29,4.0,11.0,18.0,22.0,24.0,49.0,25.0,4,5.0,1.0,2.0,4.0,1.0,2.0,2.0,0.0,1.0,1.0,8000000.0,3.0,495440.0,73.0,54290.0,186.5,9600.0,3650.4,640.0,4964.7,320.0,66966.8,40.0,35709168.0,4,,,,,,
16/139,2016-12-01,9.0,15.0,18.0,21.0,24.0,37.0,16.0,"18,24",5.0,1.0,4.0,2.0,1.0,2.0,2.0,1.0,0.0,0.0,0.0,1.0,1652470.0,44.5,99020.0,141.0,9600.0,2726.0,640.0,4234.5,320.0,51792.7,40.0,34501896.0,9,,,,,,
16/140,2016-12-03,8.0,13.0,23.0,30.0,47.0,48.0,7.0,,3.0,3.0,3.0,3.0,1.0,1.0,2.0,0.0,2.0,0.0,0.0,1.0,1607750.0,73.0,58730.0,202.5,9600.0,3856.2,640.0,5739.2,320.0,66268.4,40.0,38291968.0,8,,,,,,
16/141,2016-12-06,3.0,7.0,17.0,29.0,32.0,49.0,11.0,,3.0,3.0,5.0,1.0,2.0,1.0,1.0,1.0,1.0,0.5,9419065.0,1.0,2004950.0,82.0,65200.0,279.5,9600.0,4242.8,640.0,7968.4,320.0,78458.4,40.0,47731773.0,3,,,,,,
16/142,2016-12-08,9.0,24.0,26.0,28.0,37.0,39.0,29.0,,2.0,4.0,3.0,3.0,1.0,0.0,3.0,2.0,0.0,1.0,14952940.0,2.5,737850.0,54.0,91090.0,192.0,9600.0,3923.9,640.0,5847.7,320.0,72867.7,40.0,41952244.0,9,,,,,,
16/143,2016-12-10,7.0,22.0,32.0,33.0,34.0,39.0,45.0,39,2.0,4.0,3.0,3.0,1.0,0.0,1.0,4.0,0.0,0.0,0.0,0.5,771075.0,64.0,64250.0,120.0,9600.0,3237.6,640.0,3422.5,320.0,55143.1,40.0,33005201.0,7,,,,,,
16/144,2016-12-13,7.0,14.0,26.0,31.0,38.0,44.0,37.0,7,2.0,4.0,2.0,4.0,1.0,1.0,1.0,2.0,1.0,0.5,7638375.0,1.0,2168560.0,73.5,78670.0,140.5,9600.0,3422.9,640.0,4229.1,320.0,64348.9,40.0,43247428.0,7,,,,,,
16/145,2016-12-15,15.0,19.0,20.0,32.0,33.0,34.0,23.0,,3.0,3.0,3.0,3.0,0.0,3.0,0.0,3.0,0.0,0.5,6738495.0,1.5,1297470.0,69.0,75210.0,130.5,9600.0,2810.7,640.0,4297.3,320.0,55831.4,40.0,38736961.0,15,,,,,,
16/146,2016-12-18,3.0,10.0,21.0,26.0,28.0,38.0,29.0,,3.0,3.0,2.0,4.0,2.0,0.0,3.0,1.0,0.0,0.0,0.0,0.0,0.0,95.5,43220.0,197.0,9600.0,4908.4,640.0,5555.9,320.0,82328.1,40.0,39713694.0,3,,,,,,
16/147,2016-12-20,5.0,28.0,32.0,34.0,37.0,48.0,39.0,28,1.0,5.0,2.0,4.0,1.0,0.0,1.0,3.0,1.0,0.0,0.0,2.0,1101720.0,70.0,83940.0,151.0,9600.0,3288.0,640.0,4801.6,320.0,63777.9,40.0,44044595.0,5,,,,,,
16/148,2016-12-23,4.0,14.0,16.0,25.0,32.0,35.0,47.0,32,3.0,3.0,2.0,4.0,1.0,2.0,1.0,2.0,0.0,0.5,13721125.0,1.5,1755720.0,56.5,124290.0,179.5,9600.0,4176.2,640.0,5200.5,320.0,78738.7,40.0,52784003.0,4,,,,,,
16/149,2016-12-25,3.0,4.0,10.0,26.0,37.0,43.0,41.0,4,3.0,3.0,3.0,3.0,3.0,0.0,1.0,1.0,1.0,0.0,0.0,0.0,0.0,65.5,79250.0,106.5,9600.0,3547.7,640.0,3350.2,320.0,66716.5,40.0,39435160.0,3,,,,,,
16/150,2016-12-29,2.0,11.0,13.0,15.0,17.0,21.0,26.0,,6.0,0.0,5.0,1.0,1.0,4.0,1.0,0.0,0.0,0.0,0.0,4.0,637470.0,210.5,32300.0,282.0,9600.0,6851.4,640.0,7078.2,320.0,107779.0,40.0,59905335.0,2,,,,,,
16/151,2016-12-31,8.0,9.0,12.0,15.0,17.0,28.0,33.0,"15,17",5.0,1.0,3.0,3.0,2.0,3.0,1.0,0.0,0.0,3.0,11582010.0,3.5,532230.0,210.2,23630.0,339.0,9600.0,8858.6,640.0,9465.4,320.0,135682.1,40.0,57457946.0,8,,,,,,
17/001,2017-01-03,4.0,11.0,22.0,29.0,37.0,46.0,18.0,,3.0,3.0,3.0,3.0,1.0,1.0,2.0,1.0,1.0,2.5,30252220.0,4.5,1528180.0,186.5,98320.0,582.5,9600.0,11114.4,640.0,17763.2,320.0,215463.5,40.0,143310824.0,4,,,,,,
17/002,2017-01-05,5.0,14.0,20.0,21.0,36.0,49.0,39.0,,4.0,2.0,3.0,3.0,1.0,2.0,1.0,1.0,1.0,0.0,0.0,1.0,1714840.0,49.5,92380.0,121.0,9600.0,2992.5,640.0,3321.2,320.0,54059.2,40.0,34934979.0,5,,,,,,
17/003,2017-01-07,7.0,10.0,14.0,29.0,45.0,46.0,19.0,14,3.0,3.0,3.0,3.0,2.0,1.0,1.0,0.0,2.0,0.0,0.0,0.0,0.0,35.0,152100.0,138.0,9600.0,2758.5,640.0,4707.0,320.0,56410.1,40.0,39774959.0,7,,,,,,
17/004,2017-01-10,2.0,7.0,14.0,26.0,38.0,39.0,12.0,"7,14",3.0,3.0,2.0,4.0,2.0,1.0,1.0,2.0,0.0,0.5,11427580.0,0.5,1144930.0,130.0,46970.0,238.7,9600.0,5061.4,640.0,7125.9,320.0,83023.2,40.0,51680720.0,2,,,,,,
17/005,2017-01-12,18.0,25.0,27.0,30.0,40.0,43.0,6.0,,1.0,5.0,3.0,3.0,0.0,1.0,3.0,1.0,1.0,0.0,0.0,7.0,247520.0,67.0,68960.0,380.5,9600.0,3533.5,640.0,9113.9,320.0,64366.7,40.0,44627272.0,18,,,,,,
17/006,2017-01-15,1.0,6.0,22.0,37.0,44.0,48.0,35.0,,3.0,3.0,2.0,4.0,2.0,0.0,1.0,1.0,2.0,1.5,16516210.0,1.0,2334620.0,90.0,69170.0,237.5,9600.0,4655.0,640.0,6043.5,320.0,88271.1,40.0,51532305.0,1,,,,,,
17/007,2017-01-17,26.0,27.0,28.0,36.0,42.0,47.0,33.0,,0.0,6.0,2.0,4.0,0.0,0.0,3.0,1.0,2.0,0.0,0.0,1.0,1603240.0,55.0,77730.0,164.5,9600.0,3348.2,640.0,4387.9,320.0,57526.2,40.0,35504765.0,26,,,,,,
17/008,2017-01-19,1.0,2.0,13.0,23.0,35.0,43.0,18.0,,4.0,2.0,5.0,1.0,2.0,1.0,1.0,1.0,1.0,1.0,13724920.0,0.5,954150.0,92.0,55310.0,173.0,9600.0,3946.7,640.0,5035.6,320.0,66267.3,40.0,41535280.0,1,,,,,,
17/009,2017-01-21,8.0,27.0,28.0,37.0,38.0,49.0,33.0,,1.0,5.0,3.0,3.0,1.0,0.0,2.0,2.0,1.0,0.0,0.0,1.5,822300.0,121.0,27180.0,206.5,9600.0,5023.1,640.0,5446.7,320.0,72051.2,40.0,34923225.0,8,,,,,,
17/010,2017-01-24,2.0,5.0,23.0,27.0,36.0,43.0,20.0,27,3.0,3.0,4.0,2.0,2.0,0.0,2.0,1.0,1.0,0.0,0.0,0.0,0.0,72.0,90740.0,151.0,9600.0,3677.0,640.0,4392.2,320.0,72409.3,40.0,48248467.0,2,,,,,,
17/011,2017-01-26,13.0,24.0,28.0,29.0,31.0,44.0,10.0,,2.0,4.0,3.0,3.0,0.0,1.0,3.0,1.0,1.0,1.0,25496990.0,2.0,1282760.0,64.0,106890.0,203.0,9600.0,4144.0,640.0,5947.1,320.0,80089.6,40.0,52782918.0,13,,,,,,
17/012,2017-01-28,8.0,15.0,25.0,30.0,34.0,40.0,42.0,,2.0,4.0,2.0,4.0,1.0,1.0,2.0,2.0,0.0,0.0,0.0,0.0,0.0,56.5,77690.0,85.0,9600.0,2896.4,640.0,3156.4,320.0,52691.9,40.0,33050546.0,8,,,,,,
17/013,2017-02-01,13.0,14.0,18.0,23.0,29.0,35.0,45.0,,4.0,2.0,4.0,2.0,0.0,3.0,2.0,1.0,0.0,2.5,35772980.0,14.5,676600.0,441.0,59320.0,1041.0,9600.0,19490.3,640.0,23746.7,320.0,348856.7,40.0,214619874.0,13,,,,,,
17/014,2017-02-04,7.0,14.0,25.0,28.0,33.0,40.0,26.0,14,2.0,4.0,3.0,3.0,1.0,1.0,2.0,2.0,0.0,1.0,8000000.0,4.0,448720.0,57.5,83240.0,265.0,9600.0,3756.1,640.0,6568.4,320.0,70131.6,40.0,42600803.0,7,,,,,,
17/015,2017-02-07,6.0,11.0,22.0,25.0,32.0,33.0,24.0,"25,33",3.0,3.0,3.0,3.0,1.0,1.0,2.0,2.0,0.0,0.0,0.0,3.5,461860.0,136.2,31650.0,234.0,9600.0,5330.8,640.0,5756.8,320.0,82861.6,40.0,41958456.0,6,,,,,,
17/016,2017-02-09,3.0,12.0,13.0,19.0,24.0,45.0,40.0,,5.0,1.0,4.0,2.0,1.0,3.0,1.0,0.0,1.0,2.0,6965180.0,0.0,0.0,85.0,62010.0,175.0,9600.0,4505.6,640.0,4350.8,320.0,79598.5,40.0,43744019.0,3,,,,,,
17/017,2017-02-12,7.0,21.0,26.0,30.0,38.0,47.0,15.0,,2.0,4.0,3.0,3.0,1.0,0.0,3.0,1.0,1.0,0.0,0.0,1.0,1957250.0,42.5,122800.0,168.0,9600.0,3117.2,640.0,4405.4,320.0,63005.6,40.0,40512233.0,7,,,,,,
17/018,2017-02-14,14.0,16.0,21.0,28.0,43.0,46.0,26.0,21,3.0,3.0,2.0,4.0,0.0,2.0,2.0,0.0,2.0,0.0,0.0,0.0,0.0,55.0,102300.0,188.0,9600.0,3220.5,640.0,5196.7,320.0,66099.3,40.0,43760741.0,14,,,,,,
17/019,2017-02-16,5.0,8.0,23.0,34.0,41.0,44.0,7.0,,3.0,3.0,3.0,3.0,2.0,0.0,1.0,1.0,2.0,0.0,0.0,1.0,2373940.0,86.0,73610.0,171.5,9600.0,4372.5,640.0,5522.9,320.0,78333.6,40.0,49512995.0,5,,,,,,
17/020,2017-02-18,5.0,8.0,12.0,17.0,20.0,37.0,45.0,"5,8",5.0,1.0,3.0,3.0,2.0,3.0,0.0,1.0,0.0,0.0,0.0,3.0,732060.0,120.5,48600.0,193.5,9600.0,5863.6,640.0,5207.5,320.0,98733.1,40.0,50583895.0,5,,,,,,
17/021,2017-02-21,1.0,7.0,13.0,29.0,32.0,44.0,20.0,,3.0,3.0,4.0,2.0,2.0,1.0,1.0,1.0,1.0,0.0,0.0,1.5,2056060.0,93.5,87950.0,227.0,9600.0,5361.4,640.0,6640.6,320.0,107243.4,40.0,64109820.0,1,,,,,,
17/022,2017-02-23,13.0,15.0,16.0,32.0,34.0,46.0,10.0,"13,32",3.0,3.0,2.0,4.0,0.0,3.0,0.0,2.0,1.0,0.0,0.0,1.0,3717370.0,96.2,103040.0,187.5,9600.0,4916.1,640.0,6536.5,320.0,95795.0,40.0,70561689.0,13,,,,,,
17/023,2017-02-25,4.0,12.0,19.0,20.0,25.0,26.0,8.0,,4.0,2.0,2.0,4.0,1.0,3.0,2.0,0.0,0.0,0.0,0.0,6.5,448840.0,176.0,44200.0,602.2,9600.0,8037.4,640.0,14309.2,320.0,134910.2,40.0,78285538.0,4,,,,,,
17/024,2017-02-28,15.0,20.0,24.0,34.0,42.0,44.0,7.0,20,3.0,3.0,1.0,5.0,0.0,2.0,1.0,1.0,2.0,1.0,75969490.0,3.5,1586860.0,137.0,108100.0,466.5,9600.0,8350.7,640.0,13736.0,320.0,156262.5,40.0,113255035.0,15,,,,,,
17/025,2017-03-02,6.0,13.0,31.0,42.0,43.0,45.0,34.0,42,2.0,4.0,4.0,2.0,1.0,1.0,0.0,1.0,3.0,0.0,0.0,2.0,932400.0,48.5,102530.0,132.5,9600.0,2658.7,640.0,3392.7,320.0,51819.3,40.0,36654865.0,6,,,,,,
17/026,2017-03-04,10.0,18.0,22.0,23.0,29.0,32.0,45.0,,4.0,2.0,2.0,4.0,1.0,1.0,3.0,1.0,0.0,0.0,0.0,1.5,1228690.0,77.2,63660.0,161.5,9600.0,4129.8,640.0,3988.9,320.0,73288.3,40.0,40562217.0,10,,,,,,
17/027,2017-03-07,2.0,14.0,18.0,19.0,40.0,43.0,42.0,18,4.0,2.0,2.0,4.0,1.0,3.0,0.0,1.0,1.0,0.0,0.0,1.5,1865690.0,58.0,128660.0,146.0,9600.0,3312.2,640.0,4459.0,320.0,70770.1,40.0,52372640.0,2,,,,,,
17/028,2017-03-09,17.0,19.0,25.0,35.0,41.0,44.0,26.0,19,2.0,4.0,5.0,1.0,0.0,2.0,1.0,1.0,2.0,0.0,0.0,0.0,0.0,80.0,95830.0,175.0,9600.0,3765.7,640.0,6080.4,320.0,75585.3,40.0,55782954.0,17,,,,,,
17/029,2017-03-11,1.0,4.0,20.0,27.0,32.0,39.0,15.0,,3.0,3.0,3.0,3.0,2.0,1.0,1.0,2.0,0.0,0.0,0.0,2.5,1230890.0,93.5,87760.0,228.0,9600.0,4488.5,640.0,6768.9,320.0,92497.9,40.0,61983723.0,1,,,,,,
17/030,2017-03-14,2.0,32.0,33.0,35.0,36.0,44.0,48.0,32,1.0,5.0,2.0,4.0,1.0,0.0,0.0,4.0,1.0,0.5,27489280.0,2.5,1642850.0,119.5,91650.0,288.5,9600.0,6600.4,640.0,8661.5,320.0,118017.0,40.0,82546465.0,2,,,,,,
17/031,2017-03-16,1.0,2.0,11.0,19.0,40.0,48.0,4.0,2,4.0,2.0,3.0,3.0,2.0,2.0,0.0,1.0,1.0,0.0,0.0,1.5,1810530.0,74.0,97860.0,245.0,9600.0,4877.2,640.0,8614.4,320.0,93946.0,40.0,59044186.0,1,,,,,,
17/032,2017-03-18,2.0,13.0,17.0,23.0,30.0,46.0,8.0,2,4.0,2.0,3.0,3.0,1.0,2.0,2.0,0.0,1.0,1.0,44284630.0,2.5,1153050.0,73.0,105300.0,301.0,9600.0,4567.7,640.0,8740.1,320.0,90280.0,40.0,61739371.0,2,,,,,,
17/033,2017-03-21,8.0,12.0,20.0,25.0,37.0,46.0,2.0,46,3.0,3.0,2.0,4.0,1.0,2.0,1.0,1.0,1.0,0.0,0.0,1.5,1136820.0,69.5,65420.0,206.0,9600.0,3472.4,640.0,5491.3,320.0,60315.5,40.0,38634057.0,8,,,,,,
17/034,2017-03-23,5.0,14.0,17.0,33.0,41.0,47.0,16.0,,3.0,3.0,5.0,1.0,1.0,2.0,0.0,1.0,2.0,0.0,0.0,0.0,0.0,72.0,76600.0,138.5,9600.0,3308.7,640.0,4263.5,320.0,58457.4,40.0,41299252.0,5,,,,,,
17/035,2017-03-25,9.0,10.0,23.0,30.0,38.0,48.0,16.0,,3.0,3.0,2.0,4.0,2.0,0.0,2.0,1.0,1.0,0.0,0.0,3.0,594800.0,91.5,52000.0,291.0,9600.0,5193.2,640.0,6536.9,320.0,92669.6,40.0,46274838.0,9,,,,,,
17/036,2017-03-28,2.0,9.0,21.0,35.0,36.0,40.0,44.0,9,3.0,3.0,3.0,3.0,2.0,0.0,1.0,3.0,0.0,0.0,0.0,0.5,1374285.0,81.5,89930.0,176.0,9600.0,4431.9,640.0,5237.0,320.0,83276.4,40.0,54942577.0,2,,,,,,
17/037,2017-03-30,18.0,19.0,21.0,30.0,38.0,48.0,7.0,21,3.0,3.0,2.0,4.0,0.0,2.0,2.0,1.0,1.0,0.0,0.0,3.5,769770.0,104.0,69080.0,279.0,9600.0,5215.2,640.0,8282.9,320.0,95505.1,40.0,59675115.0,18,,,,,,
17/038,2017-04-01,7.0,17.0,20.0,34.0,36.0,44.0,23.0,,3.0,3.0,2.0,4.0,1.0,2.0,0.0,2.0,1.0,1.0,47474300.0,2.0,1357600.0,120.5,60080.0,333.5,9600.0,6192.7,640.0,9531.6,320.0,107237.3,40.0,63696496.0,7,,,,,,
17/039,2017-04-04,3.0,9.0,19.0,33.0,40.0,41.0,26.0,,3.0,3.0,5.0,1.0,2.0,1.0,0.0,2.0,1.0,0.0,0.0,3.0,548170.0,77.0,56950.0,168.5,9600.0,3398.1,640.0,4241.6,320.0,60716.2,40.0,36344665.0,3,,,,,,
17/040,2017-04-06,4.0,21.0,24.0,39.0,45.0,46.0,40.0,,3.0,3.0,3.0,3.0,1.0,0.0,2.0,1.0,2.0,0.0,0.0,0.5,1098065.0,60.0,97600.0,101.0,9600.0,3068.5,640.0,3524.1,320.0,59177.9,40.0,41698414.0,4,,,,,,
17/041,2017-04-08,2.0,11.0,14.0,20.0,27.0,30.0,19.0,,4.0,2.0,2.0,4.0,1.0,3.0,2.0,0.0,0.0,0.0,0.0,3.0,617370.0,101.0,48900.0,241.0,9600.0,4728.5,640.0,6871.3,320.0,81153.5,40.0,45099044.0,2,,,,,,
17/042,2017-04-11,14.0,17.0,22.0,29.0,30.0,31.0,38.0,"14,30",3.0,3.0,3.0,3.0,0.0,2.0,3.0,1.0,0.0,0.0,0.0,2.0,1325080.0,80.0,88330.0,164.2,9600.0,4352.5,640.0,5381.8,320.0,82153.7,40.0,53306201.0,14,,,,,,
17/043,2017-04-13,4.0,10.0,25.0,26.0,38.0,49.0,34.0,,2.0,4.0,2.0,4.0,2.0,0.0,2.0,1.0,1.0,0.0,0.0,1.0,2658650.0,89.0,79660.0,191.0,9600.0,5004.5,640.0,5811.2,320.0,95772.6,40.0,55933853.0,4,,,,,,
17/044,2017-04-15,1.0,4.0,5.0,29.0,33.0,44.0,39.0,4,3.0,3.0,4.0,2.0,3.0,0.0,1.0,1.0,1.0,0.0,0.0,2.0,1344490.0,78.5,91340.0,193.0,9600.0,5545.5,640.0,5616.9,320.0,106376.0,40.0,57692584.0,1,,,,,,
17/045,2017-04-18,4.0,10.0,11.0,18.0,29.0,38.0,28.0,"4,29",4.0,2.0,2.0,4.0,2.0,2.0,1.0,1.0,0.0,0.0,0.0,5.0,514800.0,187.0,36700.0,641.0,9600.0,8325.2,640.0,15049.4,320.0,138699.0,40.0,75375397.0,4,,,,,,
17/046,2017-04-22,1.0,9.0,11.0,23.0,29.0,34.0,6.0,"11,29",4.0,2.0,5.0,1.0,2.0,1.0,2.0,1.0,0.0,2.0,32026120.0,9.0,410880.0,223.5,44120.0,834.7,9600.0,11248.1,640.0,19819.1,320.0,194281.9,40.0,104475454.0,1,,,,,,
17/047,2017-04-25,1.0,21.0,22.0,45.0,46.0,49.0,14.0,1,3.0,3.0,4.0,2.0,1.0,0.0,2.0,0.0,3.0,0.0,0.0,1.0,1887440.0,54.5,92350.0,102.0,9600.0,2640.0,640.0,3276.0,320.0,49834.5,40.0,36181344.0,1,,,,,,
17/048,2017-04-27,16.0,17.0,21.0,42.0,48.0,49.0,37.0,"21,49",3.0,3.0,3.0,3.0,0.0,2.0,1.0,0.0,3.0,0.0,0.0,2.0,1034720.0,42.5,129840.0,141.0,9600.0,2987.5,640.0,3912.9,320.0,56841.7,40.0,40652334.0,16,,,,,,
17/049,2017-04-29,5.0,8.0,14.0,22.0,31.0,48.0,33.0,48,4.0,2.0,2.0,4.0,2.0,1.0,1.0,1.0,1.0,1.0,20574610.0,0.5,1061040.0,62.0,91270.0,185.5,9600.0,4026.6,640.0,5574.6,320.0,75700.2,40.0,45770522.0,5,,,,,,
17/050,2017-05-02,1.0,20.0,22.0,27.0,31.0,41.0,2.0,"22,31",3.0,3.0,4.0,2.0,1.0,1.0,2.0,1.0,1.0,0.0,0.0,0.0,0.0,46.0,110270.0,123.0,9600.0,2379.2,640.0,4432.7,320.0,50284.5,40.0,37166141.0,1,,,,,,
17/051,2017-05-04,4.0,17.0,21.0,32.0,36.0,46.0,27.0,,3.0,3.0,2.0,4.0,1.0,1.0,1.0,2.0,1.0,1.0,15773210.0,1.5,1304640.0,56.5,92360.0,158.5,9600.0,3143.4,640.0,4167.8,320.0,59238.3,40.0,39950646.0,4,,,,,,
17/052,2017-05-06,1.0,3.0,9.0,13.0,34.0,35.0,27.0,,4.0,2.0,5.0,1.0,3.0,1.0,0.0,2.0,0.0,1.0,8000000.0,1.0,1178300.0,81.0,38790.0,211.0,9600.0,4323.4,640.0,4656.2,320.0,70465.6,40.0,32839719.0,1,,,,,,
17/053,2017-05-09,6.0,22.0,23.0,31.0,36.0,45.0,12.0,,3.0,3.0,3.0,3.0,1.0,0.0,2.0,2.0,1.0,0.0,0.0,1.0,1715760.0,37.5,122000.0,169.5,9600.0,2862.6,640.0,4816.9,320.0,54410.3,40.0,36568136.0,6,,,,,,
17/054,2017-05-11,9.0,16.0,22.0,38.0,40.0,46.0,11.0,22,3.0,3.0,1.0,5.0,1.0,1.0,1.0,2.0,1.0,0.0,0.0,0.0,0.0,68.5,72020.0,166.5,9600.0,3148.5,640.0,5005.4,320.0,57604.7,40.0,39023808.0,9,,,,,,
17/055,2017-05-14,1.0,7.0,12.0,18.0,27.0,33.0,20.0,,4.0,2.0,4.0,2.0,2.0,2.0,1.0,1.0,0.0,2.0,10203960.0,4.0,417310.0,122.0,36480.0,289.0,9600.0,6515.3,640.0,7135.6,320.0,105337.0,40.0,47536934.0,1,,,,,,
17/056,2017-05-16,1.0,5.0,7.0,9.0,10.0,15.0,3.0,"1,7",6.0,0.0,5.0,1.0,5.0,1.0,0.0,0.0,0.0,4.0,2000000.0,104.7,38400.0,474.7,19200.0,2042.6,9600.0,10733.3,640.0,15621.1,320.0,102001.7,40.0,33492275.0,1,,,,,,
17/057,2017-05-18,7.0,11.0,20.0,28.0,41.0,49.0,32.0,7,3.0,3.0,4.0,2.0,1.0,2.0,1.0,0.0,2.0,1.0,8000000.0,3.0,537570.0,60.5,71080.0,124.5,9600.0,2850.3,640.0,3208.6,320.0,56649.4,40.0,33568564.0,7,,,,,,
17/058,2017-05-20,2.0,3.0,17.0,34.0,38.0,48.0,14.0,,3.0,3.0,2.0,4.0,2.0,1.0,0.0,2.0,1.0,0.0,0.0,4.0,365560.0,53.0,73570.0,137.0,9600.0,2729.5,640.0,3958.6,320.0,52332.2,40.0,31731074.0,2,,,,,,
17/059,2017-05-23,7.0,13.0,17.0,23.0,29.0,46.0,49.0,17,4.0,2.0,5.0,1.0,1.0,2.0,2.0,0.0,1.0,0.5,6812840.0,1.0,1875220.0,81.5,61350.0,147.5,9600.0,4100.7,640.0,4093.0,320.0,70376.0,40.0,40561450.0,7,,,,,,
17/060,2017-05-25,23.0,26.0,27.0,39.0,40.0,48.0,7.0,23,1.0,5.0,3.0,3.0,0.0,0.0,3.0,2.0,1.0,0.0,0.0,2.0,994190.0,44.0,120500.0,111.5,9600.0,2381.5,640.0,3609.7,320.0,45978.5,40.0,37325476.0,23,,,,,,
17/061,2017-05-27,5.0,7.0,18.0,22.0,33.0,43.0,27.0,,4.0,2.0,4.0,2.0,2.0,1.0,1.0,1.0,1.0,0.0,0.0,3.0,510000.0,78.5,51970.0,262.0,9600.0,4528.1,640.0,7148.3,320.0,78175.8,40.0,40808350.0,5,,,,,,
17/062,2017-05-30,14.0,18.0,27.0,32.0,37.0,38.0,1.0,18,2.0,4.0,2.0,4.0,0.0,2.0,1.0,3.0,0.0,1.5,16389320.0,1.0,2405320.0,61.5,104290.0,189.5,9600.0,4087.1,640.0,5386.1,320.0,75169.7,40.0,49604970.0,14,,,,,,
17/063,2017-06-01,4.0,18.0,23.0,28.0,36.0,45.0,33.0,18,3.0,3.0,2.0,4.0,1.0,1.0,2.0,1.0,1.0,0.0,0.0,0.5,761375.0,42.5,95540.0,152.4,9600.0,3009.9,640.0,4315.2,320.0,55618.2,40.0,33612316.0,4,,,,,,
17/064,2017-06-03,11.0,15.0,24.0,25.0,33.0,40.0,42.0,,3.0,3.0,4.0,2.0,0.0,2.0,2.0,2.0,0.0,0.0,0.0,0.5,902905.0,53.0,90850.0,159.5,9600.0,3146.9,640.0,4419.0,320.0,60174.3,40.0,38140122.0,11,,,,,,
17/065,2017-06-06,8.0,24.0,26.0,30.0,47.0,49.0,35.0,24,2.0,4.0,2.0,4.0,1.0,0.0,3.0,0.0,2.0,0.0,0.0,1.5,1371080.0,72.5,75640.0,274.0,9600.0,4218.5,640.0,6716.4,320.0,76650.9,40.0,47430443.0,8,,,,,,
17/066,2017-06-08,8.0,11.0,15.0,23.0,24.0,29.0,6.0,"8,24",5.0,1.0,4.0,2.0,1.0,2.0,3.0,0.0,0.0,0.0,0.0,3.0,571980.0,118.5,38610.0,390.2,9600.0,5147.5,640.0,9299.9,320.0,88361.3,40.0,48373578.0,8,,,,,,
17/067,2017-06-10,1.0,13.0,18.0,23.0,30.0,44.0,42.0,23,4.0,2.0,3.0,3.0,1.0,2.0,2.0,0.0,1.0,0.0,0.0,0.0,0.0,92.5,74100.0,159.0,9600.0,4810.6,640.0,4809.5,320.0,90810.9,40.0,52976095.0,1,,,,,,
17/068,2017-06-13,21.0,23.0,27.0,34.0,46.0,49.0,44.0,23,2.0,4.0,4.0,2.0,0.0,0.0,3.0,1.0,2.0,0.0,0.0,4.0,809000.0,92.0,93790.0,203.0,9600.0,4571.5,640.0,5813.0,320.0,88746.8,40.0,62947810.0,21,,,,,,
17/069,2017-06-15,1.0,2.0,5.0,12.0,18.0,19.0,44.0,,6.0,0.0,3.0,3.0,3.0,3.0,0.0,0.0,0.0,3.5,15617750.0,2.5,1103080.0,373.5,19680.0,262.5,9600.0,13771.8,640.0,7815.0,320.0,180477.3,40.0,76401765.0,1,,,,,,
17/070,2017-06-17,9.0,34.0,39.0,42.0,46.0,49.0,32.0,,1.0,5.0,3.0,3.0,1.0,0.0,0.0,2.0,3.0,0.0,0.0,0.0,0.0,32.5,133160.0,95.0,9600.0,2288.0,640.0,2551.0,320.0,43908.5,40.0,31183550.0,9,,,,,,
17/071,2017-06-20,15.0,18.0,20.0,25.0,35.0,45.0,34.0,,3.0,3.0,4.0,2.0,0.0,3.0,1.0,1.0,1.0,0.0,0.0,0.0,0.0,287.0,19200.0,206.0,9600.0,6713.5,640.0,4274.9,320.0,64482.1,40.0,43315812.0,15,,,,,,
17/072,2017-06-22,18.0,20.0,21.0,27.0,31.0,49.0,45.0,"18,20",3.0,3.0,4.0,2.0,0.0,2.0,2.0,1.0,1.0,0.0,0.0,0.0,0.0,65.0,98110.0,106.5,9600.0,4097.0,640.0,3876.2,320.0,73400.1,40.0,46927234.0,18,,,,,,
17/073,2017-06-24,3.0,28.0,30.0,32.0,37.0,42.0,11.0,,1.0,5.0,2.0,4.0,1.0,0.0,2.0,2.0,1.0,0.0,0.0,1.0,2538060.0,91.0,74370.0,237.0,9600.0,3624.5,640.0,6188.4,320.0,72987.9,40.0,52015857.0,3,,,,,,
17/074,2017-06-27,12.0,24.0,30.0,40.0,44.0,48.0,8.0,30,2.0,4.0,0.0,6.0,0.0,1.0,2.0,1.0,2.0,1.0,41734010.0,3.5,805480.0,107.0,70260.0,378.0,9600.0,5724.2,640.0,9947.7,320.0,99285.6,40.0,65000656.0,12,,,,,,
17/075,2017-06-29,11.0,16.0,26.0,27.0,29.0,37.0,19.0,,2.0,4.0,4.0,2.0,0.0,2.0,3.0,1.0,0.0,1.0,8000000.0,0.5,742105.0,45.5,86980.0,181.0,9600.0,2864.9,640.0,4301.1,320.0,54947.5,40.0,33368013.0,11,,,,,,
17/076,2017-07-02,4.0,9.0,27.0,33.0,39.0,42.0,35.0,27,2.0,4.0,4.0,2.0,2.0,0.0,1.0,2.0,1.0,1.0,8000000.0,0.5,869020.0,58.5,79220.0,104.0,9600.0,3078.8,640.0,3547.6,320.0,57710.6,40.0,35454500.0,4,,,,,,
17/077,2017-07-04,2.0,5.0,15.0,26.0,27.0,38.0,18.0,27,3.0,3.0,3.0,3.0,2.0,1.0,2.0,1.0,0.0,0.0,0.0,3.0,489940.0,74.5,52610.0,182.5,9600.0,3439.7,640.0,5247.8,320.0,60168.0,40.0,34828698.0,2,,,,,,
17/078,2017-07-06,2.0,6.0,7.0,8.0,10.0,30.0,28.0,2,5.0,1.0,1.0,5.0,5.0,0.0,1.0,0.0,0.0,0.0,0.0,7.0,38400.0,363.4,19200.0,759.2,9600.0,11959.3,640.0,11813.1,320.0,118709.6,40.0,39839313.0,2,,,,,,
17/079,2017-07-08,3.0,8.0,11.0,21.0,36.0,48.0,37.0,8,4.0,2.0,3.0,3.0,2.0,1.0,1.0,1.0,1.0,0.0,0.0,3.0,595800.0,74.0,64410.0,159.5,9600.0,4410.9,640.0,4309.7,320.0,80397.1,40.0,40821749.0,3,,,,,,
17/080,2017-07-11,1.0,11.0,20.0,22.0,43.0,45.0,35.0,11,4.0,2.0,4.0,2.0,1.0,2.0,1.0,0.0,2.0,0.5,10702305.0,1.0,2485880.0,62.5,106060.0,231.5,9600.0,4667.5,640.0,5883.4,320.0,94606.1,40.0,53866922.0,1,,,,,,
17/081,2017-07-13,4.0,5.0,25.0,27.0,29.0,41.0,18.0,,2.0,4.0,5.0,1.0,2.0,0.0,3.0,0.0,1.0,0.0,0.0,2.0,1003970.0,64.5,83010.0,162.5,9600.0,3799.7,640.0,5216.7,320.0,67904.9,40.0,42754867.0,4,,,,,,
17/082,2017-07-15,29.0,34.0,35.0,42.0,43.0,48.0,26.0,29,0.0,6.0,3.0,3.0,0.0,0.0,1.0,2.0,3.0,0.0,0.0,3.0,822360.0,57.0,115410.0,128.5,9600.0,2896.5,640.0,4021.7,320.0,56003.1,40.0,45719285.0,29,,,,,,
17/083,2017-07-18,6.0,14.0,32.0,33.0,40.0,46.0,10.0,,2.0,4.0,1.0,5.0,1.0,1.0,0.0,3.0,1.0,1.5,54696480.0,4.5,1632940.0,224.0,87470.0,578.5,9600.0,12091.2,640.0,16502.1,320.0,219386.8,40.0,150335927.0,6,,,,,,
17/084,2017-07-20,5.0,9.0,12.0,25.0,26.0,34.0,21.0,,3.0,3.0,3.0,3.0,2.0,1.0,2.0,1.0,0.0,1.0,8000000.0,0.0,0.0,101.5,35490.0,169.5,9600.0,4469.9,640.0,4733.5,320.0,70154.6,40.0,34643428.0,5,,,,,,
17/085,2017-07-22,4.0,6.0,27.0,36.0,47.0,49.0,3.0,,2.0,4.0,3.0,3.0,2.0,0.0,1.0,1.0,2.0,0.0,0.0,1.0,1543500.0,50.5,81500.0,171.5,9600.0,2723.0,640.0,4865.7,320.0,54884.6,40.0,34165308.0,4,,,,,,
17/086,2017-07-25,8.0,9.0,15.0,33.0,37.0,47.0,1.0,47,3.0,3.0,5.0,1.0,2.0,1.0,0.0,2.0,1.0,0.0,0.0,2.5,738470.0,61.0,80700.0,220.5,9600.0,3492.9,640.0,6110.7,320.0,66982.4,40.0,41689311.0,8,,,,,,
17/087,2017-07-27,3.0,4.0,31.0,37.0,42.0,44.0,40.0,37,2.0,4.0,3.0,3.0,2.0,0.0,0.0,2.0,2.0,0.0,0.0,1.0,2386190.0,51.0,124760.0,109.5,9600.0,2847.5,640.0,3627.9,320.0,58306.9,40.0,44163142.0,3,,,,,,
17/088,2017-07-30,11.0,15.0,25.0,30.0,37.0,43.0,17.0,37,2.0,4.0,5.0,1.0,0.0,2.0,2.0,1.0,1.0,0.0,0.0,4.5,618810.0,66.5,111660.0,185.0,9600.0,4008.2,640.0,5920.1,320.0,78744.4,40.0,55159119.0,11,,,,,,
17/089,2017-08-01,10.0,25.0,26.0,32.0,36.0,37.0,46.0,"25,37",1.0,5.0,2.0,4.0,1.0,0.0,2.0,3.0,0.0,0.0,0.0,2.5,1140390.0,73.0,104140.0,176.0,9600.0,4468.8,640.0,5745.5,320.0,83717.0,40.0,56709781.0,10,,,,,,
17/090,2017-08-03,6.0,18.0,22.0,24.0,35.0,40.0,36.0,,4.0,2.0,1.0,5.0,1.0,1.0,2.0,2.0,0.0,0.0,0.0,1.0,3086500.0,136.0,60510.0,304.5,9600.0,6453.6,640.0,8459.7,320.0,113965.4,40.0,68390732.0,6,,,,,,
17/091,2017-08-05,14.0,25.0,32.0,35.0,39.0,48.0,31.0,35,1.0,5.0,3.0,3.0,0.0,1.0,1.0,3.0,1.0,0.5,29632780.0,2.5,1653580.0,88.5,124560.0,233.0,9600.0,5024.5,640.0,7237.8,320.0,102635.3,40.0,78073037.0,14,,,,,,
17/092,2017-08-08,8.0,10.0,25.0,28.0,33.0,37.0,7.0,25,2.0,4.0,3.0,3.0,2.0,0.0,2.0,2.0,0.0,1.5,24163490.0,5.0,440830.0,188.5,31180.0,415.5,9600.0,9007.9,640.0,11343.1,320.0,131840.1,40.0,64453525.0,8,,,,,,
17/093,2017-08-10,18.0,22.0,25.0,32.0,33.0,42.0,29.0,"25,33",2.0,4.0,2.0,4.0,0.0,1.0,2.0,2.0,1.0,0.5,4000000.0,2.5,651660.0,65.0,66830.0,128.5,9600.0,3815.8,640.0,3736.8,320.0,61795.2,40.0,35701146.0,18,,,,,,
17/094,2017-08-12,3.0,4.0,15.0,25.0,38.0,45.0,28.0,25,3.0,3.0,4.0,2.0,2.0,1.0,1.0,1.0,1.0,0.0,0.0,2.0,852650.0,62.5,72750.0,184.5,9600.0,3358.0,640.0,4943.1,320.0,61443.1,40.0,37875840.0,3,,,,,,
17/095,2017-08-15,3.0,4.0,7.0,19.0,20.0,23.0,27.0,"3,4",6.0,0.0,4.0,2.0,3.0,2.0,1.0,0.0,0.0,0.0,0.0,2.0,761350.0,146.5,27710.0,283.5,9600.0,5812.6,640.0,7579.4,320.0,91636.8,40.0,43866425.0,3,,,,,,
17/096,2017-08-17,5.0,21.0,24.0,29.0,43.0,44.0,42.0,,3.0,3.0,4.0,2.0,1.0,0.0,3.0,0.0,2.0,0.5,10510470.0,3.5,698750.0,46.5,140250.0,147.0,9600.0,3518.0,640.0,4250.5,320.0,67957.9,40.0,47514703.0,5,,,,,,
17/097,2017-08-19,2.0,23.0,32.0,34.0,43.0,45.0,22.0,43,2.0,4.0,3.0,3.0,1.0,0.0,1.0,2.0,2.0,1.5,10869860.0,5.0,386280.0,100.5,51240.0,187.5,9600.0,3620.0,640.0,5210.4,320.0,56397.8,40.0,41092252.0,2,,,,,,
17/098,2017-08-22,4.0,23.0,24.0,33.0,40.0,43.0,15.0,"23,43",3.0,3.0,3.0,3.0,1.0,0.0,2.0,2.0,1.0,1.0,8000000.0,1.0,1720710.0,80.0,57350.0,126.7,9600.0,3223.7,640.0,3765.1,320.0,56781.4,40.0,35854677.0,4,,,,,,
17/099,2017-08-24,4.0,7.0,10.0,21.0,28.0,47.0,17.0,4,4.0,2.0,3.0,3.0,3.0,0.0,2.0,0.0,1.0,1.0,8000000.0,1.5,720620.0,99.5,28960.0,217.5,9600.0,4295.4,640.0,6028.8,320.0,64588.8,40.0,31979171.0,4,,,,,,
17/100,2017-08-26,16.0,34.0,35.0,36.0,40.0,46.0,31.0,,1.0,5.0,1.0,5.0,0.0,1.0,0.0,4.0,1.0,0.0,0.0,2.0,841830.0,47.5,94520.0,97.0,9600.0,2904.4,640.0,3229.4,320.0,47489.2,40.0,33439871.0,16,,,,,,
17/101,2017-08-29,12.0,24.0,26.0,34.0,44.0,48.0,4.0,34,2.0,4.0,0.0,6.0,0.0,1.0,2.0,1.0,2.0,0.0,0.0,2.0,719520.0,64.0,59960.0,468.5,9600.0,3247.6,640.0,8353.4,320.0,58551.1,40.0,40988246.0,12,,,,,,
17/102,2017-08-31,12.0,17.0,18.0,25.0,33.0,37.0,29.0,12,3.0,3.0,4.0,2.0,0.0,3.0,1.0,2.0,0.0,0.0,0.0,1.0,1812710.0,84.0,57540.0,210.0,9600.0,4705.2,640.0,5178.6,320.0,80682.5,40.0,42947721.0,12,,,,,,
17/103,2017-09-02,1.0,5.0,11.0,23.0,24.0,27.0,15.0,,5.0,1.0,5.0,1.0,2.0,1.0,3.0,0.0,0.0,1.0,22577500.0,5.0,321480.0,154.0,27830.0,312.5,9600.0,6451.8,640.0,7459.5,320.0,102465.3,40.0,47019758.0,1,,,,,,
17/104,2017-09-05,1.0,2.0,8.0,30.0,39.0,43.0,19.0,1,3.0,3.0,3.0,3.0,3.0,0.0,1.0,1.0,1.0,0.0,0.0,3.5,471070.0,56.5,77810.0,162.0,9600.0,2997.6,640.0,5113.4,320.0,62821.8,40.0,36484657.0,1,,,,,,
17/105,2017-09-07,10.0,19.0,27.0,29.0,41.0,46.0,17.0,,2.0,4.0,4.0,2.0,1.0,1.0,2.0,0.0,2.0,0.0,0.0,1.5,1414100.0,33.5,168840.0,111.2,9600.0,2543.5,640.0,4189.3,320.0,53180.9,40.0,40190424.0,10,,,,,,
17/106,2017-09-09,4.0,7.0,18.0,23.0,29.0,39.0,49.0,29,4.0,2.0,4.0,2.0,2.0,1.0,2.0,1.0,0.0,0.0,0.0,2.0,862700.0,87.5,52580.0,203.5,9600.0,4846.5,640.0,5783.0,320.0,80830.3,40.0,42184167.0,4,,,,,,
17/107,2017-09-12,21.0,23.0,30.0,38.0,44.0,49.0,37.0,23,2.0,4.0,3.0,3.0,0.0,0.0,3.0,1.0,2.0,0.0,0.0,1.0,2742940.0,56.0,130610.0,126.5,9600.0,3188.5,640.0,4656.4,320.0,65450.6,40.0,50848030.0,21,,,,,,
17/108,2017-09-14,25.0,26.0,34.0,41.0,42.0,49.0,1.0,49,0.0,6.0,3.0,3.0,0.0,0.0,2.0,1.0,3.0,0.0,0.0,2.0,1391990.0,74.0,100320.0,198.0,9600.0,3710.5,640.0,5444.0,320.0,70920.0,40.0,54166628.0,25,,,,,,
17/109,2017-09-17,3.0,12.0,16.0,23.0,36.0,47.0,33.0,,4.0,2.0,3.0,3.0,1.0,2.0,1.0,1.0,1.0,1.0,44795760.0,2.5,1156690.0,119.0,64800.0,335.4,9600.0,6090.4,640.0,9596.3,320.0,110306.6,40.0,66269914.0,3,,,,,,
17/110,2017-09-19,7.0,11.0,12.0,30.0,34.0,36.0,17.0,"12,36",3.0,3.0,2.0,4.0,1.0,2.0,1.0,2.0,0.0,0.0,0.0,0.5,754365.0,81.0,49670.0,152.5,9600.0,3265.8,640.0,4809.5,320.0,63510.6,40.0,34604815.0,7,,,,,,
17/111,2017-09-21,1.0,3.0,4.0,5.0,32.0,39.0,10.0,,4.0,2.0,4.0,2.0,4.0,0.0,0.0,2.0,0.0,0.0,0.0,3.0,444950.0,97.0,36690.0,359.7,9600.0,6974.0,640.0,8714.8,320.0,83657.1,40.0,44130809.0,1,,,,,,
17/112,2017-09-23,1.0,13.0,22.0,25.0,30.0,36.0,4.0,1,3.0,3.0,3.0,3.0,1.0,1.0,3.0,1.0,0.0,0.0,0.0,2.0,1029900.0,59.0,93090.0,180.7,9600.0,3382.2,640.0,5649.3,320.0,65999.4,40.0,43402275.0,1,,,,,,
17/113,2017-09-26,2.0,10.0,19.0,27.0,31.0,33.0,16.0,,3.0,3.0,4.0,2.0,2.0,1.0,1.0,2.0,0.0,0.0,0.0,3.0,801730.0,82.0,78210.0,193.5,9600.0,4999.4,640.0,6159.5,320.0,90603.7,40.0,52357173.0,2,,,,,,
17/114,2017-09-28,7.0,18.0,24.0,26.0,39.0,45.0,44.0,,3.0,3.0,3.0,3.0,1.0,1.0,2.0,1.0,1.0,1.0,86837630.0,9.5,941670.0,339.5,70260.0,757.5,9600.0,16438.0,640.0,21165.4,320.0,304252.6,40.0,189394310.0,7,,,,,,
17/115,2017-09-30,2.0,11.0,19.0,20.0,33.0,49.0,6.0,,4.0,2.0,4.0,2.0,1.0,3.0,0.0,1.0,1.0,0.0,0.0,0.0,0.0,47.5,79480.0,159.5,9600.0,2753.0,640.0,4969.2,320.0,51801.2,40.0,32087943.0,2,,,,,,
17/116,2017-10-02,1.0,8.0,19.0,22.0,35.0,46.0,30.0,19,4.0,2.0,3.0,3.0,2.0,1.0,1.0,1.0,1.0,0.0,0.0,1.0,1394970.0,45.0,82660.0,128.5,9600.0,2749.6,640.0,3641.9,320.0,53591.0,40.0,30596316.0,1,,,,,,
17/117,2017-10-04,10.0,16.0,22.0,23.0,26.0,46.0,25.0,"22,46",4.0,2.0,1.0,5.0,1.0,1.0,3.0,0.0,1.0,0.0,0.0,0.5,1105045.0,79.0,74600.0,185.5,9600.0,4102.9,640.0,6150.9,320.0,74672.1,40.0,47320438.0,10,,,,,,
17/118,2017-10-07,3.0,6.0,24.0,38.0,45.0,48.0,5.0,,3.0,3.0,2.0,4.0,2.0,0.0,1.0,1.0,2.0,0.0,0.0,0.0,0.0,84.5,82060.0,207.0,9600.0,4630.5,640.0,7051.4,320.0,86592.2,40.0,55042051.0,3,,,,,,
17/119,2017-10-10,6.0,17.0,22.0,26.0,32.0,45.0,24.0,"6,45",3.0,3.0,2.0,4.0,1.0,1.0,2.0,1.0,1.0,0.0,0.0,1.5,2117440.0,93.0,91070.0,235.5,9600.0,4856.2,640.0,6961.4,320.0,92306.5,40.0,63994978.0,6,,,,,,
17/120,2017-10-12,1.0,6.0,8.0,11.0,12.0,16.0,41.0,6,6.0,0.0,2.0,4.0,3.0,3.0,0.0,0.0,0.0,2.5,17493650.0,4.0,205600.0,594.0,19200.0,321.0,9600.0,17583.3,640.0,8643.5,320.0,204232.0,40.0,74758246.0,1,,,,,,
17/121,2017-10-17,2.0,4.0,19.0,30.0,35.0,47.0,25.0,,3.0,3.0,3.0,3.0,2.0,1.0,1.0,1.0,1.0,1.0,8000000.0,1.0,2279500.0,51.7,117570.0,171.0,9600.0,3324.9,640.0,5181.5,320.0,66630.7,40.0,45912078.0,2,,,,,,
17/122,2017-10-19,8.0,12.0,19.0,24.0,28.0,49.0,37.0,19,4.0,2.0,2.0,4.0,1.0,2.0,2.0,0.0,1.0,0.0,0.0,1.5,960000.0,88.5,43380.0,169.2,9600.0,4451.0,640.0,4089.2,320.0,78682.6,40.0,36070891.0,8,,,,,,
17/123,2017-10-21,8.0,16.0,18.0,30.0,43.0,45.0,27.0,8,3.0,3.0,2.0,4.0,1.0,2.0,1.0,0.0,2.0,0.0,0.0,1.0,1865690.0,53.0,93870.0,136.0,9600.0,2959.5,640.0,4123.5,320.0,59060.2,40.0,38054958.0,8,,,,,,
17/124,2017-10-24,1.0,8.0,9.0,16.0,29.0,42.0,49.0,"8,16",4.0,2.0,3.0,3.0,3.0,1.0,1.0,0.0,1.0,0.0,0.0,2.0,922840.0,102.0,48250.0,282.0,9600.0,6290.1,640.0,8668.5,320.0,111190.6,40.0,50881343.0,1,,,,,,
17/125,2017-10-26,4.0,5.0,20.0,29.0,35.0,38.0,36.0,29,3.0,3.0,3.0,3.0,2.0,1.0,1.0,2.0,0.0,2.0,13510260.0,1.0,1971600.0,66.5,98820.0,172.0,9600.0,3556.5,640.0,4867.7,320.0,72133.1,40.0,48935745.0,4,,,,,,
17/126,2017-10-28,7.0,16.0,18.0,22.0,26.0,44.0,9.0,,4.0,2.0,1.0,5.0,1.0,2.0,2.0,0.0,1.0,0.0,0.0,2.5,532990.0,34.5,102990.0,180.5,9600.0,3118.7,640.0,5562.0,320.0,56684.4,40.0,32477334.0,7,,,,,,
17/127,2017-10-31,21.0,26.0,29.0,35.0,45.0,49.0,41.0,26,1.0,5.0,5.0,1.0,0.0,0.0,3.0,1.0,2.0,2.0,29141590.0,5.0,1352210.0,188.0,95900.0,454.0,9600.0,9465.2,640.0,11619.5,320.0,185812.4,40.0,131663803.0,21,,,,,,
17/128,2017-11-02,5.0,18.0,20.0,32.0,36.0,40.0,7.0,,3.0,3.0,1.0,5.0,1.0,2.0,0.0,3.0,0.0,0.0,0.0,1.0,1729580.0,60.5,76230.0,95.0,9600.0,2589.5,640.0,3757.0,320.0,47645.7,40.0,33978346.0,5,,,,,,
17/129,2017-11-04,23.0,30.0,32.0,33.0,43.0,44.0,28.0,32,1.0,5.0,3.0,3.0,0.0,0.0,2.0,2.0,2.0,1.0,13039520.0,3.0,559940.0,95.0,47150.0,150.5,9600.0,4016.2,640.0,4187.8,320.0,58206.1,40.0,37018582.0,23,,,,,,
17/130,2017-11-07,3.0,18.0,19.0,35.0,38.0,40.0,48.0,,3.0,3.0,3.0,3.0,1.0,2.0,0.0,3.0,0.0,0.0,0.0,2.0,888440.0,60.0,78970.0,137.0,9600.0,3099.0,640.0,4718.5,320.0,58471.6,40.0,37342256.0,3,,,,,,
17/131,2017-11-09,3.0,32.0,36.0,46.0,48.0,49.0,29.0,3,1.0,5.0,2.0,4.0,1.0,0.0,0.0,2.0,3.0,0.0,0.0,0.0,0.0,56.0,95750.0,132.0,9600.0,3207.0,640.0,4001.5,320.0,58743.2,40.0,40151259.0,3,,,,,,
17/132,2017-11-12,12.0,16.0,22.0,28.0,36.0,37.0,45.0,36,3.0,3.0,1.0,5.0,0.0,2.0,2.0,2.0,0.0,1.0,22219080.0,0.5,1029250.0,94.5,58080.0,209.0,9600.0,4499.4,640.0,5147.0,320.0,80224.7,40.0,45967963.0,12,,,,,,
17/133,2017-11-14,1.0,15.0,20.0,28.0,33.0,43.0,18.0,28,3.0,3.0,4.0,2.0,1.0,2.0,1.0,1.0,1.0,0.0,0.0,0.0,0.0,49.5,91130.0,113.0,9600.0,2572.7,640.0,4291.0,320.0,50159.3,40.0,34267931.0,1,,,,,,
17/134,2017-11-16,3.0,8.0,20.0,34.0,40.0,46.0,24.0,20,3.0,3.0,1.0,5.0,2.0,1.0,0.0,2.0,1.0,0.0,0.0,0.0,0.0,52.0,106820.0,125.5,9600.0,2723.4,640.0,4607.1,320.0,56251.9,40.0,40617253.0,3,,,,,,
17/135,2017-11-18,19.0,24.0,26.0,30.0,36.0,41.0,43.0,,2.0,4.0,2.0,4.0,0.0,1.0,3.0,1.0,1.0,0.0,0.0,1.0,2285950.0,59.5,102450.0,125.5,9600.0,3311.5,640.0,3937.0,320.0,65145.7,40.0,44327263.0,19,,,,,,
17/136,2017-11-21,8.0,27.0,30.0,35.0,36.0,43.0,31.0,"30,36",1.0,5.0,3.0,3.0,1.0,0.0,2.0,2.0,1.0,0.0,0.0,1.0,2837040.0,63.5,119140.0,169.5,9600.0,4246.7,640.0,5409.0,320.0,83693.4,40.0,55940621.0,8,,,,,,
17/137,2017-11-23,3.0,4.0,30.0,37.0,39.0,42.0,32.0,30,2.0,4.0,3.0,3.0,2.0,0.0,1.0,2.0,1.0,0.0,0.0,1.5,2083430.0,56.5,147490.0,198.0,9600.0,4116.7,640.0,5836.1,320.0,84021.0,40.0,60479133.0,3,,,,,,
17/138,2017-11-25,5.0,13.0,16.0,28.0,40.0,41.0,2.0,,3.0,3.0,3.0,3.0,1.0,2.0,1.0,1.0,1.0,1.0,53133200.0,2.5,1381910.0,128.5,71690.0,249.0,9600.0,5415.8,640.0,7983.2,320.0,104656.7,40.0,70198688.0,5,,,,,,
17/139,2017-11-28,6.0,8.0,9.0,23.0,36.0,40.0,19.0,40,4.0,2.0,2.0,4.0,3.0,0.0,1.0,2.0,0.0,1.0,8000000.0,2.0,572850.0,122.2,25000.0,237.7,9600.0,5168.8,640.0,6543.3,320.0,82880.4,40.0,35912158.0,6,,,,,,
17/140,2017-11-30,4.0,10.0,32.0,35.0,38.0,47.0,49.0,,2.0,4.0,2.0,4.0,2.0,0.0,0.0,3.0,1.0,0.0,0.0,0.0,0.0,38.5,122680.0,100.0,9600.0,2390.0,640.0,3379.0,320.0,49190.9,40.0,34286494.0,4,,,,,,
17/141,2017-12-02,7.0,14.0,19.0,27.0,28.0,38.0,46.0,38,3.0,3.0,3.0,3.0,1.0,2.0,2.0,1.0,0.0,0.0,0.0,2.5,723270.0,65.9,73160.0,129.5,9600.0,4237.0,640.0,4005.0,320.0,75755.5,40.0,39839676.0,7,,,,,,
17/142,2017-12-05,7.0,9.0,14.0,18.0,20.0,44.0,29.0,"7,14",5.0,1.0,2.0,4.0,2.0,3.0,0.0,0.0,1.0,0.0,0.0,3.0,742330.0,81.5,72860.0,206.0,9600.0,4288.5,640.0,6578.3,320.0,84921.7,40.0,49146647.0,7,,,,,,
17/143,2017-12-07,1.0,25.0,34.0,37.0,39.0,47.0,18.0,,1.0,5.0,5.0,1.0,1.0,0.0,1.0,3.0,1.0,0.0,0.0,1.0,2635980.0,61.5,114290.0,145.0,9600.0,3651.5,640.0,4510.5,320.0,70372.6,40.0,50552692.0,1,,,,,,
17/144,2017-12-09,22.0,24.0,29.0,35.0,38.0,48.0,30.0,,2.0,4.0,2.0,4.0,0.0,0.0,3.0,2.0,1.0,0.0,0.0,4.5,564550.0,67.5,100360.0,201.5,9600.0,4846.4,640.0,6316.0,320.0,87005.1,40.0,53979761.0,22,,,,,,
17/145,2017-12-12,4.0,15.0,29.0,34.0,38.0,48.0,30.0,"29,38,48",2.0,4.0,2.0,4.0,1.0,1.0,1.0,2.0,1.0,0.0,0.0,0.5,1779775.0,87.0,109100.0,241.0,9600.0,4755.5,640.0,7412.9,320.0,94380.6,40.0,69595933.0,4,,,,,,
17/146,2017-12-14,7.0,10.0,20.0,25.0,34.0,35.0,8.0,34,3.0,3.0,3.0,3.0,2.0,1.0,1.0,2.0,0.0,0.0,0.0,4.0,856180.0,120.5,75780.0,419.0,9600.0,7370.1,640.0,11968.4,320.0,128810.6,40.0,79279954.0,7,,,,,,
17/147,2017-12-16,1.0,3.0,6.0,9.0,24.0,28.0,36.0,,5.0,1.0,3.0,3.0,4.0,0.0,2.0,0.0,0.0,4.2,15334100.0,12.5,113710.0,689.0,19200.0,1273.4,9600.0,20737.2,640.0,21063.9,320.0,246164.6,40.0,96228613.0,1,,,,,,
17/148,2017-12-19,3.0,9.0,33.0,38.0,44.0,49.0,24.0,"3,9",2.0,4.0,4.0,2.0,2.0,0.0,0.0,2.0,2.0,0.0,0.0,1.0,1609870.0,67.5,63600.0,167.5,9600.0,3754.0,640.0,4401.2,320.0,65624.6,40.0,36736854.0,3,,,,,,
17/149,2017-12-21,14.0,21.0,22.0,28.0,30.0,47.0,3.0,,3.0,3.0,2.0,4.0,0.0,1.0,4.0,0.0,1.0,0.0,0.0,2.0,1001060.0,59.0,90490.0,147.5,9600.0,3136.7,640.0,4405.5,320.0,61397.2,40.0,40660564.0,14,,,,,,
17/150,2017-12-24,1.0,16.0,26.0,34.0,39.0,47.0,11.0,47,2.0,4.0,3.0,3.0,1.0,1.0,1.0,2.0,1.0,0.5,10998185.0,1.5,1775550.0,48.5,146430.0,150.5,9600.0,3224.2,640.0,5184.0,320.0,64826.6,40.0,50503423.0,1,,,,,,
17/151,2017-12-26,2.0,7.0,16.0,28.0,30.0,37.0,12.0,16,3.0,3.0,2.0,4.0,2.0,1.0,2.0,1.0,0.0,0.0,0.0,3.5,439240.0,70.5,58150.0,219.5,9600.0,3362.3,640.0,6351.9,320.0,62996.3,40.0,37174704.0,2,,,,,,
17/152,2017-12-28,15.0,17.0,23.0,40.0,44.0,46.0,11.0,,3.0,3.0,3.0,3.0,0.0,2.0,1.0,1.0,2.0,0.0,0.0,1.5,1598230.0,59.0,108350.0,195.5,9600.0,3219.8,640.0,4825.7,320.0,62549.7,40.0,47308642.0,15,,,,,,
17/153,2017-12-30,1.0,13.0,22.0,25.0,36.0,38.0,37.0,,3.0,3.0,3.0,3.0,1.0,1.0,2.0,2.0,0.0,0.0,0.0,0.5,1145300.0,98.0,62320.0,248.0,9600.0,5087.4,640.0,6180.7,320.0,90546.2,40.0,51884092.0,1,,,,,,
18/001,2018-01-02,12.0,18.0,28.0,35.0,39.0,42.0,36.0,,2.0,4.0,2.0,4.0,0.0,2.0,1.0,2.0,1.0,0.0,0.0,9.5,675510.0,307.5,55650.0,706.5,9600.0,13749.7,640.0,18865.1,320.0,251983.7,40.0,145763989.0,12,,,,,,
18/002,2018-01-06,1.0,12.0,21.0,31.0,36.0,49.0,23.0,12,3.0,3.0,4.0,2.0,1.0,1.0,1.0,2.0,1.0,0.0,0.0,10.0,736180.0,309.7,63380.0,772.0,9600.0,16054.0,640.0,20419.7,320.0,272438.0,40.0,164908289.0,1,,,,,,
18/003,2018-01-11,3.0,29.0,31.0,43.0,47.0,49.0,19.0,"31,49",1.0,5.0,6.0,0.0,1.0,0.0,1.0,1.0,3.0,0.5,133929720.0,10.0,1486390.0,413.5,95850.0,1177.5,9600.0,21908.5,640.0,33349.5,320.0,418039.8,40.0,299282268.0,3,,,,,,
18/004,2018-01-16,2.0,21.0,27.0,30.0,36.0,37.0,4.0,,2.0,4.0,3.0,3.0,1.0,0.0,3.0,2.0,0.0,0.5,47938800.0,6.0,1606260.0,241.7,106330.0,644.5,9600.0,14818.6,640.0,20027.9,320.0,284810.2,40.0,192735991.0,2,,,,,,
18/005,2018-01-20,2.0,5.0,23.0,24.0,27.0,34.0,8.0,"2,27",4.0,2.0,3.0,3.0,2.0,0.0,3.0,1.0,0.0,1.0,65555960.0,13.5,434990.0,200.5,78100.0,828.7,9600.0,11536.8,640.0,22583.1,320.0,217596.5,40.0,137575334.0,2,,,,,,
18/006,2018-01-23,3.0,20.0,27.0,32.0,37.0,41.0,44.0,27,2.0,4.0,4.0,2.0,1.0,1.0,1.0,2.0,1.0,1.0,8000000.0,3.0,768110.0,49.5,124130.0,134.0,9600.0,2728.4,640.0,3374.7,320.0,58692.5,40.0,43225448.0,3,,,,,,
18/007,2018-01-25,3.0,14.0,23.0,36.0,40.0,47.0,20.0,3,3.0,3.0,3.0,3.0,1.0,1.0,1.0,2.0,1.0,0.0,0.0,1.0,2026460.0,45.0,120080.0,120.5,9600.0,3002.5,640.0,3410.9,320.0,54927.1,40.0,39283084.0,3,,,,,,
18/008,2018-01-27,8.0,17.0,26.0,33.0,43.0,45.0,40.0,,2.0,4.0,4.0,2.0,1.0,1.0,1.0,1.0,2.0,0.0,0.0,1.0,2014220.0,127.2,42220.0,108.0,9600.0,4702.9,640.0,3573.0,320.0,72827.5,40.0,42332069.0,8,,,,,,
18/009,2018-01-30,4.0,7.0,11.0,12.0,40.0,49.0,25.0,,4.0,2.0,3.0,3.0,2.0,2.0,0.0,1.0,1.0,0.0,0.0,4.5,435760.0,108.5,48190.0,293.5,9600.0,5907.2,640.0,7727.6,320.0,103873.5,40.0,51095871.0,4,,,,,,
18/010,2018-02-01,20.0,23.0,26.0,29.0,47.0,49.0,39.0,49,2.0,4.0,4.0,2.0,0.0,1.0,3.0,0.0,2.0,0.0,0.0,2.0,1347980.0,62.5,115020.0,171.5,9600.0,3670.0,640.0,5701.2,320.0,72481.0,40.0,52721204.0,20,,,,,,
18/011,2018-02-03,2.0,4.0,12.0,25.0,40.0,49.0,8.0,49,3.0,3.0,2.0,4.0,2.0,1.0,1.0,1.0,1.0,0.0,0.0,3.0,791470.0,96.0,65950.0,367.0,9600.0,5334.8,640.0,11488.2,320.0,93890.1,40.0,58822754.0,2,,,,,,
18/012,2018-02-06,3.0,19.0,26.0,28.0,35.0,48.0,32.0,,2.0,4.0,3.0,3.0,1.0,1.0,2.0,1.0,1.0,1.5,30183640.0,3.0,1126540.0,144.5,62360.0,317.2,9600.0,6587.0,640.0,8192.0,320.0,127181.8,40.0,73571643.0,3,,,,,,
18/013,2018-02-08,13.0,16.0,22.0,28.0,37.0,41.0,34.0,28,3.0,3.0,3.0,3.0,0.0,2.0,2.0,1.0,1.0,0.0,0.0,2.0,956200.0,66.5,76680.0,153.0,9600.0,2710.2,640.0,3810.2,320.0,52637.9,40.0,38034160.0,13,,,,,,
18/014,2018-02-11,1.0,2.0,9.0,27.0,33.0,45.0,38.0,,3.0,3.0,5.0,1.0,3.0,0.0,1.0,1.0,1.0,1.0,13798280.0,1.0,1932760.0,87.7,58760.0,221.5,9600.0,5551.4,640.0,6584.9,320.0,99033.9,40.0,47976374.0,1,,,,,,
18/015,2018-02-13,2.0,9.0,18.0,27.0,32.0,42.0,12.0,"2,9,27",3.0,3.0,2.0,4.0,2.0,1.0,1.0,1.0,1.0,0.0,0.0,1.0,1329120.0,93.5,37900.0,328.4,9600.0,3769.3,640.0,7795.1,320.0,66201.4,40.0,37860539.0,2,,,,,,
18/016,2018-02-15,1.0,19.0,21.0,32.0,43.0,45.0,34.0,32,3.0,3.0,5.0,1.0,1.0,1.0,1.0,1.0,2.0,0.0,0.0,2.0,1184800.0,52.5,120360.0,151.0,9600.0,2960.2,640.0,4353.9,320.0,57599.4,40.0,45187222.0,1,,,,,,
18/017,2018-02-20,3.0,5.0,25.0,42.0,43.0,44.0,2.0,43,2.0,4.0,4.0,2.0,2.0,0.0,1.0,0.0,3.0,1.0,66777930.0,6.5,962970.0,225.5,74010.0,502.0,9600.0,9618.0,640.0,14567.0,320.0,182035.9,40.0,127358051.0,3,,,,,,
18/018,2018-02-22,4.0,12.0,19.0,20.0,30.0,39.0,5.0,,4.0,2.0,2.0,4.0,1.0,3.0,1.0,1.0,0.0,0.0,0.0,1.5,977220.0,72.0,54290.0,220.0,9600.0,3772.7,640.0,5675.3,320.0,63486.6,40.0,36334791.0,4,,,,,,
18/019,2018-02-24,17.0,20.0,34.0,38.0,42.0,45.0,5.0,20,2.0,4.0,2.0,4.0,0.0,2.0,0.0,2.0,2.0,0.0,0.0,1.5,1461910.0,46.5,125750.0,178.5,9600.0,2721.0,640.0,4532.0,320.0,52960.0,40.0,42756867.0,17,,,,,,
18/020,2018-02-27,13.0,24.0,28.0,31.0,41.0,43.0,16.0,,2.0,4.0,4.0,2.0,0.0,1.0,2.0,1.0,2.0,0.5,11484115.0,1.5,1864350.0,94.5,78910.0,190.5,9600.0,4067.5,640.0,5625.8,320.0,76920.0,40.0,55178671.0,13,,,,,,
18/021,2018-03-01,2.0,14.0,15.0,17.0,18.0,29.0,1.0,,5.0,1.0,3.0,3.0,1.0,4.0,1.0,0.0,0.0,0.0,0.0,0.5,1040650.0,58.5,94870.0,254.5,9600.0,4195.2,640.0,7266.3,320.0,76081.2,40.0,47674572.0,2,,,,,,
18/022,2018-03-04,6.0,10.0,11.0,23.0,28.0,43.0,21.0,,4.0,2.0,3.0,3.0,2.0,1.0,2.0,0.0,1.0,1.0,24530570.0,2.5,768250.0,155.0,33040.0,328.2,9600.0,7744.8,640.0,7698.5,320.0,116311.0,40.0,54247972.0,6,,,,,,
18/023,2018-03-06,2.0,11.0,17.0,19.0,35.0,37.0,20.0,11,4.0,2.0,5.0,1.0,1.0,3.0,0.0,2.0,0.0,0.0,0.0,2.0,903510.0,66.0,73010.0,160.0,9600.0,2942.6,640.0,4371.7,320.0,58675.6,40.0,37784405.0,2,,,,,,
18/024,2018-03-08,1.0,6.0,30.0,43.0,44.0,48.0,7.0,,2.0,4.0,2.0,4.0,2.0,0.0,1.0,0.0,3.0,0.0,0.0,2.0,1096580.0,46.5,125770.0,149.0,9600.0,2950.0,640.0,5062.6,320.0,60841.6,40.0,43406046.0,1,,,,,,
18/025,2018-03-10,7.0,18.0,19.0,26.0,27.0,39.0,2.0,,3.0,3.0,4.0,2.0,1.0,2.0,2.0,1.0,0.0,1.0,20312760.0,3.0,637020.0,69.5,73320.0,258.5,9600.0,4376.1,640.0,7202.0,320.0,81181.4,40.0,45990430.0,7,,,,,,
18/026,2018-03-13,5.0,16.0,20.0,25.0,34.0,42.0,2.0,,3.0,3.0,2.0,4.0,1.0,2.0,1.0,1.0,1.0,0.0,0.0,3.0,584360.0,86.0,54350.0,203.2,9600.0,3839.2,640.0,6016.2,320.0,62942.4,40.0,40174002.0,5,,,,,,
18/027,2018-03-15,13.0,16.0,25.0,35.0,38.0,49.0,33.0,"16,25",2.0,4.0,4.0,2.0,0.0,2.0,1.0,2.0,1.0,0.0,0.0,2.0,1042090.0,67.5,82330.0,180.5,9600.0,3258.4,640.0,5082.9,320.0,58437.4,40.0,42687092.0,13,,,,,,
18/028,2018-03-17,4.0,6.0,23.0,33.0,40.0,47.0,30.0,,3.0,3.0,3.0,3.0,2.0,0.0,1.0,2.0,1.0,0.0,0.0,1.0,2287060.0,70.0,87120.0,151.5,9600.0,3485.0,640.0,4724.0,320.0,69143.1,40.0,45772652.0,4,,,,,,
18/029,2018-03-20,3.0,22.0,27.0,29.0,42.0,45.0,10.0,,2.0,4.0,4.0,2.0,1.0,0.0,3.0,0.0,2.0,0.0,0.0,0.5,1304735.0,86.0,80910.0,238.0,9600.0,4714.0,640.0,7049.0,320.0,88251.8,40.0,55934392.0,3,,,,,,
18/030,2018-03-22,10.0,18.0,21.0,29.0,33.0,46.0,36.0,29,3.0,3.0,3.0,3.0,1.0,1.0,2.0,1.0,1.0,0.0,0.0,2.0,1514820.0,84.5,95610.0,186.0,9600.0,4521.2,640.0,6825.2,320.0,87722.4,40.0,60309832.0,10,,,,,,
18/031,2018-03-24,12.0,19.0,23.0,28.0,35.0,45.0,6.0,,3.0,3.0,4.0,2.0,0.0,2.0,2.0,1.0,1.0,0.0,0.0,1.0,2847970.0,144.0,52740.0,322.2,9600.0,6500.5,640.0,9601.5,320.0,113512.0,40.0,66167891.0,12,,,,,,
18/032,2018-03-29,5.0,12.0,24.0,27.0,30.0,47.0,43.0,12,3.0,3.0,3.0,3.0,1.0,1.0,3.0,0.0,1.0,2.0,32686570.0,8.5,686010.0,197.5,78730.0,521.5,9600.0,11874.1,640.0,13065.5,320.0,210686.0,40.0,125802010.0,5,,,,,,
18/033,2018-03-31,9.0,13.0,16.0,18.0,19.0,34.0,21.0,,5.0,1.0,3.0,3.0,1.0,4.0,0.0,1.0,0.0,0.0,0.0,2.0,704700.0,41.5,90560.0,131.5,9600.0,3286.6,640.0,3725.8,320.0,59085.6,40.0,31938700.0,9,,,,,,
18/034,2018-04-03,21.0,29.0,31.0,41.0,46.0,49.0,36.0,,1.0,5.0,5.0,1.0,0.0,0.0,2.0,1.0,3.0,0.0,0.0,2.0,1073600.0,55.5,103160.0,171.0,9600.0,3300.2,640.0,4228.7,320.0,56304.8,40.0,42758595.0,21,,,,,,
18/035,2018-04-05,19.0,24.0,29.0,39.0,40.0,42.0,30.0,29,2.0,4.0,3.0,3.0,0.0,1.0,2.0,2.0,1.0,0.5,10464765.0,2.0,1081310.0,78.5,73460.0,246.0,9600.0,3510.8,640.0,5639.9,320.0,65830.0,40.0,46092385.0,19,,,,,,
18/036,2018-04-07,4.0,20.0,23.0,27.0,31.0,43.0,3.0,,3.0,3.0,4.0,2.0,1.0,1.0,2.0,1.0,1.0,0.0,0.0,1.0,2000140.0,61.5,86720.0,179.0,9600.0,3595.1,640.0,6274.8,320.0,67803.5,40.0,43319236.0,4,,,,,,
18/037,2018-04-10,1.0,15.0,23.0,34.0,43.0,48.0,25.0,"23,43",3.0,3.0,4.0,2.0,1.0,1.0,1.0,1.0,2.0,0.0,0.0,1.0,2745580.0,66.0,110930.0,155.0,9600.0,4000.0,640.0,5620.5,320.0,76537.4,40.0,53744915.0,1,,,,,,
18/038,2018-04-12,1.0,2.0,9.0,11.0,37.0,41.0,18.0,1,4.0,2.0,5.0,1.0,3.0,1.0,0.0,1.0,1.0,0.0,0.0,3.5,676940.0,125.0,50540.0,268.0,9600.0,6941.3,640.0,8778.3,320.0,119613.4,40.0,59196875.0,1,,,,,,
18/039,2018-04-14,12.0,14.0,15.0,36.0,38.0,40.0,42.0,,3.0,3.0,1.0,5.0,0.0,3.0,0.0,3.0,0.0,0.0,0.0,4.5,670480.0,81.9,98230.0,250.0,9600.0,4777.1,640.0,6541.8,320.0,90121.2,40.0,61591369.0,12,,,,,,
18/040,2018-04-17,3.0,8.0,16.0,22.0,28.0,32.0,24.0,,4.0,2.0,1.0,5.0,2.0,1.0,2.0,1.0,0.0,0.5,23741545.0,9.5,232340.0,368.5,19200.0,712.7,9600.0,13620.4,640.0,14687.5,320.0,184537.4,40.0,80912775.0,3,,,,,,
18/041,2018-04-19,20.0,21.0,33.0,40.0,45.0,49.0,43.0,,2.0,4.0,4.0,2.0,0.0,1.0,1.0,2.0,2.0,1.0,32329980.0,4.0,715700.0,61.0,125150.0,274.0,9600.0,4637.0,640.0,6610.0,320.0,88819.4,40.0,59701923.0,20,,,,,,
18/042,2018-04-22,10.0,14.0,28.0,30.0,42.0,44.0,35.0,,2.0,4.0,0.0,6.0,1.0,1.0,2.0,0.0,2.0,1.0,8000000.0,1.0,1819260.0,41.5,116900.0,137.5,9600.0,2720.0,640.0,4640.0,320.0,56207.2,40.0,37262668.0,10,,,,,,
18/043,2018-04-24,12.0,20.0,21.0,28.0,33.0,41.0,9.0,28,3.0,3.0,3.0,3.0,0.0,2.0,2.0,1.0,1.0,0.0,0.0,2.0,819210.0,61.5,71040.0,190.0,9600.0,2840.2,640.0,5072.3,320.0,53855.4,40.0,35967154.0,12,,,,,,
18/044,2018-04-26,8.0,12.0,20.0,33.0,35.0,45.0,42.0,"12,20,33",3.0,3.0,3.0,3.0,1.0,2.0,0.0,2.0,1.0,0.0,0.0,1.5,1330180.0,64.0,83130.0,152.0,9600.0,3684.9,640.0,4393.0,320.0,70199.4,40.0,41942057.0,8,,,,,,
18/045,2018-04-28,2.0,15.0,17.0,18.0,21.0,44.0,14.0,,5.0,1.0,3.0,3.0,1.0,3.0,1.0,0.0,1.0,0.0,0.0,1.0,2240180.0,53.5,111660.0,188.0,9600.0,3267.9,640.0,4762.4,320.0,63982.3,40.0,45168809.0,2,,,,,,
18/046,2018-05-01,1.0,5.0,10.0,20.0,21.0,25.0,43.0,21,5.0,1.0,4.0,2.0,3.0,1.0,2.0,0.0,0.0,0.0,0.0,3.5,510860.0,247.7,19240.0,258.5,9600.0,9483.1,640.0,6690.5,320.0,128367.7,40.0,53566003.0,1,,,,,,
18/047,2018-05-03,12.0,24.0,30.0,31.0,32.0,34.0,41.0,,2.0,4.0,1.0,5.0,0.0,1.0,2.0,3.0,0.0,1.0,34037480.0,3.0,885210.0,83.0,85320.0,239.4,9600.0,5654.4,640.0,6017.9,320.0,96068.2,40.0,57668253.0,12,,,,,,
18/048,2018-05-05,3.0,24.0,40.0,44.0,45.0,49.0,8.0,24,2.0,4.0,3.0,3.0,1.0,0.0,1.0,1.0,3.0,1.0,8000000.0,4.0,389940.0,62.5,66540.0,195.0,9600.0,2568.0,640.0,4848.8,320.0,47756.3,40.0,34081871.0,3,,,,,,
18/049,2018-05-08,3.0,14.0,18.0,28.0,31.0,40.0,38.0,"3,40",3.0,3.0,2.0,4.0,1.0,2.0,1.0,2.0,0.0,0.5,4000000.0,0.5,897845.0,42.5,112670.0,179.0,9600.0,2814.2,640.0,5764.2,320.0,57677.5,40.0,38567396.0,3,,,,,,
18/050,2018-05-10,12.0,19.0,25.0,31.0,36.0,49.0,11.0,31,2.0,4.0,4.0,2.0,0.0,2.0,1.0,2.0,1.0,0.0,0.0,1.0,1877040.0,57.0,87810.0,167.7,9600.0,3066.5,640.0,4759.0,320.0,57231.1,40.0,39140482.0,12,,,,,,
18/051,2018-05-13,1.0,6.0,9.0,19.0,21.0,23.0,43.0,19,6.0,0.0,5.0,1.0,3.0,1.0,2.0,0.0,0.0,3.5,4279170.0,0.5,317720.0,237.5,19200.0,234.5,9600.0,8680.5,640.0,5632.5,320.0,113570.0,40.0,45831918.0,1,,,,,,
18/052,2018-05-15,5.0,8.0,9.0,19.0,32.0,44.0,39.0,"9,19",4.0,2.0,3.0,3.0,3.0,1.0,0.0,1.0,1.0,1.0,8000000.0,3.0,518890.0,60.0,69180.0,105.0,9600.0,3832.8,640.0,4004.0,320.0,72123.0,40.0,35243584.0,5,,,,,,
18/053,2018-05-17,3.0,16.0,23.0,30.0,43.0,46.0,26.0,,3.0,3.0,3.0,3.0,1.0,1.0,2.0,0.0,2.0,0.0,0.0,0.0,0.0,60.0,75940.0,150.5,9600.0,2853.6,640.0,3956.5,320.0,52417.0,40.0,35467897.0,3,,,,,,
18/054,2018-05-19,14.0,23.0,29.0,36.0,37.0,47.0,25.0,23,2.0,4.0,4.0,2.0,0.0,1.0,2.0,2.0,1.0,0.0,0.0,3.0,670390.0,51.0,105160.0,164.5,9600.0,2707.6,640.0,4107.0,320.0,54641.0,40.0,39899866.0,14,,,,,,
18/055,2018-05-22,7.0,12.0,14.0,22.0,31.0,33.0,38.0,14,4.0,2.0,3.0,3.0,1.0,2.0,1.0,2.0,0.0,0.0,0.0,0.5,1004190.0,70.5,75960.0,215.7,9600.0,5066.4,640.0,6338.7,320.0,95165.9,40.0,47892008.0,7,,,,,,
18/056,2018-05-24,4.0,5.0,7.0,11.0,12.0,13.0,18.0,"7,12",6.0,0.0,4.0,2.0,3.0,3.0,0.0,0.0,0.0,6.5,3722560.0,9.0,52770.0,417.2,19200.0,578.5,9600.0,11353.1,640.0,10718.9,320.0,132442.9,40.0,50418111.0,4,,,,,,
18/057,2018-05-26,1.0,12.0,22.0,40.0,42.0,44.0,28.0,12,3.0,3.0,1.0,5.0,1.0,1.0,1.0,1.0,2.0,0.0,0.0,1.0,1538710.0,46.5,88240.0,125.0,9600.0,2491.4,640.0,3981.0,320.0,49330.6,40.0,32063463.0,1,,,,,,
18/058,2018-05-29,3.0,6.0,11.0,22.0,45.0,46.0,1.0,22,4.0,2.0,3.0,3.0,2.0,1.0,1.0,0.0,2.0,0.0,0.0,1.0,1851220.0,54.0,91410.0,219.2,9600.0,3549.0,640.0,7448.6,320.0,70092.6,40.0,42824104.0,3,,,,,,
18/059,2018-05-31,3.0,5.0,28.0,33.0,40.0,49.0,32.0,3,2.0,4.0,4.0,2.0,2.0,0.0,1.0,2.0,1.0,1.0,19705620.0,2.0,1025320.0,62.0,88200.0,166.5,9600.0,4095.9,640.0,5235.3,320.0,79235.7,40.0,44606628.0,3,,,,,,
18/060,2018-06-02,4.0,15.0,30.0,33.0,38.0,41.0,16.0,33,2.0,4.0,3.0,3.0,1.0,1.0,1.0,2.0,1.0,0.0,0.0,0.0,0.0,38.5,120300.0,97.7,9600.0,2149.8,640.0,3446.4,320.0,43783.5,40.0,33133513.0,4,,,,,,
18/061,2018-06-05,6.0,10.0,24.0,34.0,40.0,45.0,9.0,,3.0,3.0,1.0,5.0,2.0,0.0,1.0,2.0,1.0,0.0,0.0,2.0,1021360.0,62.0,87850.0,204.5,9600.0,3534.5,640.0,6690.6,320.0,68551.7,40.0,44580299.0,6,,,,,,
18/062,2018-06-07,5.0,32.0,34.0,36.0,38.0,43.0,25.0,34,1.0,5.0,2.0,4.0,1.0,0.0,0.0,4.0,1.0,1.0,22308460.0,1.5,1431870.0,72.5,79000.0,209.5,9600.0,3832.7,640.0,5273.4,320.0,66735.6,40.0,45474002.0,5,,,,,,
18/063,2018-06-09,11.0,23.0,35.0,41.0,46.0,49.0,47.0,,2.0,4.0,5.0,1.0,0.0,1.0,1.0,1.0,3.0,0.0,0.0,2.0,853450.0,39.5,115230.0,135.5,9600.0,2276.5,640.0,3602.0,320.0,44844.1,40.0,33720272.0,11,,,,,,
18/064,2018-06-12,30.0,31.0,34.0,40.0,41.0,42.0,33.0,41,0.0,6.0,2.0,4.0,0.0,0.0,1.0,3.0,2.0,0.0,0.0,3.5,569440.0,110.0,48310.0,230.5,9600.0,3388.4,640.0,5115.5,320.0,54285.5,40.0,42205621.0,30,,,,,,
18/065,2018-06-14,2.0,10.0,24.0,28.0,35.0,39.0,27.0,,3.0,3.0,2.0,4.0,2.0,0.0,2.0,2.0,0.0,1.0,20389220.0,7.7,277480.0,71.5,79680.0,194.0,9600.0,3964.1,640.0,5711.9,320.0,71819.1,40.0,45839309.0,2,,,,,,
18/066,2018-06-17,1.0,7.0,20.0,21.0,35.0,48.0,22.0,35,4.0,2.0,4.0,2.0,2.0,1.0,1.0,1.0,1.0,1.0,8000000.0,1.0,1432920.0,74.5,51290.0,217.0,9600.0,3984.4,640.0,5601.9,320.0,68542.2,40.0,36416856.0,1,,,,,,
18/067,2018-06-19,2.0,7.0,21.0,31.0,33.0,42.0,24.0,"7,21",3.0,3.0,4.0,2.0,2.0,0.0,1.0,2.0,1.0,0.0,0.0,0.0,0.0,47.5,90400.0,102.5,9600.0,2695.8,640.0,3482.9,320.0,52768.4,40.0,32836452.0,2,,,,,,
18/068,2018-06-21,16.0,23.0,24.0,31.0,33.0,34.0,18.0,"31,33",3.0,3.0,3.0,3.0,0.0,1.0,2.0,3.0,0.0,1.0,15061670.0,3.0,605700.0,83.5,58030.0,172.5,9600.0,3901.2,640.0,4850.9,320.0,66071.7,40.0,40111452.0,16,,,,,,
18/069,2018-06-23,2.0,9.0,16.0,18.0,24.0,46.0,47.0,"16,24",5.0,1.0,1.0,5.0,2.0,2.0,1.0,0.0,1.0,1.0,8000000.0,1.0,1484890.0,50.5,78410.0,111.5,9600.0,3001.5,640.0,2704.5,320.0,56044.8,40.0,31438747.0,2,,,,,,
18/070,2018-06-26,7.0,8.0,12.0,17.0,33.0,42.0,26.0,,4.0,2.0,3.0,3.0,2.0,2.0,0.0,1.0,1.0,0.0,0.0,2.0,648870.0,72.0,48060.0,254.0,9600.0,4228.2,640.0,6497.6,320.0,77968.3,40.0,36758876.0,7,,,,,,
18/071,2018-06-28,6.0,13.0,23.0,29.0,38.0,45.0,41.0,,3.0,3.0,4.0,2.0,1.0,1.0,2.0,1.0,1.0,0.0,0.0,4.0,472180.0,70.5,71440.0,125.5,9600.0,3721.6,640.0,3723.5,320.0,66613.4,40.0,39406627.0,6,,,,,,
18/072,2018-06-30,5.0,6.0,16.0,18.0,30.0,32.0,27.0,6,4.0,2.0,1.0,5.0,2.0,2.0,1.0,1.0,0.0,0.0,0.0,1.0,1634120.0,137.5,31690.0,219.5,9600.0,5270.6,640.0,5825.6,320.0,84195.8,40.0,42007464.0,5,,,,,,
18/073,2018-07-03,3.0,21.0,22.0,41.0,45.0,49.0,10.0,,3.0,3.0,5.0,1.0,1.0,0.0,2.0,0.0,3.0,0.0,0.0,1.0,2546760.0,69.0,98420.0,176.5,9600.0,3666.5,640.0,5403.9,320.0,72517.4,40.0,50608349.0,3,,,,,,
18/074,2018-07-05,1.0,13.0,20.0,34.0,38.0,40.0,29.0,,3.0,3.0,2.0,4.0,1.0,2.0,0.0,3.0,0.0,2.0,17198000.0,2.0,1364520.0,87.0,83640.0,181.2,9600.0,4508.8,640.0,5575.7,320.0,87996.3,40.0,55411514.0,1,,,,,,
18/075,2018-07-07,8.0,17.0,20.0,26.0,40.0,46.0,19.0,"20,40",3.0,3.0,1.0,5.0,1.0,2.0,1.0,1.0,1.0,0.0,0.0,0.0,0.0,37.5,118200.0,119.5,9600.0,2337.2,640.0,3628.0,320.0,44979.1,40.0,32927491.0,8,,,,,,
18/076,2018-07-10,6.0,8.0,29.0,38.0,41.0,49.0,2.0,8,2.0,4.0,3.0,3.0,2.0,0.0,1.0,1.0,2.0,0.0,0.0,1.5,1423250.0,63.5,89650.0,175.5,9600.0,3811.0,640.0,5782.5,320.0,71930.1,40.0,45354928.0,6,,,,,,
18/077,2018-07-12,1.0,5.0,7.0,8.0,30.0,33.0,22.0,8,4.0,2.0,4.0,2.0,4.0,0.0,1.0,1.0,0.0,0.0,0.0,4.5,308270.0,183.0,20210.0,457.4,9600.0,9192.9,640.0,10540.8,320.0,127009.2,40.0,47050151.0,1,,,,,,
18/078,2018-07-14,7.0,13.0,22.0,27.0,33.0,36.0,45.0,"7,33",3.0,3.0,4.0,2.0,1.0,1.0,2.0,2.0,0.0,0.0,0.0,3.0,699910.0,116.0,48260.0,217.5,9600.0,5407.4,640.0,5349.5,320.0,91232.8,40.0,48689954.0,7,,,,,,
18/079,2018-07-17,6.0,10.0,32.0,36.0,41.0,48.0,47.0,36,2.0,4.0,1.0,5.0,2.0,0.0,0.0,2.0,2.0,1.0,82939250.0,4.5,1699200.0,236.5,86210.0,539.5,9600.0,11559.2,640.0,15976.0,320.0,223700.8,40.0,153065101.0,6,,,,,,
18/080,2018-07-19,12.0,16.0,23.0,25.0,40.0,42.0,20.0,,3.0,3.0,2.0,4.0,0.0,2.0,2.0,1.0,1.0,0.0,0.0,0.0,0.0,53.5,81900.0,138.5,9600.0,2881.2,640.0,3939.9,320.0,53555.9,40.0,34471808.0,12,,,,,,
18/081,2018-07-21,13.0,14.0,15.0,37.0,38.0,44.0,40.0,,3.0,3.0,3.0,3.0,0.0,3.0,0.0,2.0,1.0,0.0,0.0,1.0,1596690.0,178.0,23920.0,193.5,9600.0,7461.4,640.0,3732.8,320.0,67678.2,40.0,41170279.0,13,,,,,,
18/082,2018-07-24,2.0,16.0,17.0,27.0,32.0,37.0,12.0,37,3.0,3.0,3.0,3.0,1.0,2.0,1.0,2.0,0.0,0.5,10531925.0,6.0,368360.0,96.0,61390.0,276.9,9600.0,4537.4,640.0,6433.1,320.0,76267.2,40.0,49746773.0,2,,,,,,
18/083,2018-07-26,22.0,32.0,37.0,44.0,46.0,49.0,38.0,"32,37",1.0,5.0,2.0,4.0,0.0,0.0,1.0,2.0,3.0,0.0,0.0,0.0,0.0,48.0,129730.0,136.0,9600.0,2695.5,640.0,4340.5,320.0,53756.6,40.0,43847504.0,22,,,,,,
18/084,2018-07-28,5.0,7.0,11.0,26.0,30.0,43.0,17.0,,3.0,3.0,4.0,2.0,2.0,1.0,2.0,0.0,1.0,0.5,12898760.0,2.0,987460.0,106.0,49680.0,234.5,9600.0,5596.7,640.0,7198.1,320.0,98157.0,40.0,49131719.0,5,,,,,,
18/085,2018-07-31,24.0,27.0,36.0,43.0,44.0,46.0,30.0,43,1.0,5.0,2.0,4.0,0.0,0.0,2.0,1.0,3.0,0.0,0.0,1.0,2645330.0,61.5,114700.0,157.5,9600.0,3353.0,640.0,4081.0,320.0,63819.7,40.0,49808124.0,24,,,,,,
18/086,2018-08-02,3.0,5.0,11.0,34.0,35.0,45.0,28.0,,3.0,3.0,5.0,1.0,2.0,1.0,0.0,2.0,1.0,0.0,0.0,0.5,1136715.0,116.0,52260.0,253.0,9600.0,5140.7,640.0,7372.4,320.0,89134.1,40.0,52404823.0,3,,,,,,
18/087,2018-08-04,4.0,15.0,23.0,34.0,37.0,48.0,30.0,34,3.0,3.0,3.0,3.0,1.0,1.0,1.0,2.0,1.0,0.0,0.0,0.0,0.0,82.0,97070.0,152.5,9600.0,4498.0,640.0,5141.9,320.0,84766.9,40.0,57867403.0,4,,,,,,
18/088,2018-08-07,4.0,21.0,25.0,39.0,46.0,47.0,12.0,4,2.0,4.0,4.0,2.0,1.0,0.0,2.0,1.0,2.0,0.0,0.0,2.0,1982660.0,86.5,122240.0,248.5,9600.0,5776.5,640.0,7916.4,320.0,105030.8,40.0,77531707.0,4,,,,,,
18/089,2018-08-09,8.0,10.0,11.0,20.0,21.0,34.0,13.0,21,5.0,1.0,2.0,4.0,2.0,2.0,1.0,1.0,0.0,0.0,0.0,3.0,1233410.0,188.0,52480.0,409.0,9600.0,10063.8,640.0,11697.6,320.0,167488.0,40.0,88736859.0,8,,,,,,
18/090,2018-08-11,1.0,11.0,25.0,38.0,47.0,49.0,37.0,11,2.0,4.0,5.0,1.0,1.0,1.0,1.0,1.0,2.0,1.5,51333300.0,6.0,737250.0,251.0,46990.0,611.0,9600.0,11103.0,640.0,13878.0,320.0,188676.1,40.0,106234298.0,1,,,,,,
18/091,2018-08-14,32.0,37.0,38.0,42.0,43.0,49.0,24.0,"38,49",0.0,6.0,3.0,3.0,0.0,0.0,0.0,3.0,3.0,0.0,0.0,2.0,1011740.0,85.5,63110.0,100.5,9600.0,2861.5,640.0,3520.5,320.0,51361.0,40.0,38520803.0,32,,,,,,
18/092,2018-08-16,9.0,13.0,16.0,27.0,29.0,41.0,37.0,,3.0,3.0,5.0,1.0,1.0,2.0,2.0,0.0,1.0,1.5,9202840.0,1.0,1934750.0,97.0,53180.0,161.0,9600.0,4256.4,640.0,4452.7,320.0,76568.9,40.0,42465474.0,9,,,,,,
18/093,2018-08-18,2.0,14.0,24.0,37.0,42.0,47.0,20.0,,3.0,3.0,2.0,4.0,1.0,1.0,1.0,1.0,2.0,0.0,0.0,1.0,1957200.0,41.5,125760.0,83.5,9600.0,2431.0,640.0,2830.4,320.0,47064.2,40.0,36081968.0,2,,,,,,
18/094,2018-08-21,3.0,10.0,18.0,28.0,40.0,47.0,4.0,47,3.0,3.0,2.0,4.0,2.0,1.0,1.0,1.0,1.0,0.0,0.0,0.0,0.0,64.5,83330.0,187.5,9600.0,3877.7,640.0,6038.7,320.0,76549.7,40.0,44522637.0,3,,,,,,
18/095,2018-08-23,12.0,14.0,22.0,30.0,38.0,44.0,34.0,,3.0,3.0,0.0,6.0,0.0,2.0,2.0,1.0,1.0,0.5,11310975.0,2.5,874620.0,101.0,57730.0,202.9,9600.0,4380.4,640.0,6232.3,320.0,77537.1,40.0,47899633.0,12,,,,,,
18/096,2018-08-25,3.0,4.0,19.0,28.0,31.0,48.0,27.0,,3.0,3.0,3.0,3.0,2.0,1.0,1.0,1.0,1.0,1.0,17372290.0,0.0,0.0,49.5,108840.0,168.0,9600.0,3722.4,640.0,5333.4,320.0,74805.6,40.0,43510767.0,3,,,,,,
18/097,2018-08-28,9.0,18.0,26.0,30.0,36.0,46.0,2.0,,2.0,4.0,1.0,5.0,1.0,1.0,2.0,1.0,1.0,0.0,0.0,5.0,303780.0,70.5,57450.0,215.0,9600.0,4021.4,640.0,5352.2,320.0,66536.0,40.0,37295219.0,9,,,,,,
18/098,2018-08-30,4.0,15.0,21.0,23.0,44.0,46.0,13.0,46,4.0,2.0,3.0,3.0,1.0,1.0,2.0,0.0,2.0,0.0,0.0,0.0,0.0,51.5,109350.0,127.5,9600.0,2533.0,640.0,3615.4,320.0,52196.6,40.0,39930583.0,4,,,,,,
18/099,2018-09-01,10.0,13.0,20.0,26.0,35.0,45.0,37.0,,3.0,3.0,3.0,3.0,1.0,2.0,1.0,1.0,1.0,0.0,0.0,2.0,1126340.0,74.0,81170.0,154.5,9600.0,3721.3,640.0,4163.2,320.0,67359.0,40.0,45175138.0,10,,,,,,
18/100,2018-09-04,4.0,5.0,33.0,36.0,44.0,47.0,13.0,,2.0,4.0,3.0,3.0,2.0,0.0,0.0,2.0,2.0,0.0,0.0,4.0,701220.0,70.0,106850.0,219.5,9600.0,4351.3,640.0,6314.8,320.0,88143.7,40.0,57383519.0,4,,,,,,
18/101,2018-09-06,17.0,26.0,30.0,33.0,38.0,49.0,47.0,33,1.0,5.0,3.0,3.0,0.0,1.0,2.0,2.0,1.0,0.0,0.0,3.0,968550.0,69.0,112290.0,267.0,9600.0,5294.0,640.0,7073.0,320.0,98937.1,40.0,61961408.0,17,,,,,,
18/102,2018-09-08,7.0,9.0,12.0,18.0,41.0,46.0,33.0,,4.0,2.0,3.0,3.0,2.0,2.0,0.0,0.0,2.0,0.0,0.0,2.0,1574870.0,107.0,78490.0,259.5,9600.0,6520.5,640.0,8303.2,320.0,129641.3,40.0,69596473.0,7,,,,,,
18/103,2018-09-11,31.0,36.0,38.0,45.0,47.0,49.0,37.0,,0.0,6.0,4.0,2.0,0.0,0.0,0.0,3.0,3.0,1.5,41665410.0,8.5,498470.0,206.5,54710.0,583.0,9600.0,7966.0,640.0,13571.4,320.0,139606.2,40.0,95671770.0,31,,,,,,
18/104,2018-09-13,14.0,20.0,22.0,39.0,41.0,48.0,35.0,,3.0,3.0,2.0,4.0,0.0,2.0,1.0,1.0,2.0,0.0,0.0,1.0,1958130.0,47.0,111100.0,107.5,9600.0,2247.5,640.0,3184.7,320.0,44383.0,40.0,36315128.0,14,,,,,,
18/105,2018-09-15,4.0,6.0,11.0,33.0,37.0,48.0,41.0,48,3.0,3.0,3.0,3.0,2.0,1.0,0.0,2.0,1.0,0.0,0.0,1.0,1888120.0,64.5,78060.0,122.0,9600.0,3248.7,640.0,3312.5,320.0,66795.2,40.0,38545605.0,4,,,,,,
18/106,2018-09-18,9.0,11.0,18.0,23.0,32.0,48.0,26.0,"11,48",4.0,2.0,3.0,3.0,1.0,2.0,1.0,1.0,1.0,0.5,9544460.0,2.0,904080.0,103.0,46810.0,225.5,9600.0,5206.7,640.0,6032.5,320.0,87581.9,40.0,44773126.0,9,,,,,,
18/107,2018-09-20,5.0,6.0,17.0,26.0,40.0,41.0,46.0,,3.0,3.0,3.0,3.0,2.0,1.0,1.0,1.0,1.0,2.0,41457630.0,6.0,1273070.0,251.5,80990.0,485.5,9600.0,12249.5,640.0,15018.0,320.0,230221.6,40.0,152730121.0,5,,,,,,
18/108,2018-09-23,2.0,13.0,21.0,23.0,32.0,40.0,30.0,40,4.0,2.0,3.0,3.0,1.0,1.0,2.0,2.0,0.0,0.0,0.0,1.5,1198130.0,52.5,91280.0,150.5,9600.0,3021.2,640.0,4259.3,320.0,54639.5,40.0,37209774.0,2,,,,,,
18/109,2018-09-25,5.0,14.0,20.0,22.0,24.0,48.0,4.0,,5.0,1.0,1.0,5.0,1.0,2.0,2.0,0.0,1.0,0.0,0.0,0.0,0.0,44.0,106910.0,238.5,9600.0,3085.2,640.0,5979.4,320.0,57508.4,40.0,39632034.0,5,,,,,,
18/110,2018-09-27,14.0,17.0,30.0,46.0,48.0,49.0,36.0,"14,48",2.0,4.0,2.0,4.0,0.0,2.0,1.0,0.0,3.0,0.0,0.0,1.0,2438550.0,53.5,121540.0,178.0,9600.0,3525.5,640.0,5047.5,320.0,67629.1,40.0,48426612.0,14,,,,,,
18/111,2018-09-29,9.0,31.0,34.0,35.0,37.0,38.0,16.0,,1.0,5.0,4.0,2.0,1.0,0.0,0.0,5.0,0.0,1.0,29648760.0,1.0,2425630.0,150.0,43120.0,201.0,9600.0,5329.8,640.0,5806.0,320.0,84238.2,40.0,52478385.0,9,,,,,,
18/112,2018-10-02,13.0,18.0,23.0,28.0,33.0,49.0,19.0,,3.0,3.0,4.0,2.0,0.0,2.0,2.0,1.0,1.0,0.5,4000000.0,2.5,542950.0,195.9,19200.0,183.4,9600.0,5436.8,640.0,4691.6,320.0,73711.0,40.0,36647793.0,13,,,,,,
18/113,2018-10-04,13.0,19.0,34.0,35.0,45.0,46.0,27.0,13,2.0,4.0,4.0,2.0,0.0,2.0,0.0,2.0,2.0,0.0,0.0,0.0,0.0,102.0,52130.0,115.0,9600.0,3299.0,640.0,3606.1,320.0,50780.5,40.0,38905297.0,13,,,,,,
18/114,2018-10-06,2.0,10.0,35.0,39.0,44.0,49.0,8.0,35,2.0,4.0,3.0,3.0,2.0,0.0,0.0,2.0,2.0,0.0,0.0,1.0,2309630.0,47.5,129660.0,149.0,9600.0,2659.7,640.0,4738.2,320.0,55104.2,40.0,44024832.0,2,,,,,,
18/115,2018-10-09,7.0,9.0,18.0,27.0,44.0,45.0,15.0,44,3.0,3.0,4.0,2.0,2.0,1.0,1.0,0.0,2.0,0.0,0.0,2.5,935340.0,226.0,27590.0,208.0,9600.0,6611.7,640.0,6016.0,320.0,96568.1,40.0,53975783.0,7,,,,,,
18/116,2018-10-11,7.0,9.0,19.0,29.0,39.0,42.0,41.0,"7,9",3.0,3.0,5.0,1.0,2.0,1.0,1.0,1.0,1.0,3.0,10274390.0,4.5,363180.0,380.7,19200.0,276.5,9600.0,10775.4,640.0,5615.0,320.0,100304.9,40.0,56622185.0,7,,,,,,
18/117,2018-10-14,8.0,14.0,21.0,24.0,34.0,43.0,1.0,,4.0,2.0,2.0,4.0,1.0,1.0,2.0,1.0,1.0,0.0,0.0,4.0,378230.0,84.5,47740.0,196.5,9600.0,3992.7,640.0,5505.4,320.0,61514.7,40.0,36569904.0,8,,,,,,
18/118,2018-10-16,7.0,11.0,19.0,32.0,45.0,46.0,37.0,,3.0,3.0,4.0,2.0,1.0,2.0,0.0,1.0,2.0,0.0,0.0,0.0,0.0,69.0,77590.0,129.5,9600.0,3264.0,640.0,3996.9,320.0,60782.7,40.0,40280013.0,7,,,,,,
18/119,2018-10-20,10.0,13.0,22.0,25.0,40.0,42.0,5.0,,3.0,3.0,2.0,4.0,1.0,1.0,2.0,1.0,1.0,0.0,0.0,3.0,852890.0,82.0,83200.0,284.0,9600.0,4815.4,640.0,7728.2,320.0,89441.6,40.0,56673773.0,10,,,,,,
18/120,2018-10-23,6.0,17.0,20.0,34.0,36.0,44.0,15.0,,3.0,3.0,1.0,5.0,1.0,2.0,0.0,2.0,1.0,1.0,32435310.0,2.0,1454710.0,83.0,93470.0,208.0,9600.0,4794.6,640.0,6091.2,320.0,89905.9,40.0,59120983.0,6,,,,,,
18/121,2018-10-25,6.0,13.0,20.0,25.0,27.0,29.0,21.0,"6,20",3.0,3.0,4.0,2.0,1.0,2.0,3.0,0.0,0.0,0.0,0.0,1.0,1649920.0,62.5,70390.0,142.5,9600.0,2962.0,640.0,3748.2,320.0,52935.4,40.0,34570196.0,6,,,,,,
18/122,2018-10-27,1.0,5.0,15.0,39.0,45.0,47.0,43.0,,3.0,3.0,6.0,0.0,2.0,1.0,0.0,1.0,2.0,0.0,0.0,0.0,0.0,50.5,99520.0,106.0,9600.0,3137.6,640.0,3662.0,320.0,57428.8,40.0,37596128.0,1,,,,,,
18/123,2018-10-30,4.0,7.0,10.0,22.0,34.0,42.0,38.0,,4.0,2.0,1.0,5.0,3.0,0.0,1.0,1.0,1.0,1.0,77995180.0,4.0,1499590.0,314.0,50940.0,642.0,9600.0,14783.1,640.0,16659.6,320.0,259539.6,40.0,139409881.0,4,,,,,,
18/124,2018-11-01,9.0,13.0,15.0,16.0,20.0,32.0,12.0,,5.0,1.0,3.0,3.0,1.0,4.0,0.0,1.0,0.0,0.0,0.0,1.0,1586360.0,61.0,69340.0,143.2,9600.0,2821.5,640.0,4798.7,320.0,54816.1,40.0,34315573.0,9,,,,,,
18/125,2018-11-03,4.0,19.0,24.0,38.0,39.0,44.0,46.0,,3.0,3.0,2.0,4.0,1.0,1.0,1.0,2.0,1.0,0.0,0.0,0.0,0.0,69.5,72730.0,130.5,9600.0,3313.0,640.0,4003.0,320.0,60623.1,40.0,38826786.0,4,,,,,,
18/126,2018-11-06,1.0,8.0,22.0,23.0,46.0,47.0,12.0,,4.0,2.0,3.0,3.0,2.0,0.0,2.0,0.0,2.0,0.0,0.0,0.0,0.0,100.5,58080.0,245.5,9600.0,4755.7,640.0,7589.1,320.0,83048.3,40.0,50349422.0,1,,,,,,
18/127,2018-11-08,9.0,16.0,22.0,24.0,40.0,47.0,17.0,"22,47",4.0,2.0,2.0,4.0,1.0,1.0,2.0,1.0,1.0,1.0,33142540.0,4.0,733610.0,65.5,119460.0,184.0,9600.0,3940.5,640.0,5475.0,320.0,78909.7,40.0,56841719.0,9,,,,,,
18/128,2018-11-11,6.0,24.0,26.0,36.0,44.0,49.0,8.0,24,2.0,4.0,1.0,5.0,1.0,0.0,2.0,1.0,2.0,0.0,0.0,0.5,830480.0,48.0,92270.0,111.0,9600.0,3110.9,640.0,5022.2,320.0,56144.9,40.0,35329061.0,6,,,,,,
18/129,2018-11-13,8.0,22.0,30.0,34.0,35.0,37.0,29.0,,2.0,4.0,2.0,4.0,1.0,0.0,2.0,3.0,0.0,0.0,0.0,1.0,2029230.0,52.0,104060.0,159.0,9600.0,3272.4,640.0,4371.9,320.0,63393.5,40.0,41521595.0,8,,,,,,
18/130,2018-11-15,2.0,10.0,29.0,32.0,40.0,41.0,44.0,,2.0,4.0,2.0,4.0,2.0,0.0,1.0,2.0,1.0,2.0,11485480.0,1.0,2013190.0,48.5,138360.0,128.5,9600.0,3282.4,640.0,4127.2,320.0,66305.1,40.0,47672483.0,2,,,,,,
18/131,2018-11-17,5.0,9.0,12.0,14.0,42.0,43.0,45.0,,4.0,2.0,3.0,3.0,2.0,2.0,0.0,0.0,2.0,1.0,8000000.0,0.5,751220.0,51.5,77790.0,147.0,9600.0,3086.5,640.0,3868.7,320.0,59444.4,40.0,33350413.0,5,,,,,,
18/132,2018-11-20,4.0,12.0,14.0,17.0,29.0,35.0,38.0,"12,14",4.0,2.0,3.0,3.0,1.0,3.0,1.0,1.0,0.0,0.0,0.0,1.0,1873350.0,44.5,112260.0,121.5,9600.0,2920.3,640.0,3572.7,320.0,56869.4,40.0,37366055.0,4,,,,,,
18/133,2018-11-22,15.0,16.0,18.0,22.0,26.0,48.0,34.0,,4.0,2.0,1.0,5.0,0.0,3.0,2.0,0.0,1.0,0.0,0.0,0.0,0.0,60.5,81440.0,154.5,9600.0,3807.3,640.0,4663.9,320.0,70132.1,40.0,40287125.0,15,,,,,,
18/134,2018-11-24,3.0,8.0,13.0,25.0,30.0,34.0,32.0,,3.0,3.0,3.0,3.0,2.0,1.0,2.0,1.0,0.0,0.0,0.0,2.5,719920.0,98.0,48970.0,225.5,9600.0,4867.4,640.0,5389.3,320.0,85874.5,40.0,43749802.0,3,,,,,,
18/135,2018-11-27,7.0,8.0,15.0,27.0,29.0,38.0,39.0,8,3.0,3.0,4.0,2.0,2.0,1.0,2.0,1.0,0.0,0.0,0.0,4.0,495790.0,275.2,19210.0,260.5,9600.0,6688.6,640.0,6446.0,320.0,102779.0,40.0,50896557.0,7,,,,,,
18/136,2018-11-29,14.0,25.0,31.0,34.0,36.0,43.0,35.0,,1.0,5.0,3.0,3.0,0.0,1.0,1.0,3.0,1.0,0.0,0.0,2.5,1129210.0,86.5,87030.0,209.0,9600.0,4503.9,640.0,6518.9,320.0,83280.4,40.0,57384811.0,14,,,,,,
18/137,2018-12-01,2.0,20.0,29.0,32.0,38.0,39.0,47.0,,2.0,4.0,2.0,4.0,1.0,1.0,1.0,3.0,0.0,0.0,0.0,1.5,1995980.0,95.0,84040.0,361.0,9600.0,4897.1,640.0,6318.0,320.0,95113.8,40.0,63629516.0,2,,,,,,
18/138,2018-12-04,8.0,11.0,14.0,20.0,22.0,31.0,19.0,20,5.0,1.0,2.0,4.0,1.0,3.0,1.0,1.0,0.0,0.0,0.0,9.5,396630.0,150.0,66980.0,372.5,9600.0,8029.1,640.0,10793.3,320.0,152307.7,40.0,84935893.0,8,,,,,,
18/139,2018-12-06,8.0,20.0,32.0,40.0,44.0,46.0,34.0,"8,20",2.0,4.0,0.0,6.0,1.0,1.0,0.0,2.0,2.0,1.0,68983460.0,2.0,2247990.0,128.5,93300.0,413.5,9600.0,7175.5,640.0,11153.4,320.0,133184.1,40.0,93325843.0,8,,,,,,
18/140,2018-12-08,20.0,27.0,29.0,40.0,45.0,48.0,43.0,"20,40",1.0,5.0,3.0,3.0,0.0,1.0,2.0,1.0,2.0,0.0,0.0,0.5,924510.0,43.5,113350.0,82.5,9600.0,1805.5,640.0,2680.0,320.0,39840.5,40.0,33230965.0,20,,,,,,
18/141,2018-12-11,7.0,8.0,10.0,20.0,33.0,42.0,22.0,20,4.0,2.0,2.0,4.0,3.0,1.0,0.0,1.0,1.0,0.5,6700815.0,2.0,746180.0,84.5,47090.0,358.5,9600.0,5229.1,640.0,8691.8,320.0,88767.8,40.0,44543443.0,7,,,,,,
18/142,2018-12-13,1.0,15.0,21.0,23.0,24.0,33.0,39.0,33,5.0,1.0,5.0,1.0,1.0,1.0,3.0,1.0,0.0,0.0,0.0,3.5,522700.0,86.5,56400.0,151.5,9600.0,4868.9,640.0,4075.5,320.0,75938.6,40.0,41324095.0,1,,,,,,
18/143,2018-12-15,5.0,10.0,30.0,33.0,36.0,37.0,22.0,33,2.0,4.0,3.0,3.0,2.0,0.0,1.0,3.0,0.0,0.0,0.0,0.5,1013225.0,49.5,109160.0,182.0,9600.0,3484.7,640.0,5711.3,320.0,67035.3,40.0,43207848.0,5,,,,,,
18/144,2018-12-18,1.0,10.0,11.0,13.0,30.0,33.0,45.0,"10,30,33",4.0,2.0,4.0,2.0,2.0,2.0,1.0,1.0,0.0,2.0,13029820.0,0.5,847225.0,186.0,30360.0,233.5,9600.0,7995.3,640.0,5823.2,320.0,116725.3,40.0,54459223.0,1,,,,,,
18/145,2018-12-20,4.0,7.0,8.0,12.0,13.0,26.0,42.0,13,5.0,1.0,2.0,4.0,3.0,2.0,1.0,0.0,0.0,1.0,8000000.0,2.0,464330.0,193.0,19200.0,139.9,9600.0,7593.2,640.0,4355.8,320.0,96243.0,40.0,36297083.0,4,,,,,,
18/146,2018-12-22,7.0,20.0,33.0,46.0,48.0,49.0,4.0,7,2.0,4.0,3.0,3.0,1.0,1.0,0.0,1.0,3.0,0.0,0.0,2.0,826620.0,50.5,87300.0,142.0,9600.0,3108.5,640.0,3887.0,320.0,56475.5,40.0,35124564.0,7,,,,,,
18/147,2018-12-25,2.0,14.0,16.0,32.0,41.0,47.0,23.0,,3.0,3.0,2.0,4.0,1.0,2.0,0.0,1.0,2.0,0.0,0.0,0.0,0.0,59.5,94400.0,212.5,9600.0,3167.6,640.0,4881.6,320.0,57466.5,40.0,43260043.0,2,,,,,,
18/148,2018-12-27,1.0,4.0,17.0,22.0,23.0,35.0,37.0,,5.0,1.0,4.0,2.0,2.0,1.0,2.0,1.0,0.0,0.0,0.0,0.0,0.0,80.5,72990.0,170.0,9600.0,4489.8,640.0,4749.5,320.0,81979.4,40.0,47126979.0,1,,,,,,
18/149,2018-12-30,6.0,7.0,13.0,33.0,35.0,46.0,43.0,35,3.0,3.0,4.0,2.0,2.0,1.0,0.0,2.0,1.0,0.0,0.0,3.0,892540.0,80.0,89250.0,241.5,9600.0,5047.1,640.0,6287.5,320.0,96070.2,40.0,57443763.0,6,,,,,,
19/001,2019-01-03,8.0,23.0,25.0,30.0,32.0,45.0,24.0,,2.0,4.0,3.0,3.0,1.0,0.0,3.0,1.0,1.0,1.5,56073510.0,10.5,765400.0,311.0,68910.0,750.0,9600.0,16038.5,640.0,22276.2,320.0,295264.1,40.0,176446163.0,8,,,,,,
19/002,2019-01-05,12.0,13.0,16.0,19.0,23.0,45.0,2.0,"23,45",5.0,1.0,4.0,2.0,0.0,4.0,1.0,0.0,1.0,0.0,0.0,1.0,1570090.0,41.5,100880.0,196.5,9600.0,2943.1,640.0,4666.1,320.0,54330.6,40.0,35071980.0,12,,,,,,
19/003,2019-01-08,4.0,5.0,12.0,23.0,30.0,40.0,10.0,"12,23",4.0,2.0,2.0,4.0,2.0,1.0,2.0,1.0,0.0,0.0,0.0,4.5,370220.0,87.5,50770.0,371.5,9600.0,4683.3,640.0,9811.2,320.0,80449.2,40.0,46530412.0,4,,,,,,
19/004,2019-01-10,6.0,7.0,28.0,31.0,36.0,43.0,23.0,,2.0,4.0,3.0,3.0,2.0,0.0,1.0,2.0,1.0,0.5,9852830.0,3.0,745290.0,74.0,80570.0,214.4,9600.0,4297.0,640.0,5965.6,320.0,81804.0,40.0,48832550.0,6,,,,,,
19/005,2019-01-13,10.0,18.0,35.0,37.0,48.0,49.0,27.0,,2.0,4.0,3.0,3.0,1.0,1.0,0.0,2.0,2.0,1.0,16750570.0,3.5,656920.0,62.0,98890.0,200.5,9600.0,3760.0,640.0,5244.4,320.0,72156.8,40.0,47666641.0,10,,,,,,
19/006,2019-01-15,10.0,16.0,17.0,33.0,44.0,48.0,7.0,"10,48",3.0,3.0,2.0,4.0,1.0,2.0,0.0,1.0,2.0,0.0,0.0,0.0,0.0,49.0,98190.0,150.0,9600.0,2569.0,640.0,4331.7,320.0,49354.5,40.0,36414274.0,10,,,,,,
19/007,2019-01-17,16.0,18.0,28.0,35.0,36.0,41.0,37.0,16,2.0,4.0,2.0,4.0,0.0,2.0,1.0,2.0,1.0,0.0,0.0,3.5,624610.0,75.5,77210.0,174.5,9600.0,3627.0,640.0,4659.4,320.0,65190.4,40.0,44649754.0,16,,,,,,
19/008,2019-01-19,13.0,24.0,31.0,34.0,44.0,47.0,8.0,,2.0,4.0,3.0,3.0,0.0,1.0,1.0,2.0,2.0,2.0,11627890.0,3.0,765870.0,114.5,53510.0,214.0,9600.0,4040.5,640.0,5708.8,320.0,69701.6,40.0,48310598.0,13,,,,,,
19/009,2019-01-22,3.0,19.0,25.0,30.0,33.0,48.0,44.0,,2.0,4.0,4.0,2.0,1.0,1.0,2.0,1.0,1.0,0.0,0.0,0.0,0.0,50.0,103170.0,128.5,9600.0,3242.0,640.0,3608.5,320.0,65297.7,40.0,39346968.0,3,,,,,,
19/010,2019-01-24,11.0,18.0,33.0,41.0,43.0,46.0,36.0,33,2.0,4.0,4.0,2.0,0.0,2.0,0.0,1.0,3.0,0.0,0.0,1.0,2293390.0,42.5,143890.0,137.5,9600.0,2916.5,640.0,4525.5,320.0,61296.0,40.0,44236976.0,11,,,,,,
19/011,2019-01-26,14.0,27.0,29.0,41.0,45.0,46.0,21.0,"41,46",1.0,5.0,4.0,2.0,0.0,1.0,2.0,0.0,3.0,0.0,0.0,4.5,564250.0,45.0,150460.0,142.0,9600.0,2944.0,640.0,4370.2,320.0,57281.0,40.0,47294425.0,14,,,,,,
19/012,2019-01-29,3.0,10.0,14.0,24.0,32.0,45.0,29.0,"14,45",4.0,2.0,2.0,4.0,2.0,1.0,1.0,1.0,1.0,0.0,0.0,3.0,1059880.0,82.0,103400.0,189.5,9600.0,4487.9,640.0,6163.5,320.0,89523.7,40.0,62109172.0,3,,,,,,
19/013,2019-01-31,18.0,22.0,26.0,31.0,33.0,41.0,27.0,,2.0,4.0,3.0,3.0,0.0,1.0,2.0,2.0,1.0,0.0,0.0,6.5,491550.0,127.0,67080.0,316.5,9600.0,6825.0,640.0,8134.2,320.0,120932.9,40.0,70840561.0,18,,,,,,
19/014,2019-02-03,5.0,6.0,13.0,19.0,34.0,35.0,39.0,,4.0,2.0,4.0,2.0,2.0,2.0,0.0,2.0,0.0,1.0,57113160.0,2.0,2259450.0,157.9,76310.0,342.0,9600.0,9286.7,640.0,10279.7,320.0,165382.6,40.0,96735350.0,5,,,,,,
19/015,2019-02-06,2.0,4.0,11.0,15.0,19.0,29.0,1.0,19,5.0,1.0,4.0,2.0,2.0,3.0,1.0,0.0,0.0,0.0,0.0,5.0,238450.0,116.5,27290.0,430.2,9600.0,4764.3,640.0,10338.3,320.0,75011.5,40.0,40438840.0,2,,,,,,
19/016,2019-02-09,1.0,19.0,29.0,34.0,39.0,49.0,43.0,"19,29",2.0,4.0,5.0,1.0,1.0,1.0,1.0,2.0,1.0,6.0,16661140.0,19.5,426780.0,2470.0,19200.0,1437.0,9600.0,43397.0,640.0,30893.2,320.0,481568.8,40.0,295210446.0,1,,,,,,
19/017,2019-02-12,9.0,17.0,26.0,31.0,32.0,40.0,27.0,,2.0,4.0,3.0,3.0,1.0,1.0,1.0,3.0,0.0,1.0,8000000.0,3.0,712930.0,76.0,75040.0,179.5,9600.0,3357.5,640.0,4904.4,320.0,62975.6,40.0,43758050.0,9,,,,,,
19/018,2019-02-14,5.0,8.0,16.0,20.0,43.0,46.0,11.0,,4.0,2.0,2.0,4.0,2.0,2.0,0.0,0.0,2.0,0.0,0.0,0.5,982190.0,55.5,94380.0,174.0,9600.0,3234.0,640.0,4922.9,320.0,64379.0,40.0,41262549.0,5,,,,,,
19/019,2019-02-16,3.0,7.0,8.0,17.0,19.0,23.0,12.0,8,6.0,0.0,5.0,1.0,3.0,2.0,1.0,0.0,0.0,0.0,0.0,8.0,165680.0,175.5,20140.0,633.2,9600.0,7452.0,640.0,12472.6,320.0,110653.0,40.0,44956024.0,3,,,,,,
19/020,2019-02-19,2.0,5.0,8.0,13.0,16.0,33.0,41.0,8,5.0,1.0,3.0,3.0,3.0,2.0,0.0,1.0,0.0,2.0,9456870.0,2.0,992510.0,244.0,21690.0,263.0,9600.0,8435.3,640.0,5852.9,320.0,124304.5,40.0,54279391.0,2,,,,,,
19/021,2019-02-21,16.0,29.0,36.0,39.0,42.0,49.0,34.0,16,1.0,5.0,3.0,3.0,0.0,1.0,1.0,2.0,2.0,1.0,8000000.0,0.0,0.0,68.0,76340.0,133.0,9600.0,3150.0,640.0,3964.5,320.0,57968.3,40.0,39151016.0,16,,,,,,
19/022,2019-02-23,13.0,14.0,15.0,21.0,33.0,49.0,1.0,49,4.0,2.0,5.0,1.0,0.0,3.0,1.0,1.0,1.0,0.0,0.0,2.0,921500.0,52.0,94510.0,172.0,9600.0,2493.0,640.0,4740.4,320.0,51593.7,40.0,37646852.0,13,,,,,,
19/023,2019-02-26,9.0,12.0,13.0,19.0,21.0,46.0,15.0,"13,21",5.0,1.0,4.0,2.0,1.0,3.0,1.0,0.0,1.0,0.0,0.0,2.0,1111200.0,66.5,89110.0,168.0,9600.0,4341.2,640.0,5502.9,320.0,86124.3,40.0,47922981.0,9,,,,,,
19/024,2019-02-28,22.0,24.0,25.0,30.0,32.0,43.0,11.0,,2.0,4.0,2.0,4.0,0.0,0.0,4.0,1.0,1.0,1.0,22009110.0,2.5,978920.0,96.0,67980.0,182.0,9600.0,4328.9,640.0,6038.1,320.0,76690.1,40.0,50826751.0,22,,,,,,
19/025,2019-03-03,21.0,24.0,26.0,35.0,44.0,47.0,8.0,24,2.0,4.0,3.0,3.0,0.0,0.0,3.0,1.0,2.0,0.0,0.0,2.0,1009090.0,42.0,128130.0,156.5,9600.0,2480.0,640.0,4097.6,320.0,48721.4,40.0,39138745.0,21,,,,,,
19/026,2019-03-05,10.0,16.0,28.0,32.0,34.0,49.0,45.0,,2.0,4.0,1.0,5.0,1.0,1.0,1.0,2.0,1.0,1.0,14621280.0,1.0,2207090.0,61.5,95700.0,134.5,9600.0,3233.3,640.0,4274.5,320.0,64018.7,40.0,43441300.0,10,,,,,,
19/027,2019-03-07,8.0,15.0,17.0,23.0,39.0,44.0,40.0,,4.0,2.0,4.0,2.0,1.0,2.0,1.0,1.0,1.0,0.5,4000000.0,2.0,937540.0,52.0,96150.0,92.0,9600.0,2736.7,640.0,3115.7,320.0,54554.8,40.0,36205355.0,8,,,,,,
19/028,2019-03-09,13.0,32.0,34.0,35.0,41.0,46.0,30.0,,1.0,5.0,3.0,3.0,0.0,1.0,0.0,3.0,2.0,0.0,0.0,2.5,706320.0,72.0,65400.0,136.0,9600.0,3291.7,640.0,4187.4,320.0,52354.0,40.0,36634886.0,13,,,,,,
19/029,2019-03-12,6.0,21.0,27.0,33.0,38.0,47.0,46.0,,2.0,4.0,4.0,2.0,1.0,0.0,2.0,2.0,1.0,0.0,0.0,1.0,2197350.0,84.0,69750.0,167.5,9600.0,4398.5,640.0,4441.0,320.0,78946.9,40.0,46481276.0,6,,,,,,
19/030,2019-03-14,4.0,10.0,25.0,28.0,40.0,43.0,39.0,,2.0,4.0,2.0,4.0,2.0,0.0,2.0,1.0,1.0,1.0,23215520.0,8.0,305240.0,88.0,73990.0,158.5,9600.0,3710.7,640.0,4536.3,320.0,74193.4,40.0,48529402.0,4,,,,,,
19/031,2019-03-16,5.0,9.0,12.0,23.0,31.0,43.0,29.0,43,4.0,2.0,5.0,1.0,2.0,1.0,1.0,1.0,1.0,0.0,0.0,0.5,698350.0,107.5,34640.0,173.0,9600.0,4038.5,640.0,5235.3,320.0,67027.3,40.0,34878023.0,5,,,,,,
19/032,2019-03-19,4.0,18.0,23.0,38.0,40.0,46.0,15.0,23,3.0,3.0,1.0,5.0,1.0,1.0,1.0,2.0,1.0,0.5,7878470.0,2.0,1176430.0,57.0,110070.0,151.5,9600.0,3352.4,640.0,4207.4,320.0,64732.9,40.0,45875409.0,4,,,,,,
19/033,2019-03-21,7.0,12.0,22.0,32.0,37.0,45.0,47.0,,3.0,3.0,3.0,3.0,1.0,1.0,1.0,2.0,1.0,0.0,0.0,2.0,953700.0,95.5,53260.0,172.5,9600.0,3978.5,640.0,4941.5,320.0,73156.2,40.0,42006379.0,7,,,,,,
19/034,2019-03-23,10.0,11.0,15.0,39.0,46.0,49.0,21.0,,3.0,3.0,4.0,2.0,1.0,2.0,0.0,1.0,2.0,0.0,0.0,2.0,1067810.0,47.0,121170.0,183.5,9600.0,3242.7,640.0,5726.5,320.0,66681.9,40.0,44411661.0,10,,,,,,
19/035,2019-03-26,2.0,3.0,10.0,21.0,31.0,35.0,11.0,10,4.0,2.0,4.0,2.0,3.0,0.0,1.0,2.0,0.0,0.5,13367710.0,6.5,345010.0,76.0,78680.0,351.7,9600.0,4520.4,640.0,9468.0,320.0,86126.8,40.0,54025291.0,2,,,,,,
19/036,2019-03-28,3.0,5.0,17.0,23.0,41.0,44.0,40.0,3,4.0,2.0,5.0,1.0,2.0,1.0,1.0,0.0,2.0,0.0,0.0,3.0,792220.0,63.0,100600.0,137.5,9600.0,3446.0,640.0,4301.4,320.0,70721.1,40.0,46559924.0,3,,,,,,
19/037,2019-03-30,15.0,17.0,18.0,37.0,39.0,49.0,31.0,17,3.0,3.0,5.0,1.0,0.0,3.0,0.0,2.0,1.0,0.0,0.0,1.0,2414840.0,75.0,85860.0,182.0,9600.0,3551.4,640.0,4426.4,320.0,68127.2,40.0,47875528.0,15,,,,,,
19/038,2019-04-02,6.0,10.0,15.0,21.0,24.0,28.0,49.0,15,5.0,1.0,2.0,4.0,2.0,1.0,3.0,0.0,0.0,2.0,18427630.0,1.0,2278240.0,142.5,53290.0,232.0,9600.0,6290.2,640.0,6516.0,320.0,108683.9,40.0,62126741.0,6,,,,,,
19/039,2019-04-04,29.0,34.0,38.0,42.0,44.0,47.0,36.0,,0.0,6.0,2.0,4.0,0.0,0.0,1.0,2.0,3.0,0.0,0.0,1.0,1855930.0,40.5,122200.0,132.0,9600.0,2270.0,640.0,3693.9,320.0,45870.2,40.0,35802711.0,29,,,,,,
19/040,2019-04-06,8.0,21.0,34.0,37.0,41.0,45.0,49.0,34,2.0,4.0,4.0,2.0,1.0,0.0,1.0,2.0,2.0,0.0,0.0,0.5,1036595.0,48.5,113990.0,116.5,9600.0,2495.4,640.0,3621.0,320.0,49436.9,40.0,38962780.0,8,,,,,,
19/041,2019-04-09,3.0,14.0,17.0,23.0,32.0,43.0,36.0,,4.0,2.0,4.0,2.0,1.0,2.0,1.0,1.0,1.0,0.0,0.0,2.5,875720.0,125.5,46510.0,248.0,9600.0,5038.2,640.0,5741.0,320.0,85146.6,40.0,49790907.0,3,,,,,,
19/042,2019-04-11,6.0,18.0,32.0,38.0,41.0,45.0,33.0,32,2.0,4.0,2.0,4.0,1.0,1.0,0.0,2.0,2.0,0.0,0.0,3.5,723070.0,60.5,111540.0,203.9,9600.0,3979.0,640.0,6132.5,320.0,71949.7,40.0,51638562.0,6,,,,,,
19/043,2019-04-13,3.0,15.0,22.0,35.0,40.0,49.0,39.0,,3.0,3.0,4.0,2.0,1.0,1.0,1.0,2.0,1.0,0.0,0.0,0.0,0.0,75.5,88150.0,280.5,9600.0,4173.1,640.0,7483.3,320.0,81117.0,40.0,54237186.0,3,,,,,,
19/044,2019-04-16,11.0,20.0,30.0,32.0,33.0,43.0,34.0,,2.0,4.0,3.0,3.0,0.0,2.0,1.0,2.0,1.0,0.0,0.0,6.0,1165930.0,220.0,84790.0,659.5,9600.0,13852.7,640.0,19779.1,320.0,248635.2,40.0,153188091.0,11,,,,,,
19/045,2019-04-20,28.0,30.0,32.0,37.0,39.0,47.0,23.0,"30,32",0.0,6.0,3.0,3.0,0.0,0.0,2.0,3.0,1.0,0.5,56049805.0,7.5,1382780.0,283.0,97720.0,846.0,9600.0,15257.7,640.0,23845.2,320.0,291002.8,40.0,209508461.0,28,,,,,,
19/046,2019-04-25,11.0,13.0,18.0,21.0,28.0,34.0,19.0,28,4.0,2.0,3.0,3.0,0.0,3.0,2.0,1.0,0.0,1.5,50106390.0,6.5,979980.0,262.0,64830.0,667.0,9600.0,13334.9,640.0,18604.8,320.0,241892.0,40.0,143023921.0,11,,,,,,
19/047,2019-04-27,2.0,8.0,14.0,21.0,32.0,35.0,4.0,21,4.0,2.0,2.0,4.0,2.0,1.0,1.0,2.0,0.0,0.0,0.0,0.0,0.0,41.5,110980.0,146.8,9600.0,2879.0,640.0,4550.6,320.0,56352.0,40.0,36325619.0,2,,,,,,
19/048,2019-04-30,1.0,29.0,32.0,43.0,45.0,49.0,5.0,32,1.0,5.0,5.0,1.0,1.0,0.0,1.0,1.0,3.0,0.0,0.0,2.5,931580.0,59.0,105260.0,177.5,9600.0,4353.0,640.0,5628.5,320.0,80668.1,40.0,49221733.0,1,,,,,,
19/049,2019-05-02,1.0,6.0,19.0,23.0,45.0,47.0,49.0,"1,45",4.0,2.0,5.0,1.0,2.0,1.0,1.0,0.0,2.0,0.0,0.0,5.0,473000.0,68.5,92060.0,248.5,9600.0,4017.0,640.0,7372.5,320.0,79589.5,40.0,51528504.0,1,,,,,,
19/050,2019-05-04,6.0,13.0,19.0,20.0,24.0,35.0,43.0,"6,19",5.0,1.0,3.0,3.0,1.0,3.0,1.0,1.0,0.0,0.0,0.0,0.0,0.0,69.5,107020.0,186.0,9600.0,4882.0,640.0,5196.7,320.0,88574.5,40.0,56573717.0,6,,,,,,
19/051,2019-05-07,6.0,12.0,35.0,39.0,42.0,44.0,22.0,"6,35",2.0,4.0,2.0,4.0,1.0,1.0,0.0,2.0,2.0,0.0,0.0,1.5,2489190.0,78.5,126830.0,253.0,9600.0,4550.7,640.0,8045.7,320.0,92997.2,40.0,72202961.0,6,,,,,,
19/052,2019-05-09,3.0,4.0,5.0,24.0,29.0,32.0,2.0,,4.0,2.0,3.0,3.0,3.0,0.0,2.0,1.0,0.0,0.0,0.0,3.5,911520.0,138.0,61640.0,510.9,9600.0,7705.4,640.0,15768.4,320.0,139392.0,40.0,81166924.0,3,,,,,,
19/053,2019-05-14,10.0,12.0,14.0,30.0,37.0,41.0,5.0,,3.0,3.0,2.0,4.0,1.0,2.0,1.0,1.0,1.0,1.0,72889260.0,9.0,635210.0,193.0,78990.0,471.0,9600.0,9663.7,640.0,14525.9,320.0,181516.3,40.0,119440093.0,10,,,,,,
19/054,2019-05-16,1.0,4.0,7.0,23.0,37.0,38.0,34.0,37,4.0,2.0,4.0,2.0,3.0,0.0,1.0,2.0,0.0,0.0,0.0,2.0,748490.0,123.5,32320.0,165.5,9600.0,4638.9,640.0,4232.7,320.0,74802.0,40.0,36798568.0,1,,,,,,
19/055,2019-05-19,1.0,2.0,9.0,16.0,30.0,41.0,35.0,1,4.0,2.0,3.0,3.0,3.0,1.0,1.0,0.0,1.0,0.0,0.0,3.0,683700.0,92.0,59450.0,148.0,9600.0,4452.9,640.0,3961.4,320.0,80551.5,40.0,44049784.0,1,,,,,,
19/056,2019-05-21,4.0,7.0,21.0,24.0,35.0,41.0,18.0,41,4.0,2.0,4.0,2.0,2.0,0.0,2.0,1.0,1.0,0.0,0.0,0.5,1171160.0,75.0,83280.0,164.0,9600.0,4084.5,640.0,5155.3,320.0,78513.5,40.0,48404885.0,4,,,,,,
19/057,2019-05-23,11.0,13.0,14.0,17.0,33.0,43.0,27.0,,4.0,2.0,5.0,1.0,0.0,4.0,0.0,1.0,1.0,1.0,29224510.0,3.5,654570.0,117.5,51990.0,297.5,9600.0,5528.7,640.0,7548.6,320.0,98337.0,40.0,54680195.0,11,,,,,,
19/058,2019-05-25,12.0,14.0,23.0,30.0,40.0,48.0,1.0,14,3.0,3.0,1.0,5.0,0.0,2.0,2.0,1.0,1.0,0.0,0.0,1.0,1697140.0,46.0,98380.0,116.5,9600.0,2370.1,640.0,3799.8,320.0,48828.4,40.0,33773390.0,12,,,,,,
19/059,2019-05-28,22.0,29.0,37.0,42.0,45.0,49.0,47.0,,1.0,5.0,4.0,2.0,0.0,0.0,2.0,1.0,3.0,0.5,6997150.0,1.5,1332060.0,70.0,76110.0,263.5,9600.0,3466.5,640.0,5972.5,320.0,63861.6,40.0,44170262.0,22,,,,,,
19/060,2019-05-30,12.0,15.0,16.0,31.0,36.0,46.0,3.0,,3.0,3.0,2.0,4.0,0.0,3.0,0.0,2.0,1.0,0.0,0.0,1.0,1630860.0,118.0,36850.0,225.7,9600.0,5747.5,640.0,5850.7,320.0,73142.1,40.0,41834692.0,12,,,,,,
19/061,2019-06-01,3.0,13.0,19.0,23.0,35.0,43.0,26.0,,4.0,2.0,6.0,0.0,1.0,2.0,1.0,1.0,1.0,0.0,0.0,2.5,386400.0,252.0,19200.0,254.5,9600.0,10034.8,640.0,5226.3,320.0,88176.3,40.0,43755700.0,3,,,,,,
19/062,2019-06-04,16.0,21.0,24.0,28.0,37.0,40.0,48.0,,3.0,3.0,2.0,4.0,0.0,1.0,3.0,2.0,0.0,0.0,0.0,1.5,1813250.0,70.0,103610.0,167.5,9600.0,3714.3,640.0,5312.0,320.0,70622.5,40.0,52658818.0,16,,,,,,
19/063,2019-06-06,6.0,13.0,21.0,24.0,32.0,47.0,38.0,"21,24",4.0,2.0,3.0,3.0,1.0,1.0,2.0,1.0,1.0,0.0,0.0,2.0,1368120.0,94.0,77620.0,228.9,9600.0,4174.5,640.0,5983.8,320.0,81105.5,40.0,55692553.0,6,,,,,,
19/064,2019-06-09,3.0,8.0,24.0,27.0,28.0,49.0,44.0,24,3.0,3.0,3.0,3.0,2.0,0.0,3.0,0.0,1.0,0.5,19720365.0,1.0,2761510.0,125.5,58670.0,253.0,9600.0,6706.3,640.0,6567.5,320.0,118417.2,40.0,62574092.0,3,,,,,,
19/065,2019-06-11,8.0,19.0,20.0,21.0,25.0,37.0,13.0,8,4.0,2.0,4.0,2.0,1.0,2.0,2.0,1.0,0.0,0.5,13343770.0,1.0,2322390.0,72.5,85420.0,192.5,9600.0,3899.2,640.0,6645.8,320.0,77334.8,40.0,49217420.0,8,,,,,,
19/066,2019-06-13,3.0,6.0,21.0,31.0,33.0,38.0,45.0,21,3.0,3.0,4.0,2.0,2.0,0.0,1.0,3.0,0.0,0.0,0.0,2.0,1020220.0,73.5,74020.0,168.5,9600.0,4404.8,640.0,4714.5,320.0,81839.2,40.0,44754043.0,3,,,,,,
19/067,2019-06-15,7.0,8.0,17.0,30.0,42.0,44.0,24.0,,3.0,3.0,2.0,4.0,2.0,1.0,1.0,0.0,2.0,0.0,0.0,1.5,1483980.0,67.5,87930.0,205.0,9600.0,3948.2,640.0,6382.5,320.0,78077.5,40.0,48088558.0,7,,,,,,
19/068,2019-06-18,18.0,23.0,26.0,29.0,35.0,48.0,36.0,,2.0,4.0,3.0,3.0,0.0,1.0,3.0,1.0,1.0,0.0,0.0,4.5,550260.0,87.5,75460.0,307.0,9600.0,5710.0,640.0,7649.8,320.0,97816.0,40.0,57597729.0,18,,,,,,
19/069,2019-06-20,9.0,11.0,15.0,21.0,25.0,33.0,46.0,,4.0,2.0,6.0,0.0,1.0,2.0,2.0,1.0,0.0,0.5,20655760.0,3.5,737130.0,153.7,44760.0,265.0,9600.0,7352.8,640.0,7527.0,320.0,121626.1,40.0,61897105.0,9,,,,,,
19/070,2019-06-22,13.0,29.0,30.0,33.0,43.0,47.0,16.0,33,1.0,5.0,5.0,1.0,0.0,1.0,2.0,1.0,2.0,0.0,0.0,1.5,1508340.0,81.0,74480.0,192.5,9600.0,4650.0,640.0,4940.2,320.0,77312.0,40.0,48282428.0,13,,,,,,
19/071,2019-06-25,23.0,25.0,29.0,32.0,40.0,46.0,13.0,29,1.0,5.0,3.0,3.0,0.0,0.0,3.0,2.0,1.0,0.0,0.0,1.5,1838800.0,68.5,107370.0,268.5,9600.0,4368.4,640.0,6744.6,320.0,82971.3,40.0,57513294.0,23,,,,,,
19/072,2019-06-27,12.0,20.0,33.0,42.0,46.0,47.0,27.0,46,2.0,4.0,2.0,4.0,0.0,2.0,0.0,1.0,3.0,0.0,0.0,2.5,1301800.0,97.5,89010.0,230.0,9600.0,4361.5,640.0,6777.5,320.0,85645.3,40.0,63771451.0,12,,,,,,
19/073,2019-06-29,9.0,13.0,22.0,29.0,31.0,46.0,45.0,46,3.0,3.0,4.0,2.0,1.0,1.0,2.0,1.0,1.0,0.0,0.0,2.0,1686990.0,100.0,89970.0,279.0,9600.0,5804.5,640.0,7685.0,320.0,115514.0,40.0,70723992.0,9,,,,,,
19/074,2019-07-02,13.0,14.0,15.0,42.0,45.0,48.0,2.0,13,3.0,3.0,3.0,3.0,0.0,3.0,0.0,0.0,3.0,1.0,69037880.0,5.5,814200.0,92.5,129090.0,281.0,9600.0,5579.5,640.0,7886.5,320.0,112585.0,40.0,85374919.0,13,,,,,,
19/075,2019-07-04,1.0,2.0,12.0,15.0,24.0,44.0,14.0,15,5.0,1.0,2.0,4.0,2.0,2.0,1.0,0.0,1.0,0.0,0.0,3.5,403860.0,76.5,49270.0,191.0,9600.0,3835.4,640.0,5561.7,320.0,65618.9,40.0,35274402.0,1,,,,,,
19/076,2019-07-06,7.0,8.0,10.0,11.0,28.0,42.0,29.0,,4.0,2.0,2.0,4.0,3.0,1.0,1.0,0.0,1.0,1.0,11600520.0,10.0,120010.0,149.0,21470.0,363.9,9600.0,7329.1,640.0,7729.6,320.0,106097.7,40.0,40705997.0,7,,,,,,
19/077,2019-07-09,3.0,5.0,20.0,31.0,39.0,42.0,25.0,42,3.0,3.0,4.0,2.0,2.0,1.0,0.0,2.0,1.0,0.0,0.0,0.5,995115.0,39.5,134360.0,139.5,9600.0,2698.0,640.0,4239.6,320.0,54932.7,40.0,39259991.0,3,,,,,,
19/078,2019-07-11,3.0,6.0,26.0,27.0,32.0,49.0,29.0,3,2.0,4.0,3.0,3.0,2.0,0.0,2.0,1.0,1.0,0.0,0.0,1.0,1983270.0,68.2,77540.0,152.5,9600.0,3760.8,640.0,5199.2,320.0,74055.3,40.0,42641377.0,3,,,,,,
19/079,2019-07-13,12.0,14.0,32.0,35.0,38.0,46.0,16.0,32,2.0,4.0,1.0,5.0,0.0,2.0,0.0,3.0,1.0,0.0,0.0,4.0,592710.0,55.0,114950.0,160.5,9600.0,3251.0,640.0,4744.9,320.0,62495.0,40.0,46311996.0,12,,,,,,
19/080,2019-07-16,6.0,16.0,22.0,28.0,37.0,45.0,13.0,,3.0,3.0,2.0,4.0,1.0,1.0,2.0,1.0,1.0,0.0,0.0,1.5,1721370.0,102.5,67170.0,254.5,9600.0,4421.6,640.0,6583.3,320.0,84187.6,40.0,54932189.0,6,,,,,,
19/081,2019-07-18,2.0,4.0,8.0,11.0,17.0,31.0,19.0,,5.0,1.0,3.0,3.0,3.0,2.0,0.0,1.0,0.0,1.5,23564150.0,6.5,284230.0,183.0,26920.0,423.2,9600.0,7545.2,640.0,10065.5,320.0,118925.6,40.0,56304815.0,2,,,,,,
19/082,2019-07-20,26.0,27.0,30.0,33.0,44.0,47.0,37.0,,0.0,6.0,3.0,3.0,0.0,0.0,3.0,1.0,2.0,0.0,0.0,0.0,0.0,37.5,118910.0,140.0,9600.0,2392.0,640.0,3620.0,320.0,47017.1,40.0,33637960.0,26,,,,,,
19/083,2019-07-23,14.0,19.0,25.0,38.0,39.0,42.0,46.0,,2.0,4.0,3.0,3.0,0.0,2.0,1.0,2.0,1.0,0.0,0.0,0.0,0.0,63.5,93730.0,136.5,9600.0,3318.8,640.0,4865.0,320.0,63655.9,40.0,44240595.0,14,,,,,,
19/084,2019-07-25,7.0,10.0,11.0,16.0,18.0,35.0,43.0,,5.0,1.0,3.0,3.0,2.0,3.0,0.0,1.0,0.0,0.5,39164360.0,5.5,1110830.0,281.0,57970.0,531.0,9600.0,14976.0,640.0,15569.0,320.0,270405.6,40.0,139332117.0,7,,,,,,
19/085,2019-07-27,4.0,14.0,19.0,24.0,39.0,45.0,8.0,,4.0,2.0,3.0,3.0,1.0,2.0,1.0,1.0,1.0,1.0,48857920.0,3.0,1077060.0,95.0,90700.0,295.5,9600.0,5877.1,640.0,8753.2,320.0,103523.5,40.0,68910770.0,4,,,,,,
19/086,2019-07-30,3.0,16.0,19.0,22.0,41.0,44.0,29.0,19,4.0,2.0,3.0,3.0,1.0,2.0,1.0,0.0,2.0,0.0,0.0,1.0,2033230.0,34.5,157150.0,102.0,9600.0,2517.2,640.0,3302.4,320.0,48883.6,40.0,37958977.0,3,,,,,,
19/087,2019-08-01,13.0,18.0,20.0,21.0,43.0,49.0,30.0,,4.0,2.0,4.0,2.0,0.0,3.0,1.0,0.0,2.0,0.5,6621645.0,4.5,388390.0,62.0,75170.0,167.5,9600.0,3224.0,640.0,4379.8,320.0,58670.3,40.0,37451568.0,13,,,,,,
19/088,2019-08-03,23.0,24.0,27.0,28.0,37.0,43.0,16.0,43,2.0,4.0,4.0,2.0,0.0,0.0,4.0,1.0,1.0,0.0,0.0,1.0,1991680.0,49.5,107290.0,130.5,9600.0,3279.5,640.0,4063.2,320.0,60840.1,40.0,40141822.0,23,,,,,,
19/089,2019-08-06,5.0,6.0,15.0,21.0,22.0,37.0,36.0,37,5.0,1.0,4.0,2.0,2.0,1.0,2.0,1.0,0.0,0.0,0.0,2.0,1072770.0,79.0,72420.0,171.0,9600.0,4075.8,640.0,5598.9,320.0,74627.8,40.0,45824552.0,5,,,,,,
19/090,2019-08-08,8.0,9.0,19.0,25.0,30.0,44.0,37.0,,3.0,3.0,3.0,3.0,2.0,1.0,2.0,0.0,1.0,0.0,0.0,2.5,798030.0,157.0,33880.0,205.5,9600.0,6756.3,640.0,5671.6,320.0,110628.6,40.0,50283064.0,8,,,,,,
19/091,2019-08-10,15.0,22.0,42.0,44.0,48.0,49.0,6.0,44,2.0,4.0,2.0,4.0,0.0,1.0,1.0,0.0,4.0,0.0,0.0,0.0,0.0,64.0,111510.0,176.0,9600.0,4174.5,640.0,5554.5,320.0,73886.0,40.0,53151958.0,15,,,,,,
19/092,2019-08-13,10.0,14.0,16.0,29.0,30.0,43.0,11.0,,3.0,3.0,2.0,4.0,1.0,2.0,2.0,0.0,1.0,0.5,22107275.0,5.0,566000.0,145.5,51860.0,392.5,9600.0,6548.6,640.0,10029.9,320.0,109309.6,40.0,67173592.0,10,,,,,,
19/093,2019-08-15,2.0,13.0,23.0,35.0,38.0,46.0,17.0,,3.0,3.0,3.0,3.0,1.0,1.0,1.0,2.0,1.0,0.5,14448210.0,3.5,646580.0,142.0,42490.0,302.5,9600.0,5754.0,640.0,6946.0,320.0,88393.7,40.0,53563246.0,2,,,,,,
19/094,2019-08-17,4.0,9.0,20.0,26.0,32.0,44.0,11.0,,3.0,3.0,1.0,5.0,2.0,1.0,1.0,1.0,1.0,1.0,20469990.0,0.7,1967114.8,73.0,73320.0,188.0,9600.0,4105.5,640.0,6417.1,320.0,72364.3,40.0,44602900.0,4,,,,,,
19/095,2019-08-20,12.0,15.0,16.0,23.0,32.0,35.0,2.0,32,4.0,2.0,3.0,3.0,0.0,3.0,1.0,2.0,0.0,0.0,0.0,2.0,878660.0,79.0,59310.0,156.5,9600.0,3394.7,640.0,5091.2,320.0,61888.4,40.0,38247961.0,12,,,,,,
19/096,2019-08-22,1.0,4.0,5.0,6.0,42.0,43.0,8.0,,4.0,2.0,3.0,3.0,4.0,0.0,0.0,0.0,2.0,0.0,0.0,7.5,163830.0,85.0,38550.0,495.7,9600.0,6098.5,640.0,10603.4,320.0,72931.9,40.0,41676385.0,1,,,,,,
19/097,2019-08-24,1.0,10.0,21.0,31.0,47.0,49.0,13.0,1,3.0,3.0,5.0,1.0,2.0,0.0,1.0,1.0,2.0,1.0,17193110.0,0.5,917790.0,83.5,58620.0,179.0,9600.0,4662.0,640.0,5162.2,320.0,72625.2,40.0,42049085.0,1,,,,,,
19/098,2019-08-27,6.0,18.0,29.0,33.0,43.0,46.0,16.0,,2.0,4.0,3.0,3.0,1.0,1.0,1.0,1.0,2.0,0.0,0.0,3.5,489370.0,64.0,71360.0,176.0,9600.0,3153.5,640.0,5493.8,320.0,58210.4,40.0,37671120.0,6,,,,,,
19/099,2019-08-29,8.0,24.0,26.0,37.0,38.0,44.0,18.0,,2.0,4.0,1.0,5.0,1.0,0.0,2.0,2.0,1.0,0.0,0.0,0.0,0.0,81.5,58960.0,198.5,9600.0,3878.0,640.0,5693.7,320.0,68840.3,40.0,41045851.0,8,,,,,,
19/100,2019-08-31,1.0,6.0,14.0,24.0,32.0,44.0,5.0,"24,44",4.0,2.0,1.0,5.0,2.0,1.0,1.0,1.0,1.0,0.0,0.0,2.0,1016770.0,73.0,74280.0,168.0,9600.0,4181.8,640.0,5823.0,320.0,72398.9,40.0,44345050.0,1,,,,,,
19/101,2019-09-03,2.0,8.0,17.0,24.0,27.0,39.0,10.0,24,4.0,2.0,3.0,3.0,2.0,1.0,2.0,1.0,0.0,0.0,0.0,0.5,1176390.0,74.5,84210.0,255.9,9600.0,4665.4,640.0,7528.9,320.0,90472.3,40.0,53161464.0,2,,,,,,
19/102,2019-09-05,3.0,4.0,18.0,29.0,41.0,44.0,39.0,,3.0,3.0,3.0,3.0,2.0,1.0,1.0,0.0,2.0,1.0,38053270.0,1.0,2836580.0,75.0,100850.0,175.0,9600.0,4278.0,640.0,5045.2,320.0,84613.8,40.0,55921774.0,3,,,,,,
19/103,2019-09-07,7.0,8.0,12.0,25.0,43.0,45.0,13.0,,3.0,3.0,4.0,2.0,2.0,1.0,1.0,0.0,2.0,0.0,0.0,3.0,411060.0,58.5,56210.0,245.0,9600.0,3992.7,640.0,5865.6,320.0,71088.5,40.0,34559909.0,7,,,,,,
19/104,2019-09-10,11.0,12.0,13.0,28.0,43.0,49.0,47.0,"12,43",3.0,3.0,4.0,2.0,0.0,3.0,1.0,0.0,2.0,0.5,40743080.0,7.0,1023150.0,293.5,65070.0,774.5,9600.0,14966.5,640.0,17831.5,320.0,274788.1,40.0,159593779.0,11,,,,,,
19/105,2019-09-12,5.0,23.0,24.0,25.0,31.0,33.0,7.0,,3.0,3.0,5.0,1.0,1.0,0.0,3.0,2.0,0.0,1.0,51826970.0,1.5,2463080.0,176.5,55820.0,428.5,9600.0,8543.6,640.0,11896.6,320.0,146997.9,40.0,85805994.0,5,,,,,,
19/106,2019-09-14,1.0,4.0,7.0,12.0,19.0,28.0,43.0,,5.0,1.0,3.0,3.0,3.0,2.0,1.0,0.0,0.0,2.5,3200000.0,0.5,92670.0,291.7,19200.0,163.0,9600.0,8705.9,640.0,3876.5,320.0,98209.9,40.0,34151015.0,1,,,,,,
19/107,2019-09-17,12.0,20.0,22.0,26.0,30.0,36.0,2.0,12,3.0,3.0,0.0,6.0,0.0,2.0,3.0,1.0,0.0,0.0,0.0,4.5,340800.0,87.5,46730.0,260.7,9600.0,4119.0,640.0,6130.5,320.0,68394.4,40.0,39022038.0,12,,,,,,
19/108,2019-09-19,8.0,17.0,34.0,39.0,42.0,44.0,7.0,,2.0,4.0,2.0,4.0,1.0,1.0,0.0,2.0,2.0,1.5,9528260.0,1.0,2097460.0,66.5,84100.0,173.5,9600.0,3340.0,640.0,4834.4,320.0,62998.9,40.0,43030039.0,8,,,,,,
19/109,2019-09-22,3.0,28.0,39.0,40.0,42.0,44.0,37.0,"39,42,44",1.0,5.0,2.0,4.0,1.0,0.0,1.0,2.0,2.0,0.0,0.0,0.0,0.0,49.0,106880.0,106.5,9600.0,2369.0,640.0,2913.6,320.0,46540.2,40.0,36520954.0,3,,,,,,
19/110,2019-09-24,6.0,17.0,44.0,45.0,46.0,49.0,41.0,44,2.0,4.0,3.0,3.0,1.0,1.0,0.0,0.0,4.0,0.0,0.0,0.0,0.0,50.5,107760.0,201.0,9600.0,4264.5,640.0,4775.0,320.0,62833.0,40.0,43799501.0,6,,,,,,
19/111,2019-09-26,2.0,3.0,11.0,20.0,27.0,46.0,4.0,46,4.0,2.0,3.0,3.0,2.0,2.0,1.0,0.0,1.0,0.0,0.0,5.0,435610.0,78.0,74460.0,285.5,9600.0,4469.1,640.0,7859.8,320.0,79701.8,40.0,50482820.0,2,,,,,,
19/112,2019-09-29,2.0,3.0,7.0,10.0,18.0,48.0,33.0,"2,3",5.0,1.0,2.0,4.0,4.0,1.0,0.0,0.0,1.0,0.0,0.0,1.5,1506440.0,156.5,38500.0,294.5,9600.0,7560.6,640.0,7980.2,320.0,126021.5,40.0,58916367.0,2,,,,,,
19/113,2019-10-03,1.0,12.0,13.0,15.0,19.0,45.0,44.0,,5.0,1.0,5.0,1.0,1.0,4.0,0.0,0.0,1.0,0.0,0.0,3.5,885170.0,127.0,65050.0,279.5,9600.0,7582.6,640.0,7903.0,320.0,132549.3,40.0,70488672.0,1,,,,,,
19/114,2019-10-08,13.0,23.0,35.0,36.0,43.0,47.0,16.0,13,2.0,4.0,5.0,1.0,0.0,1.0,1.0,2.0,2.0,0.0,0.0,2.0,1727070.0,149.0,61810.0,367.0,9600.0,7905.2,640.0,10131.0,320.0,130838.0,40.0,78450179.0,13,,,,,,
19/115,2019-10-13,10.0,16.0,27.0,29.0,37.0,42.0,44.0,,2.0,4.0,3.0,3.0,1.0,1.0,2.0,1.0,1.0,0.0,0.0,4.5,1130870.0,147.0,92310.0,359.0,9600.0,7660.2,640.0,10131.5,320.0,149952.6,40.0,101612510.0,10,,,,,,
19/116,2019-10-17,14.0,18.0,19.0,21.0,45.0,47.0,49.0,,4.0,2.0,4.0,2.0,0.0,3.0,1.0,0.0,2.0,2.0,42731540.0,6.0,1061030.0,181.5,93530.0,460.5,9600.0,8943.0,640.0,14380.5,320.0,176372.4,40.0,126740567.0,14,,,,,,
19/117,2019-10-19,1.0,6.0,19.0,22.0,42.0,44.0,25.0,19,4.0,2.0,2.0,4.0,2.0,1.0,1.0,0.0,2.0,0.0,0.0,0.5,811875.0,59.5,72770.0,105.0,9600.0,3118.2,640.0,3380.2,320.0,60394.3,40.0,34067945.0,1,,,,,,
19/118,2019-10-22,1.0,6.0,11.0,31.0,41.0,47.0,32.0,"1,6",3.0,3.0,5.0,1.0,2.0,1.0,0.0,1.0,2.0,0.0,0.0,1.0,1932660.0,234.0,22020.0,194.0,9600.0,6866.2,640.0,4515.2,320.0,78710.4,40.0,46312559.0,1,,,,,,
19/119,2019-10-24,7.0,10.0,16.0,23.0,27.0,34.0,24.0,,4.0,2.0,3.0,3.0,2.0,1.0,2.0,1.0,0.0,0.5,10348900.0,3.5,579800.0,103.0,52530.0,232.5,9600.0,5314.8,640.0,7698.0,320.0,92147.0,40.0,49350847.0,7,,,,,,
19/120,2019-10-26,1.0,17.0,24.0,30.0,40.0,49.0,48.0,,3.0,3.0,3.0,3.0,1.0,1.0,2.0,1.0,1.0,1.0,16070680.0,4.5,423830.0,64.0,79460.0,201.5,9600.0,4227.5,640.0,5955.5,320.0,67017.6,40.0,42961269.0,1,,,,,,
19/121,2019-10-29,2.0,10.0,13.0,19.0,20.0,24.0,17.0,24,6.0,0.0,2.0,4.0,2.0,3.0,1.0,0.0,0.0,0.0,0.0,6.0,874550.0,310.5,45060.0,720.9,9600.0,16501.5,640.0,16631.7,320.0,251547.9,40.0,132051302.0,2,,,,,,
19/122,2019-11-02,13.0,15.0,25.0,30.0,40.0,46.0,26.0,13,2.0,4.0,3.0,3.0,0.0,2.0,2.0,1.0,1.0,0.0,0.0,9.0,841640.0,210.0,96180.0,571.5,9600.0,11795.2,640.0,16433.1,320.0,217457.9,40.0,152750657.0,13,,,,,,
19/123,2019-11-07,7.0,20.0,30.0,33.0,34.0,44.0,46.0,30,2.0,4.0,2.0,4.0,1.0,1.0,1.0,2.0,1.0,3.0,45319750.0,8.0,1562200.0,473.5,70380.0,1126.0,9600.0,25307.7,640.0,29895.5,320.0,444800.0,40.0,270227069.0,7,,,,,,
19/124,2019-11-10,6.0,17.0,18.0,23.0,31.0,46.0,44.0,,4.0,2.0,3.0,3.0,1.0,2.0,1.0,1.0,1.0,0.0,0.0,0.5,918975.0,47.0,104280.0,127.5,9600.0,2845.4,640.0,3285.0,320.0,56474.9,40.0,36703959.0,6,,,,,,
19/125,2019-11-14,2.0,3.0,13.0,18.0,31.0,49.0,14.0,"18,31",4.0,2.0,4.0,2.0,2.0,2.0,0.0,1.0,1.0,0.0,0.0,1.0,2170210.0,76.5,75650.0,163.0,9600.0,3962.9,640.0,5082.1,320.0,78414.7,40.0,45857254.0,2,,,,,,
19/126,2019-11-16,10.0,23.0,28.0,39.0,44.0,47.0,13.0,,2.0,4.0,3.0,3.0,1.0,0.0,2.0,1.0,2.0,0.5,10976475.0,1.0,2174440.0,58.5,99120.0,207.5,9600.0,3347.5,640.0,4956.2,320.0,63369.0,40.0,44787343.0,10,,,,,,
19/127,2019-11-19,1.0,4.0,12.0,13.0,24.0,42.0,48.0,,5.0,1.0,2.0,4.0,2.0,2.0,1.0,0.0,1.0,0.0,0.0,2.5,705850.0,115.0,40910.0,208.5,9600.0,6015.1,640.0,5548.5,320.0,95996.8,40.0,45174770.0,1,,,,,,
19/128,2019-11-21,3.0,4.0,5.0,10.0,35.0,38.0,7.0,4,4.0,2.0,3.0,3.0,4.0,0.0,0.0,2.0,0.0,0.0,0.0,3.0,533830.0,79.5,53710.0,445.0,9600.0,5570.7,640.0,11547.2,320.0,96063.4,40.0,50199159.0,3,,,,,,
19/129,2019-11-24,1.0,20.0,28.0,30.0,35.0,46.0,15.0,35,2.0,4.0,2.0,4.0,1.0,1.0,2.0,1.0,1.0,0.0,0.0,2.0,1407040.0,61.0,123020.0,181.5,9600.0,4116.4,640.0,6062.9,320.0,86194.7,40.0,56260824.0,1,,,,,,
19/130,2019-11-26,5.0,9.0,15.0,25.0,42.0,45.0,38.0,,3.0,3.0,5.0,1.0,2.0,1.0,1.0,0.0,2.0,0.0,0.0,4.5,534710.0,233.5,27480.0,352.7,9600.0,9915.3,640.0,7140.5,320.0,103700.1,40.0,62579159.0,5,,,,,,
19/131,2019-11-28,22.0,23.0,29.0,36.0,41.0,44.0,2.0,,2.0,4.0,3.0,3.0,0.0,0.0,3.0,1.0,2.0,0.5,23554880.0,1.5,2305310.0,136.5,67550.0,255.0,9600.0,6352.4,640.0,7980.9,320.0,113610.4,40.0,72120258.0,22,,,,,,
19/132,2019-11-30,1.0,10.0,18.0,24.0,40.0,49.0,7.0,,4.0,2.0,2.0,4.0,2.0,1.0,1.0,1.0,1.0,1.0,28543660.0,9.5,175040.0,214.0,20720.0,553.0,9600.0,8994.2,640.0,12034.7,320.0,113770.4,40.0,56401001.0,1,,,,,,
19/133,2019-12-03,1.0,15.0,23.0,29.0,45.0,47.0,6.0,1,3.0,3.0,6.0,0.0,1.0,1.0,2.0,0.0,2.0,0.0,0.0,2.0,953390.0,42.5,119640.0,159.5,9600.0,3112.0,640.0,4423.1,320.0,55792.6,40.0,39146475.0,1,,,,,,
19/134,2019-12-05,2.0,6.0,8.0,16.0,23.0,31.0,1.0,23,5.0,1.0,2.0,4.0,3.0,1.0,1.0,1.0,0.0,0.0,0.0,2.5,493950.0,110.0,29930.0,458.0,9600.0,5823.0,640.0,10917.1,320.0,88822.5,40.0,41883295.0,2,,,,,,
19/135,2019-12-07,14.0,25.0,26.0,30.0,32.0,47.0,4.0,,1.0,5.0,2.0,4.0,0.0,1.0,3.0,1.0,1.0,0.0,0.0,0.0,0.0,58.0,103250.0,173.7,9600.0,3288.0,640.0,4701.6,320.0,62208.9,40.0,44848278.0,14,,,,,,
19/136,2019-12-10,5.0,6.0,11.0,12.0,28.0,35.0,17.0,,4.0,2.0,3.0,3.0,2.0,2.0,1.0,1.0,0.0,0.0,0.0,4.5,390300.0,185.5,25240.0,432.0,9600.0,8426.2,640.0,9561.2,320.0,126861.4,40.0,56557805.0,5,,,,,,
19/137,2019-12-12,6.0,21.0,32.0,35.0,39.0,49.0,15.0,"6,35",2.0,4.0,4.0,2.0,1.0,0.0,1.0,3.0,1.0,0.0,0.0,1.0,3103360.0,71.0,116550.0,202.0,9600.0,4307.1,640.0,5572.9,320.0,81581.5,40.0,60143755.0,6,,,,,,
19/138,2019-12-14,2.0,4.0,6.0,8.0,28.0,29.0,5.0,6,4.0,2.0,1.0,5.0,4.0,0.0,2.0,0.0,0.0,5.5,6886530.0,22.0,39520.0,478.0,19200.0,1384.2,9600.0,12944.3,640.0,21544.3,320.0,138949.1,40.0,64385671.0,2,,,,,,
19/139,2019-12-17,3.0,20.0,23.0,30.0,34.0,41.0,47.0,,3.0,3.0,3.0,3.0,1.0,1.0,2.0,1.0,1.0,0.0,0.0,1.0,1987590.0,42.5,124710.0,122.0,9600.0,2909.1,640.0,3478.5,320.0,61235.1,40.0,39179095.0,3,,,,,,
19/140,2019-12-19,22.0,24.0,28.0,31.0,35.0,39.0,12.0,,2.0,4.0,3.0,3.0,0.0,0.0,3.0,3.0,0.0,0.0,0.0,0.5,1053375.0,61.0,92090.0,172.7,9600.0,3193.5,640.0,5476.1,320.0,60807.0,40.0,43186166.0,22,,,,,,
19/141,2019-12-22,11.0,22.0,24.0,26.0,41.0,42.0,2.0,"22,24",3.0,3.0,2.0,4.0,0.0,1.0,3.0,0.0,2.0,0.0,0.0,3.0,832790.0,74.5,89420.0,229.5,9600.0,4017.0,640.0,6521.7,320.0,77461.2,40.0,52338095.0,11,,,,,,
19/142,2019-12-24,5.0,11.0,14.0,23.0,30.0,32.0,20.0,11,4.0,2.0,3.0,3.0,1.0,2.0,2.0,1.0,0.0,1.0,30307270.0,2.0,1239740.0,129.4,51090.0,280.5,9600.0,5637.3,640.0,7323.6,320.0,94437.0,40.0,56641726.0,5,,,,,,
19/143,2019-12-28,1.0,22.0,25.0,27.0,31.0,36.0,47.0,,2.0,4.0,4.0,2.0,1.0,0.0,3.0,2.0,0.0,1.0,8000000.0,2.0,1042650.0,50.0,111210.0,149.0,9600.0,3499.2,640.0,4142.5,320.0,68299.9,40.0,42600865.0,1,,,,,,
19/144,2019-12-31,5.0,10.0,18.0,20.0,28.0,33.0,17.0,,4.0,2.0,2.0,4.0,2.0,2.0,1.0,1.0,0.0,0.0,0.0,1.5,1029510.0,99.5,41380.0,224.5,9600.0,5415.3,640.0,5874.8,320.0,89202.8,40.0,41448970.0,5,,,,,,
20/001,2020-01-02,15.0,17.0,29.0,30.0,34.0,37.0,40.0,,2.0,4.0,4.0,2.0,0.0,2.0,2.0,2.0,0.0,0.0,0.0,6.0,925910.0,184.5,80290.0,396.5,9600.0,8680.5,640.0,12376.0,320.0,166014.5,40.0,112337702.0,15,,,,,,
20/002,2020-01-07,1.0,24.0,25.0,27.0,31.0,37.0,8.0,37,2.0,4.0,5.0,1.0,1.0,0.0,3.0,2.0,0.0,0.0,0.0,4.5,1327140.0,188.5,84480.0,516.0,9600.0,11376.6,640.0,15982.7,320.0,204804.9,40.0,128320773.0,1,,,,,,
20/003,2020-01-12,5.0,17.0,35.0,37.0,42.0,49.0,39.0,37,2.0,4.0,5.0,1.0,1.0,1.0,0.0,2.0,2.0,0.0,0.0,6.5,1193790.0,212.0,97600.0,553.5,9600.0,11671.0,640.0,16557.2,320.0,226151.2,40.0,155508613.0,5,,,,,,
20/004,2020-01-16,2.0,20.0,24.0,30.0,32.0,46.0,1.0,,3.0,3.0,0.0,6.0,1.0,1.0,2.0,1.0,1.0,2.0,65041090.0,7.5,1520900.0,401.0,75850.0,1139.0,9600.0,22665.7,640.0,34455.1,320.0,411196.4,40.0,252741025.0,2,,,,,,
20/005,2020-01-18,18.0,29.0,32.0,33.0,36.0,40.0,38.0,32,1.0,5.0,2.0,4.0,0.0,1.0,1.0,4.0,0.0,0.0,0.0,3.0,607520.0,48.0,101250.0,176.5,9600.0,2891.6,640.0,4765.4,320.0,53950.9,40.0,38111373.0,18,,,,,,
20/006,2020-01-21,11.0,14.0,21.0,28.0,37.0,44.0,36.0,,3.0,3.0,3.0,3.0,0.0,2.0,2.0,1.0,1.0,0.0,0.0,4.0,624040.0,78.0,85330.0,208.0,9600.0,4479.0,640.0,5050.6,320.0,85123.8,40.0,52169435.0,11,,,,,,
20/007,2020-01-23,2.0,11.0,13.0,45.0,46.0,49.0,42.0,11,3.0,3.0,4.0,2.0,1.0,2.0,0.0,0.0,3.0,0.0,0.0,1.5,1932270.0,72.5,106600.0,195.5,9600.0,4135.5,640.0,5240.0,320.0,83056.3,40.0,56956207.0,2,,,,,,
20/008,2020-02-01,3.0,5.0,30.0,31.0,43.0,48.0,13.0,,2.0,4.0,4.0,2.0,2.0,0.0,1.0,1.0,2.0,1.5,38895010.0,5.0,1356160.0,225.5,80180.0,746.5,9600.0,12442.5,640.0,20421.0,320.0,239830.4,40.0,149877805.0,3,,,,,,
20/009,2020-09-24,11.0,24.0,26.0,35.0,42.0,44.0,20.0,,2.0,4.0,2.0,4.0,0.0,1.0,2.0,1.0,2.0,1.0,8000000.0,1.0,2353760.0,62.5,100420.0,134.0,9600.0,3159.1,640.0,4359.0,320.0,62018.4,40.0,45236174.0,11,,,,,,
20/010,2020-09-29,9.0,21.0,26.0,27.0,28.0,48.0,45.0,26,2.0,4.0,3.0,3.0,1.0,0.0,4.0,0.0,1.0,0.0,0.0,0.0,0.0,44.5,92770.0,83.5,9600.0,3026.2,640.0,2792.0,320.0,56603.4,40.0,31922174.0,9,,,,,,
20/011,2020-10-08,21.0,28.0,33.0,34.0,40.0,47.0,49.0,"21,28",1.0,5.0,3.0,3.0,0.0,0.0,2.0,3.0,1.0,1.0,16196490.0,1.0,2216100.0,58.0,101880.0,117.5,9600.0,2416.5,640.0,3921.5,320.0,48896.3,40.0,40963844.0,21,,,,,,
20/012,2020-10-15,9.0,26.0,28.0,33.0,38.0,46.0,44.0,"28,33",1.0,5.0,2.0,4.0,1.0,0.0,2.0,2.0,1.0,0.0,0.0,2.0,683380.0,54.0,67490.0,153.5,9600.0,3239.6,640.0,3705.0,320.0,56959.1,40.0,31525574.0,9,,,,,,
20/013,2020-10-22,1.0,13.0,19.0,24.0,29.0,45.0,26.0,,4.0,2.0,5.0,1.0,1.0,2.0,2.0,0.0,1.0,0.0,0.0,1.5,1453390.0,107.0,54330.0,161.0,9600.0,4671.9,640.0,4873.9,320.0,81550.0,40.0,46904829.0,1,,,,,,
20/014,2020-10-29,6.0,11.0,33.0,38.0,40.0,43.0,2.0,,2.0,4.0,3.0,3.0,1.0,1.0,0.0,3.0,1.0,0.5,11004180.0,3.0,829780.0,74.0,89700.0,178.5,9600.0,4412.0,640.0,5594.4,320.0,84367.7,40.0,51739483.0,6,,,,,,
20/015,2020-11-06,11.0,17.0,35.0,36.0,38.0,40.0,6.0,"11,38,40",2.0,4.0,3.0,3.0,0.0,2.0,0.0,4.0,0.0,0.0,0.0,1.0,2706510.0,71.0,101650.0,196.5,9600.0,4054.1,640.0,7024.5,320.0,76561.9,40.0,54850509.0,11,,,,,,
20/016,2020-11-10,13.0,15.0,25.0,28.0,45.0,49.0,24.0,,2.0,4.0,5.0,1.0,0.0,2.0,2.0,0.0,2.0,0.0,0.0,2.5,912940.0,84.0,72450.0,235.0,9600.0,4551.5,640.0,6080.7,320.0,78003.4,40.0,49917600.0,13,,,,,,
20/017,2020-11-13,6.0,15.0,17.0,18.0,28.0,47.0,32.0,"15,28",4.0,2.0,3.0,3.0,1.0,3.0,1.0,0.0,1.0,0.0,0.0,2.5,1065440.0,95.0,74760.0,227.0,9600.0,4854.5,640.0,6278.8,320.0,92604.5,40.0,56505771.0,6,,,,,,
20/018,2020-11-17,13.0,19.0,20.0,21.0,33.0,49.0,45.0,,4.0,2.0,5.0,1.0,0.0,3.0,1.0,1.0,1.0,0.0,0.0,3.0,945850.0,124.0,61020.0,306.5,9600.0,6664.5,640.0,7925.5,320.0,113656.1,40.0,64959292.0,13,,,,,,
20/019,2020-11-20,22.0,25.0,30.0,33.0,34.0,43.0,24.0,33,1.0,5.0,3.0,3.0,0.0,0.0,3.0,2.0,1.0,1.0,52526520.0,6.5,515490.0,142.5,62700.0,433.5,9600.0,6653.0,640.0,10638.2,320.0,119711.9,40.0,76221844.0,22,,,,,,
20/020,2020-11-24,7.0,12.0,16.0,22.0,45.0,47.0,25.0,22,4.0,2.0,3.0,3.0,1.0,2.0,1.0,0.0,2.0,0.0,0.0,1.0,1802750.0,47.0,102280.0,144.0,9600.0,2927.5,640.0,4083.2,320.0,57836.0,40.0,37190857.0,7,,,,,,
20/021,2020-11-27,5.0,12.0,13.0,23.0,27.0,38.0,39.0,12,4.0,2.0,4.0,2.0,1.0,2.0,2.0,1.0,0.0,0.0,0.0,2.0,649670.0,77.4,44760.0,180.5,9600.0,4096.6,640.0,4418.5,320.0,69587.9,40.0,33465077.0,5,,,,,,
20/022,2020-12-01,24.0,27.0,29.0,31.0,42.0,47.0,22.0,27,1.0,5.0,4.0,2.0,0.0,0.0,3.0,1.0,2.0,0.0,0.0,2.0,894640.0,36.0,132540.0,104.5,9600.0,1987.5,640.0,2964.7,320.0,41335.4,40.0,33306904.0,24,,,,,,
20/023,2020-12-04,11.0,13.0,19.0,38.0,39.0,41.0,47.0,,3.0,3.0,5.0,1.0,0.0,3.0,0.0,2.0,1.0,1.0,22100500.0,3.0,537170.0,84.5,50850.0,97.0,9600.0,3238.5,640.0,3080.5,320.0,57541.7,40.0,33513419.0,11,,,,,,
20/024,2020-12-08,7.0,32.0,34.0,35.0,48.0,49.0,23.0,,1.0,5.0,3.0,3.0,1.0,0.0,0.0,3.0,2.0,0.0,0.0,0.0,0.0,44.5,73310.0,88.5,9600.0,1751.5,640.0,3135.2,320.0,33932.9,40.0,24618411.0,7,,,,,,
20/025,2020-12-11,1.0,11.0,23.0,29.0,41.0,46.0,44.0,,3.0,3.0,5.0,1.0,1.0,1.0,2.0,0.0,2.0,1.0,13089780.0,0.5,644390.0,33.5,102590.0,98.0,9600.0,2455.6,640.0,3091.0,320.0,46635.4,40.0,27423312.0,1,,,,,,
20/026,2020-12-15,2.0,11.0,13.0,20.0,21.0,33.0,14.0,11,5.0,1.0,4.0,2.0,1.0,3.0,1.0,1.0,0.0,1.0,8000000.0,3.5,245280.0,100.0,22890.0,121.5,9600.0,3517.0,640.0,3497.8,320.0,54750.5,40.0,24103839.0,2,,,,,,
20/027,2020-12-18,8.0,11.0,12.0,23.0,34.0,49.0,28.0,11,4.0,2.0,3.0,3.0,1.0,2.0,1.0,1.0,1.0,0.0,0.0,1.0,766250.0,64.0,31920.0,149.0,9600.0,2917.9,640.0,4091.9,320.0,48694.0,40.0,22534419.0,8,,,,,,
20/028,2020-12-22,11.0,20.0,36.0,37.0,39.0,48.0,21.0,11,2.0,4.0,3.0,3.0,0.0,2.0,0.0,3.0,1.0,0.0,0.0,1.0,1414530.0,30.0,125730.0,85.5,9600.0,1446.2,640.0,2327.2,320.0,31431.5,40.0,26131837.0,11,,,,,,
20/029,2020-12-25,14.0,18.0,24.0,27.0,28.0,41.0,45.0,,3.0,3.0,2.0,4.0,0.0,2.0,3.0,0.0,1.0,0.0,0.0,0.0,0.0,39.5,103500.0,63.5,9600.0,2158.2,640.0,2878.7,320.0,45428.5,40.0,29557188.0,14,,,,,,
20/030,2020-12-29,10.0,11.0,24.0,39.0,41.0,42.0,22.0,"24,41",3.0,3.0,3.0,3.0,1.0,1.0,1.0,1.0,2.0,0.0,0.0,4.0,427430.0,51.0,89390.0,130.5,9600.0,2675.5,640.0,3834.7,320.0,52970.7,40.0,34882554.0,10,,,,,,
21/001,2021-01-02,3.0,9.0,14.0,21.0,45.0,46.0,34.0,,4.0,2.0,4.0,2.0,2.0,1.0,1.0,0.0,2.0,0.5,14765660.0,0.5,1004335.0,46.0,116440.0,114.5,9600.0,2723.5,640.0,3602.5,320.0,54484.5,40.0,38685150.0,3,,,,,,
21/002,2021-01-05,22.0,24.0,30.0,36.0,38.0,46.0,33.0,46,2.0,4.0,0.0,6.0,0.0,0.0,3.0,2.0,1.0,0.0,0.0,2.5,644110.0,36.5,117640.0,156.2,9600.0,2290.7,640.0,4542.6,320.0,44906.1,40.0,33356224.0,22,,,,,,
21/003,2021-01-08,5.0,19.0,29.0,32.0,33.0,34.0,43.0,,2.0,4.0,4.0,2.0,1.0,1.0,1.0,3.0,0.0,0.0,0.0,2.0,817950.0,51.5,84700.0,137.5,9600.0,2874.5,640.0,4253.0,320.0,55168.5,40.0,34652069.0,5,,,,,,
21/004,2021-01-12,5.0,19.0,22.0,26.0,35.0,40.0,2.0,"5,19",3.0,3.0,3.0,3.0,1.0,1.0,2.0,2.0,0.0,0.5,15843325.0,0.0,0.0,63.0,87160.0,94.5,9600.0,2742.8,640.0,4024.1,320.0,53205.2,40.0,39195164.0,5,,,,,,
21/005,2021-01-15,4.0,24.0,39.0,41.0,42.0,45.0,6.0,,2.0,4.0,3.0,3.0,1.0,0.0,1.0,1.0,3.0,0.0,0.0,0.0,0.0,60.0,73400.0,112.5,9600.0,3221.8,640.0,3258.0,320.0,51297.9,40.0,33954469.0,4,,,,,,
21/006,2021-01-19,14.0,21.0,22.0,38.0,40.0,45.0,17.0,45,3.0,3.0,2.0,4.0,0.0,1.0,2.0,2.0,1.0,0.0,0.0,2.0,981510.0,76.0,68870.0,114.5,9600.0,3598.7,640.0,3327.7,320.0,58483.7,40.0,39236623.0,14,,,,,,
21/007,2021-01-22,15.0,16.0,18.0,21.0,24.0,31.0,22.0,21,5.0,1.0,3.0,3.0,0.0,3.0,2.0,1.0,0.0,0.0,0.0,1.0,2014910.0,55.0,97690.0,173.0,9600.0,3127.0,640.0,4761.8,320.0,60796.6,40.0,41442617.0,15,,,,,,
21/008,2021-01-26,5.0,9.0,16.0,21.0,44.0,49.0,15.0,"16,21",4.0,2.0,4.0,2.0,2.0,1.0,1.0,0.0,2.0,0.0,0.0,0.5,1219575.0,72.0,90330.0,157.0,9600.0,3469.0,640.0,4933.5,320.0,73180.9,40.0,48338079.0,5,,,,,,
21/009,2021-01-29,2.0,10.0,30.0,31.0,35.0,46.0,3.0,,2.0,4.0,2.0,4.0,2.0,0.0,1.0,2.0,1.0,0.0,0.0,4.0,720540.0,52.5,146390.0,209.0,9600.0,3909.4,640.0,6257.4,320.0,81060.6,40.0,57163282.0,2,,,,,,
21/010,2021-02-02,18.0,21.0,24.0,26.0,30.0,35.0,48.0,"30,35",3.0,3.0,2.0,4.0,0.0,1.0,4.0,1.0,0.0,1.0,63275870.0,0.5,1608280.0,88.5,96920.0,271.0,9600.0,5971.6,640.0,6880.0,320.0,109346.7,40.0,67710117.0,18,,,,,,
21/011,2021-02-05,10.0,16.0,22.0,40.0,44.0,45.0,49.0,,3.0,3.0,1.0,5.0,1.0,1.0,1.0,1.0,2.0,0.5,4000000.0,1.0,1276730.0,31.5,108080.0,112.5,9600.0,2231.7,640.0,3097.0,320.0,38370.3,40.0,26643557.0,10,,,,,,
21/012,2021-02-09,1.0,2.0,16.0,20.0,31.0,38.0,7.0,16,4.0,2.0,2.0,4.0,2.0,2.0,0.0,2.0,0.0,0.0,0.0,0.0,0.0,33.5,108850.0,129.5,9600.0,2132.8,640.0,4302.7,320.0,45215.1,40.0,29280634.0,1,,,,,,
21/013,2021-02-12,6.0,25.0,31.0,36.0,41.0,47.0,10.0,31,1.0,5.0,4.0,2.0,1.0,0.0,1.0,2.0,2.0,0.0,0.0,2.5,788650.0,50.5,104110.0,142.5,9600.0,2661.5,640.0,3622.4,320.0,48989.7,40.0,38211618.0,6,,,,,,
21/014,2021-02-16,3.0,13.0,28.0,30.0,31.0,45.0,22.0,31,2.0,4.0,4.0,2.0,1.0,1.0,2.0,1.0,1.0,0.0,0.0,1.0,1914820.0,69.0,74000.0,167.0,9600.0,3483.7,640.0,5017.8,320.0,65713.0,40.0,40916701.0,3,,,,,,
21/015,2021-02-19,4.0,5.0,13.0,14.0,25.0,44.0,16.0,13,4.0,2.0,3.0,3.0,2.0,2.0,1.0,0.0,1.0,0.0,0.0,0.0,0.0,64.0,84270.0,102.5,9600.0,3583.0,640.0,4002.7,320.0,65294.8,40.0,40716305.0,4,,,,,,
21/016,2021-02-23,2.0,14.0,18.0,28.0,34.0,44.0,21.0,"14,44",3.0,3.0,0.0,6.0,1.0,2.0,1.0,1.0,1.0,0.0,0.0,0.5,1147815.0,72.0,85020.0,188.0,9600.0,3726.0,640.0,5080.6,320.0,71104.6,40.0,47180072.0,2,,,,,,
21/017,2021-02-26,14.0,17.0,35.0,37.0,39.0,46.0,2.0,14,2.0,4.0,4.0,2.0,0.0,2.0,0.0,3.0,1.0,0.0,0.0,0.0,0.0,72.5,106100.0,123.5,9600.0,3878.4,640.0,4002.4,320.0,70138.0,40.0,53494124.0,14,,,,,,
21/018,2021-03-02,6.0,15.0,16.0,21.0,27.0,28.0,43.0,,4.0,2.0,3.0,3.0,1.0,2.0,3.0,0.0,0.0,0.0,0.0,3.0,920510.0,147.0,50090.0,240.0,9600.0,7215.7,640.0,6550.0,320.0,117943.7,40.0,62901664.0,6,,,,,,
21/019,2021-03-05,1.0,23.0,32.0,38.0,43.0,46.0,5.0,,2.0,4.0,3.0,3.0,1.0,0.0,1.0,2.0,2.0,0.0,0.0,0.5,1820250.0,66.0,147090.0,229.0,9600.0,5333.5,640.0,7283.4,320.0,104035.3,40.0,71804210.0,1,,,,,,
21/020,2021-03-12,16.0,17.0,21.0,24.0,43.0,47.0,30.0,43,4.0,2.0,4.0,2.0,0.0,2.0,2.0,0.0,2.0,0.0,0.0,0.5,2890155.0,163.5,94270.0,371.0,9600.0,7968.0,640.0,11684.0,320.0,163330.5,40.0,113481168.0,16,,,,,,
21/021,2021-03-19,3.0,8.0,9.0,14.0,23.0,25.0,35.0,,5.0,1.0,4.0,2.0,3.0,1.0,2.0,0.0,0.0,1.5,76287420.0,10.5,774000.0,641.5,33780.0,1018.0,9600.0,30004.3,640.0,24937.5,320.0,459280.1,40.0,212714434.0,3,,,,,,
21/022,2021-03-23,11.0,14.0,16.0,19.0,38.0,41.0,6.0,14,4.0,2.0,3.0,3.0,0.0,4.0,0.0,1.0,1.0,0.0,0.0,0.0,0.0,34.0,113820.0,106.5,9600.0,2160.1,640.0,3834.8,320.0,43148.1,40.0,29610245.0,11,,,,,,
21/023,2021-03-26,6.0,12.0,24.0,26.0,30.0,43.0,20.0,,3.0,3.0,1.0,5.0,1.0,1.0,3.0,0.0,1.0,0.0,0.0,3.0,492660.0,70.7,55740.0,179.5,9600.0,3719.6,640.0,4631.2,320.0,64381.0,40.0,35164581.0,6,,,,,,
21/024,2021-03-30,24.0,26.0,36.0,37.0,41.0,43.0,31.0,"24,26,43",1.0,5.0,3.0,3.0,0.0,0.0,2.0,2.0,2.0,0.5,10042790.0,2.0,1033390.0,41.0,134420.0,139.0,9600.0,2202.9,640.0,4019.4,320.0,46469.2,40.0,38945364.0,24,,,,,,
21/025,2021-04-02,1.0,2.0,33.0,34.0,42.0,49.0,39.0,,2.0,4.0,3.0,3.0,2.0,0.0,0.0,2.0,2.0,0.0,0.0,1.5,1059040.0,62.5,67770.0,168.5,9600.0,3415.7,640.0,4046.0,320.0,61111.0,40.0,35519840.0,1,,,,,,
21/026,2021-04-06,4.0,7.0,8.0,20.0,22.0,41.0,21.0,,5.0,1.0,2.0,4.0,3.0,1.0,1.0,0.0,1.0,0.0,0.0,5.0,278050.0,46.0,80590.0,279.0,9600.0,3781.6,640.0,6933.9,320.0,74245.4,40.0,37912073.0,4,,,,,,
21/027,2021-04-09,7.0,9.0,12.0,13.0,14.0,16.0,23.0,7,6.0,0.0,3.0,3.0,2.0,4.0,0.0,0.0,0.0,0.0,0.0,3.0,422280.0,166.0,20350.0,322.5,9600.0,6495.9,640.0,8177.6,320.0,93311.5,40.0,42377097.0,7,,,,,,
21/028,2021-04-13,7.0,10.0,13.0,14.0,20.0,35.0,49.0,"7,13,14",5.0,1.0,3.0,3.0,2.0,3.0,0.0,1.0,0.0,0.5,14485280.0,3.5,589580.0,81.0,67930.0,193.0,9600.0,5240.5,640.0,5226.0,320.0,87919.4,40.0,47247039.0,7,,,,,,
21/029,2021-04-16,5.0,6.0,17.0,23.0,29.0,38.0,24.0,,4.0,2.0,4.0,2.0,2.0,1.0,2.0,1.0,0.0,1.0,19281120.0,3.0,532870.0,81.0,52620.0,209.5,9600.0,4503.1,640.0,5836.3,320.0,75830.1,40.0,39824924.0,5,,,,,,
21/030,2021-04-20,12.0,32.0,40.0,42.0,48.0,49.0,27.0,,1.0,5.0,1.0,5.0,0.0,1.0,0.0,2.0,3.0,0.0,0.0,1.5,925790.0,56.0,66120.0,113.0,9600.0,2566.5,640.0,3170.0,320.0,42269.8,40.0,28900309.0,12,,,,,,
21/031,2021-04-23,15.0,18.0,20.0,23.0,31.0,47.0,12.0,,4.0,2.0,4.0,2.0,0.0,3.0,1.0,1.0,1.0,0.0,0.0,2.0,781530.0,34.0,122590.0,134.0,9600.0,2517.0,640.0,4037.5,320.0,48125.0,40.0,32528370.0,15,,,,,,
21/032,2021-04-27,2.0,13.0,15.0,19.0,38.0,41.0,30.0,15,4.0,2.0,4.0,2.0,1.0,3.0,0.0,1.0,1.0,0.0,0.0,1.0,1882270.0,46.5,107940.0,110.5,9600.0,2426.7,640.0,3574.4,320.0,48211.9,40.0,36066196.0,2,,,,,,
21/033,2021-04-30,7.0,9.0,29.0,33.0,36.0,49.0,41.0,,2.0,4.0,5.0,1.0,2.0,0.0,1.0,2.0,1.0,0.0,0.0,1.0,1614910.0,85.5,50360.0,143.5,9600.0,4660.2,640.0,4032.5,320.0,79553.5,40.0,38265895.0,7,,,,,,
21/034,2021-05-04,8.0,9.0,10.0,19.0,38.0,45.0,6.0,9,4.0,2.0,3.0,3.0,3.0,1.0,0.0,1.0,1.0,0.0,0.0,0.0,0.0,115.5,33990.0,278.0,9600.0,4978.0,640.0,9236.3,320.0,85034.6,40.0,42587540.0,8,,,,,,
21/035,2021-05-07,5.0,8.0,22.0,26.0,40.0,41.0,46.0,8,3.0,3.0,2.0,4.0,2.0,0.0,2.0,1.0,1.0,0.0,0.0,0.5,1213315.0,70.5,91780.0,123.5,9600.0,3723.0,640.0,3845.0,320.0,74298.1,40.0,47311439.0,5,,,,,,
21/036,2021-05-11,15.0,22.0,30.0,31.0,35.0,45.0,6.0,22,2.0,4.0,4.0,2.0,0.0,1.0,2.0,2.0,1.0,0.5,22829870.0,0.5,1349470.0,91.5,78650.0,223.0,9600.0,4128.2,640.0,6013.4,320.0,77540.4,40.0,54780065.0,15,,,,,,
21/037,2021-05-14,5.0,14.0,28.0,29.0,31.0,37.0,11.0,31,2.0,4.0,4.0,2.0,1.0,1.0,2.0,2.0,0.0,2.0,14831010.0,3.0,609180.0,134.0,36360.0,279.0,9600.0,4679.4,640.0,6599.7,320.0,71882.2,40.0,44535503.0,5,,,,,,
21/038,2021-05-18,2.0,9.0,26.0,34.0,35.0,36.0,4.0,,2.0,4.0,2.0,4.0,2.0,0.0,1.0,3.0,0.0,0.0,0.0,3.0,550760.0,61.2,71990.0,149.0,9600.0,2811.6,640.0,3924.6,320.0,52203.7,40.0,34589888.0,2,,,,,,
21/039,2021-05-21,8.0,14.0,31.0,37.0,44.0,47.0,38.0,,2.0,4.0,3.0,3.0,1.0,1.0,0.0,2.0,2.0,0.0,0.0,0.5,1017075.0,37.5,144650.0,113.5,9600.0,2544.0,640.0,3606.2,320.0,51331.3,40.0,38568911.0,8,,,,,,
21/040,2021-05-25,1.0,7.0,19.0,22.0,27.0,49.0,20.0,,4.0,2.0,5.0,1.0,2.0,1.0,2.0,0.0,1.0,0.5,9903745.0,1.0,1562650.0,147.0,28340.0,264.0,9600.0,6479.2,640.0,6748.0,320.0,101833.9,40.0,45114491.0,1,,,,,,
21/041,2021-05-28,5.0,12.0,30.0,43.0,44.0,45.0,21.0,,2.0,4.0,3.0,3.0,1.0,1.0,1.0,0.0,3.0,0.0,0.0,0.0,0.0,38.5,148910.0,161.5,9600.0,2933.0,640.0,4670.3,320.0,61402.9,40.0,42830097.0,5,,,,,,
21/042,2021-06-01,1.0,6.0,16.0,28.0,33.0,36.0,8.0,,3.0,3.0,2.0,4.0,2.0,1.0,1.0,2.0,0.0,0.0,0.0,8.0,180470.0,167.5,22980.0,672.9,9600.0,7024.4,640.0,12411.0,320.0,100186.2,40.0,48969186.0,1,,,,,,
21/043,2021-06-04,2.0,6.0,16.0,22.0,34.0,49.0,45.0,"6,16",4.0,2.0,1.0,5.0,2.0,1.0,1.0,1.0,1.0,0.0,0.0,0.0,0.0,62.5,109780.0,143.5,9600.0,4333.6,640.0,4792.5,320.0,85358.4,40.0,51757606.0,2,,,,,,
21/044,2021-06-08,7.0,13.0,21.0,24.0,28.0,30.0,10.0,,4.0,2.0,3.0,3.0,1.0,1.0,4.0,0.0,0.0,0.0,0.0,5.5,401870.0,141.5,41650.0,483.5,9600.0,6553.7,640.0,11151.7,320.0,112299.8,40.0,61276144.0,7,,,,,,
21/045,2021-06-11,2.0,3.0,15.0,29.0,41.0,43.0,7.0,,3.0,3.0,5.0,1.0,2.0,1.0,1.0,0.0,2.0,0.0,0.0,3.0,1184200.0,64.0,148020.0,247.5,9600.0,4607.5,640.0,7419.4,320.0,92655.9,40.0,69317963.0,2,,,,,,
21/046,2021-06-15,3.0,11.0,13.0,22.0,44.0,45.0,4.0,3,4.0,2.0,4.0,2.0,1.0,2.0,1.0,0.0,2.0,0.5,30484265.0,2.5,1407060.0,117.5,79830.0,353.5,9600.0,7308.7,640.0,10631.8,320.0,130295.1,40.0,78621308.0,3,,,,,,
21/047,2021-06-17,1.0,25.0,31.0,34.0,42.0,48.0,20.0,,1.0,5.0,3.0,3.0,1.0,0.0,1.0,2.0,2.0,1.0,37883790.0,2.0,1233250.0,57.0,115390.0,170.5,9600.0,3367.5,640.0,4798.5,320.0,68130.3,40.0,48374806.0,1,,,,,,
21/048,2021-06-19,4.0,15.0,17.0,32.0,38.0,43.0,30.0,,3.0,3.0,3.0,3.0,1.0,2.0,0.0,2.0,1.0,0.0,0.0,0.0,0.0,37.0,116630.0,94.5,9600.0,1985.5,640.0,2522.2,320.0,41146.1,40.0,30530545.0,4,,,,,,
21/049,2021-06-22,1.0,5.0,7.0,24.0,26.0,30.0,8.0,,4.0,2.0,3.0,3.0,3.0,0.0,3.0,0.0,0.0,0.0,0.0,6.0,203820.0,128.2,25430.0,522.0,9600.0,5605.8,640.0,11236.7,320.0,86953.1,40.0,41479405.0,1,,,,,,
21/050,2021-06-24,4.0,11.0,14.0,21.0,38.0,48.0,31.0,,4.0,2.0,2.0,4.0,1.0,2.0,1.0,1.0,1.0,0.0,0.0,0.0,0.0,53.0,95740.0,152.0,9600.0,3387.3,640.0,4371.4,320.0,62641.0,40.0,39764355.0,4,,,,,,
21/051,2021-06-27,2.0,7.0,11.0,27.0,37.0,42.0,28.0,11,3.0,3.0,4.0,2.0,2.0,1.0,1.0,1.0,1.0,1.0,26050660.0,1.0,1717180.0,118.0,38800.0,336.0,9600.0,5729.4,640.0,7677.8,320.0,89907.8,40.0,47269835.0,2,,,,,,
21/052,2021-06-29,10.0,16.0,24.0,39.0,44.0,47.0,28.0,,3.0,3.0,2.0,4.0,1.0,1.0,1.0,1.0,2.0,0.0,0.0,1.0,1640140.0,42.5,102910.0,121.5,9600.0,2082.0,640.0,3121.5,320.0,41488.5,40.0,31801856.0,10,,,,,,
21/053,2021-07-03,7.0,9.0,24.0,29.0,37.0,48.0,17.0,24,3.0,3.0,4.0,2.0,2.0,0.0,2.0,1.0,1.0,1.0,13120260.0,1.5,1137830.0,79.5,57240.0,230.0,9600.0,4337.2,640.0,6519.5,320.0,76635.7,40.0,41924408.0,7,,,,,,
21/054,2021-07-06,2.0,6.0,15.0,16.0,26.0,34.0,14.0,,4.0,2.0,1.0,5.0,2.0,2.0,1.0,1.0,0.0,0.0,0.0,1.5,930270.0,61.5,60500.0,164.5,9600.0,4129.3,640.0,4603.4,320.0,65970.9,40.0,34364266.0,2,,,,,,
21/055,2021-07-08,7.0,9.0,13.0,27.0,39.0,43.0,42.0,,3.0,3.0,6.0,0.0,2.0,1.0,1.0,1.0,1.0,0.0,0.0,0.5,813395.0,68.5,63330.0,141.0,9600.0,3965.4,640.0,3966.2,320.0,71689.4,40.0,36937249.0,7,,,,,,
21/056,2021-07-10,25.0,28.0,34.0,37.0,40.0,49.0,33.0,,0.0,6.0,3.0,3.0,0.0,0.0,2.0,3.0,1.0,0.0,0.0,1.5,1412130.0,33.0,171160.0,114.0,9600.0,2369.5,640.0,3912.0,320.0,50207.6,40.0,39609288.0,25,,,,,,
21/057,2021-07-13,9.0,13.0,21.0,35.0,38.0,48.0,20.0,,3.0,3.0,4.0,2.0,1.0,1.0,1.0,2.0,1.0,0.0,0.0,2.5,871120.0,86.0,67520.0,228.9,9600.0,4556.2,640.0,6179.5,320.0,80840.7,40.0,48664960.0,9,,,,,,
21/058,2021-07-15,6.0,19.0,22.0,23.0,28.0,49.0,20.0,,4.0,2.0,3.0,3.0,1.0,1.0,3.0,0.0,1.0,0.0,0.0,0.5,1160065.0,78.0,79320.0,180.0,9600.0,4996.0,640.0,5764.6,320.0,93558.6,40.0,50944039.0,6,,,,,,
21/059,2021-07-17,1.0,6.0,16.0,30.0,32.0,47.0,12.0,6,3.0,3.0,2.0,4.0,2.0,1.0,1.0,1.0,1.0,1.0,42438580.0,1.0,2578770.0,67.0,102630.0,234.5,9600.0,4411.0,640.0,7859.8,320.0,86910.5,40.0,55477589.0,1,,,,,,
21/060,2021-07-20,2.0,7.0,15.0,19.0,31.0,49.0,46.0,,4.0,2.0,5.0,1.0,2.0,2.0,0.0,1.0,1.0,0.0,0.0,1.5,885140.0,82.5,42910.0,187.5,9600.0,4016.4,640.0,3486.5,320.0,67428.7,40.0,33166927.0,2,,,,,,
21/061,2021-07-22,2.0,3.0,4.0,5.0,8.0,23.0,27.0,2,6.0,0.0,3.0,3.0,5.0,0.0,1.0,0.0,0.0,3.5,2362510.0,7.0,38400.0,635.3,19200.0,444.0,9600.0,14144.8,640.0,7686.3,320.0,110616.7,40.0,36705647.0,2,,,,,,
21/062,2021-07-24,11.0,12.0,25.0,27.0,28.0,34.0,46.0,,2.0,4.0,3.0,3.0,0.0,2.0,3.0,1.0,0.0,1.5,5333330.0,0.0,0.0,71.5,49770.0,97.5,9600.0,3329.3,640.0,2754.0,320.0,58472.0,40.0,29747956.0,11,,,,,,
21/063,2021-07-27,8.0,11.0,19.0,22.0,29.0,44.0,14.0,11,4.0,2.0,3.0,3.0,1.0,2.0,2.0,0.0,1.0,0.0,0.0,3.0,468050.0,84.0,44570.0,157.5,9600.0,3920.9,640.0,4366.0,320.0,67397.2,40.0,34076454.0,8,,,,,,
21/064,2021-08-01,1.0,4.0,9.0,21.0,36.0,42.0,3.0,,4.0,2.0,3.0,3.0,3.0,0.0,1.0,1.0,1.0,1.5,33424220.0,3.5,1155840.0,215.5,50050.0,551.9,9600.0,10449.6,640.0,17165.2,320.0,182511.6,40.0,100770911.0,1,,,,,,
21/065,2021-08-03,10.0,13.0,15.0,29.0,31.0,39.0,47.0,,3.0,3.0,5.0,1.0,1.0,2.0,1.0,2.0,0.0,0.0,0.0,0.5,772845.0,32.0,128800.0,109.0,9600.0,2373.0,640.0,2688.5,320.0,46118.4,40.0,30729572.0,10,,,,,,
21/066,2021-08-05,10.0,17.0,19.0,25.0,36.0,39.0,31.0,"10,39",3.0,3.0,4.0,2.0,1.0,2.0,1.0,2.0,0.0,0.0,0.0,2.0,937150.0,50.5,98970.0,143.5,9600.0,2640.8,640.0,3768.2,320.0,51102.5,40.0,37127431.0,10,,,,,,
21/067,2021-08-07,13.0,14.0,26.0,34.0,35.0,44.0,12.0,,2.0,4.0,2.0,4.0,0.0,2.0,1.0,2.0,1.0,0.0,0.0,3.5,567090.0,73.0,72500.0,175.0,9600.0,3648.2,640.0,4719.5,320.0,62458.9,40.0,41785637.0,13,,,,,,
21/068,2021-08-10,4.0,12.0,14.0,17.0,22.0,32.0,41.0,14,5.0,1.0,1.0,5.0,1.0,3.0,1.0,1.0,0.0,0.0,0.0,3.5,717120.0,83.2,80440.0,192.5,9600.0,4430.2,640.0,5089.0,320.0,86167.6,40.0,52122938.0,4,,,,,,
21/069,2021-08-12,20.0,21.0,30.0,34.0,36.0,37.0,29.0,,2.0,4.0,2.0,4.0,0.0,1.0,2.0,3.0,0.0,0.0,0.0,2.0,1348300.0,71.5,100570.0,201.2,9600.0,4318.1,640.0,5289.3,320.0,78782.2,40.0,54248894.0,20,,,,,,
21/070,2021-08-14,11.0,12.0,19.0,38.0,39.0,41.0,6.0,,3.0,3.0,4.0,2.0,0.0,3.0,0.0,2.0,1.0,0.0,0.0,1.0,2603380.0,152.5,45520.0,280.5,9600.0,5622.3,640.0,7776.2,320.0,101034.7,40.0,59061589.0,11,,,,,,
21/071,2021-08-19,4.0,26.0,28.0,31.0,32.0,33.0,8.0,,1.0,5.0,2.0,4.0,1.0,0.0,2.0,3.0,0.0,0.0,0.0,4.5,955670.0,174.0,65900.0,448.5,9600.0,8373.4,640.0,13958.0,320.0,150374.1,40.0,95651831.0,4,,,,,,
21/072,2021-08-21,2.0,5.0,18.0,21.0,42.0,48.0,46.0,,4.0,2.0,2.0,4.0,2.0,1.0,1.0,0.0,2.0,0.0,0.0,3.0,1414670.0,127.0,89110.0,435.5,9600.0,8138.0,640.0,10126.5,320.0,156880.7,40.0,92586446.0,2,,,,,,
21/073,2021-08-26,5.0,10.0,17.0,30.0,43.0,44.0,40.0,5,3.0,3.0,3.0,3.0,2.0,1.0,1.0,0.0,2.0,1.0,91247640.0,2.5,2911170.0,178.5,108720.0,646.5,9600.0,11346.5,640.0,18445.9,320.0,221910.3,40.0,151047187.0,5,,,,,,
21/074,2021-08-28,2.0,14.0,15.0,16.0,33.0,45.0,19.0,,4.0,2.0,3.0,3.0,1.0,3.0,0.0,1.0,1.0,0.0,0.0,1.0,1571830.0,49.2,85190.0,112.5,9600.0,2747.5,640.0,3398.6,320.0,50209.3,40.0,32314122.0,2,,,,,,
21/075,2021-08-31,1.0,12.0,23.0,29.0,45.0,46.0,48.0,45,3.0,3.0,4.0,2.0,1.0,1.0,2.0,0.0,2.0,1.0,14105370.0,2.0,1017560.0,160.5,33810.0,144.0,9600.0,4423.9,640.0,4034.5,320.0,70576.5,40.0,43031732.0,1,,,,,,
21/076,2021-09-02,10.0,28.0,39.0,45.0,48.0,49.0,15.0,45,1.0,5.0,3.0,3.0,1.0,0.0,1.0,1.0,3.0,0.0,0.0,1.0,1694220.0,62.5,72280.0,108.5,9600.0,2882.0,640.0,3200.0,320.0,54286.6,40.0,34247100.0,10,,,,,,
21/077,2021-09-04,5.0,8.0,29.0,31.0,32.0,36.0,12.0,,2.0,4.0,3.0,3.0,2.0,0.0,1.0,3.0,0.0,0.0,0.0,0.5,853490.0,67.0,67930.0,204.5,9600.0,3195.7,640.0,6169.3,320.0,61929.7,40.0,38824391.0,5,,,,,,
21/078,2021-09-07,2.0,7.0,21.0,23.0,27.0,36.0,40.0,36,4.0,2.0,4.0,2.0,2.0,0.0,3.0,1.0,0.0,0.0,0.0,1.0,2133920.0,80.7,70510.0,190.0,9600.0,5476.1,640.0,4718.4,320.0,95678.6,40.0,48701656.0,2,,,,,,
21/079,2021-09-09,7.0,22.0,24.0,31.0,33.0,37.0,39.0,7,3.0,3.0,4.0,2.0,1.0,0.0,2.0,3.0,0.0,0.5,13836130.0,0.5,1216005.0,83.9,77290.0,212.0,9600.0,4636.5,640.0,6167.4,320.0,89665.7,40.0,52555055.0,7,,,,,,
21/080,2021-09-11,12.0,26.0,31.0,37.0,38.0,44.0,16.0,"31,37",1.0,5.0,2.0,4.0,0.0,1.0,1.0,3.0,1.0,0.0,0.0,2.5,915740.0,56.0,109010.0,150.5,9600.0,3390.5,640.0,4538.3,320.0,63168.7,40.0,45121486.0,12,,,,,,
21/081,2021-09-14,7.0,8.0,32.0,33.0,39.0,49.0,23.0,,2.0,4.0,4.0,2.0,2.0,0.0,0.0,3.0,1.0,3.0,9629500.0,4.5,516170.0,157.5,39320.0,292.7,9600.0,5117.9,640.0,8372.7,320.0,91319.8,40.0,54507496.0,7,,,,,,
21/082,2021-09-16,1.0,6.0,11.0,20.0,32.0,35.0,22.0,32,4.0,2.0,3.0,3.0,2.0,2.0,0.0,2.0,0.0,0.0,0.0,1.5,969880.0,53.0,73190.0,165.5,9600.0,3364.9,640.0,5043.2,320.0,64153.0,40.0,34407969.0,1,,,,,,
21/083,2021-09-21,14.0,15.0,25.0,26.0,32.0,45.0,2.0,32,2.0,4.0,3.0,3.0,0.0,2.0,2.0,1.0,1.0,1.0,85976090.0,2.5,3463470.0,243.5,94820.0,667.0,9600.0,14677.5,640.0,19169.2,320.0,267607.1,40.0,177905377.0,14,,,,,,
21/084,2021-09-23,2.0,4.0,10.0,17.0,38.0,41.0,47.0,,4.0,2.0,2.0,4.0,3.0,1.0,0.0,1.0,1.0,0.0,0.0,0.0,0.0,17.0,249250.0,87.5,9600.0,2373.0,640.0,3029.0,320.0,51159.4,40.0,31509826.0,2,,,,,,
21/085,2021-09-25,15.0,18.0,32.0,43.0,45.0,47.0,12.0,,2.0,4.0,4.0,2.0,0.0,2.0,0.0,1.0,3.0,0.0,0.0,1.0,2135110.0,56.0,101670.0,104.5,9600.0,2327.5,640.0,3754.0,320.0,48025.9,40.0,39364722.0,15,,,,,,
21/086,2021-09-28,2.0,23.0,31.0,38.0,43.0,45.0,40.0,"43,45",2.0,4.0,4.0,2.0,1.0,0.0,1.0,2.0,2.0,0.0,0.0,0.0,0.0,51.5,139050.0,123.5,9600.0,3587.2,640.0,4185.2,320.0,70995.0,40.0,50619232.0,2,,,,,,
21/087,2021-09-30,2.0,3.0,11.0,20.0,24.0,47.0,48.0,2,5.0,1.0,3.0,3.0,2.0,2.0,1.0,0.0,1.0,0.0,0.0,1.5,1787770.0,78.5,91090.0,178.0,9600.0,5241.1,640.0,6412.0,320.0,96019.3,40.0,56669596.0,2,,,,,,
21/088,2021-10-02,6.0,12.0,19.0,31.0,47.0,48.0,41.0,47,3.0,3.0,3.0,3.0,1.0,2.0,0.0,1.0,2.0,1.0,43856210.0,1.0,3024980.0,88.0,91660.0,195.5,9600.0,5138.0,640.0,5717.5,320.0,96120.0,40.0,61112232.0,6,,,,,,
21/089,2021-10-05,19.0,20.0,26.0,29.0,32.0,48.0,38.0,"19,48",2.0,4.0,2.0,4.0,0.0,2.0,2.0,1.0,1.0,0.0,0.0,1.5,1288340.0,47.5,108490.0,106.0,9600.0,2245.5,640.0,3601.0,320.0,47050.2,40.0,36382712.0,19,,,,,,
21/090,2021-10-07,8.0,11.0,19.0,21.0,24.0,47.0,23.0,19,5.0,1.0,4.0,2.0,1.0,2.0,2.0,0.0,1.0,0.0,0.0,1.0,1750520.0,76.0,61420.0,196.0,9600.0,3832.6,640.0,5932.8,320.0,71325.7,40.0,40574782.0,8,,,,,,
21/091,2021-10-14,2.0,6.0,9.0,27.0,43.0,45.0,35.0,,3.0,3.0,4.0,2.0,3.0,0.0,1.0,0.0,2.0,0.0,0.0,0.5,1481555.0,76.5,103280.0,196.0,9600.0,5950.0,640.0,6649.5,320.0,113843.3,40.0,63109147.0,2,,,,,,
21/092,2021-10-16,3.0,14.0,16.0,23.0,38.0,46.0,2.0,,4.0,2.0,2.0,4.0,1.0,2.0,1.0,1.0,1.0,0.5,15501425.0,0.5,1230060.0,76.5,85750.0,167.5,9600.0,3868.6,640.0,5878.0,320.0,74544.7,40.0,49943620.0,3,,,,,,
21/093,2021-10-19,7.0,13.0,15.0,19.0,24.0,37.0,2.0,,5.0,1.0,5.0,1.0,1.0,3.0,1.0,1.0,0.0,0.0,0.0,1.0,2023820.0,90.5,59630.0,257.0,9600.0,5518.2,640.0,7406.3,320.0,90379.5,40.0,49649202.0,7,,,,,,
21/094,2021-10-21,6.0,9.0,11.0,13.0,15.0,47.0,38.0,"13,15",5.0,1.0,5.0,1.0,2.0,3.0,0.0,0.0,1.0,0.0,0.0,2.0,1169130.0,97.0,64280.0,268.0,9600.0,6183.4,640.0,7506.5,320.0,109441.2,40.0,56370441.0,6,,,,,,
21/095,2021-10-26,9.0,14.0,23.0,28.0,34.0,48.0,36.0,9,3.0,3.0,2.0,4.0,1.0,1.0,2.0,1.0,1.0,1.0,83352030.0,6.5,1197540.0,257.5,80610.0,722.5,9600.0,14099.0,640.0,18212.6,320.0,271572.9,40.0,166066708.0,9,,,,,,
21/096,2021-10-28,1.0,5.0,17.0,26.0,34.0,48.0,42.0,"34,48",3.0,3.0,3.0,3.0,2.0,1.0,1.0,1.0,1.0,0.0,0.0,0.0,0.0,40.0,114600.0,122.0,9600.0,2464.2,640.0,3298.5,320.0,51074.6,40.0,34149467.0,1,,,,,,
21/097,2021-10-30,3.0,14.0,37.0,41.0,42.0,45.0,4.0,,2.0,4.0,4.0,2.0,1.0,1.0,0.0,1.0,3.0,0.0,0.0,3.0,699880.0,39.0,143560.0,138.0,9600.0,2338.2,640.0,3897.3,320.0,46102.5,40.0,39434258.0,3,,,,,,
21/098,2021-11-02,4.0,5.0,24.0,33.0,44.0,49.0,41.0,,3.0,3.0,3.0,3.0,2.0,0.0,1.0,1.0,2.0,0.0,0.0,0.0,0.0,117.5,52000.0,151.5,9600.0,6107.0,640.0,4538.5,320.0,95979.4,40.0,50815089.0,4,,,,,,
21/099,2021-11-04,3.0,22.0,30.0,32.0,40.0,43.0,5.0,,2.0,4.0,2.0,4.0,1.0,0.0,2.0,2.0,1.0,1.0,33197770.0,0.0,0.0,109.0,65350.0,175.0,9600.0,5213.4,640.0,5554.1,320.0,90122.3,40.0,55501482.0,3,,,,,,
21/100,2021-11-06,13.0,15.0,40.0,41.0,42.0,49.0,21.0,40,2.0,4.0,4.0,2.0,0.0,2.0,0.0,1.0,3.0,0.0,0.0,2.0,951860.0,28.5,178120.0,75.0,9600.0,2211.0,640.0,2702.5,320.0,40564.0,40.0,34387168.0,13,,,,,,
21/101,2021-11-09,3.0,11.0,15.0,25.0,30.0,45.0,33.0,15,3.0,3.0,5.0,1.0,1.0,2.0,2.0,0.0,1.0,0.5,7030745.0,2.0,946450.0,94.2,53580.0,218.0,9600.0,4507.7,640.0,5530.2,320.0,77530.6,40.0,43918795.0,3,,,,,,
21/102,2021-11-11,10.0,13.0,31.0,37.0,40.0,46.0,15.0,,2.0,4.0,3.0,3.0,1.0,1.0,0.0,3.0,1.0,0.0,0.0,2.0,1071380.0,40.5,141080.0,116.0,9600.0,2734.2,640.0,3302.7,320.0,55354.2,40.0,40430400.0,10,,,,,,
21/103,2021-11-14,1.0,11.0,15.0,21.0,24.0,28.0,8.0,,5.0,1.0,4.0,2.0,1.0,2.0,3.0,0.0,0.0,0.0,0.0,4.5,300710.0,104.0,34690.0,498.2,9600.0,5580.6,640.0,10320.6,320.0,92163.4,40.0,45897344.0,1,,,,,,
21/104,2021-11-16,9.0,13.0,25.0,27.0,33.0,36.0,35.0,,2.0,4.0,5.0,1.0,1.0,1.0,2.0,2.0,0.0,1.0,23567110.0,0.0,0.0,117.5,45750.0,199.0,9600.0,5429.0,640.0,6030.6,320.0,91699.1,40.0,47690457.0,9,,,,,,
21/105,2021-11-18,2.0,16.0,23.0,25.0,29.0,38.0,18.0,25,3.0,3.0,3.0,3.0,1.0,1.0,3.0,1.0,0.0,0.0,0.0,0.5,726860.0,54.0,71780.0,237.0,9600.0,3199.6,640.0,5844.4,320.0,57965.2,40.0,35484723.0,2,,,,,,
21/106,2021-11-20,18.0,19.0,24.0,38.0,39.0,42.0,41.0,38,3.0,3.0,2.0,4.0,0.0,2.0,1.0,2.0,1.0,0.0,0.0,0.0,0.0,64.5,70950.0,171.0,9600.0,3635.5,640.0,4352.6,320.0,61985.9,40.0,37801638.0,18,,,,,,
21/107,2021-11-23,2.0,6.0,11.0,22.0,34.0,38.0,7.0,38,4.0,2.0,1.0,5.0,2.0,1.0,1.0,2.0,0.0,0.0,0.0,2.5,689880.0,104.5,44010.0,304.5,9600.0,5193.9,640.0,9203.7,320.0,90642.0,40.0,47135894.0,2,,,,,,
21/108,2021-11-25,10.0,28.0,36.0,39.0,47.0,48.0,44.0,,1.0,5.0,2.0,4.0,1.0,0.0,1.0,2.0,2.0,0.5,13999935.0,3.5,688990.0,71.0,90570.0,172.5,9600.0,3713.5,640.0,4894.0,320.0,70275.9,40.0,48289325.0,10,,,,,,
21/109,2021-11-27,2.0,14.0,30.0,41.0,42.0,44.0,22.0,,2.0,4.0,1.0,5.0,1.0,1.0,1.0,0.0,3.0,0.0,0.0,3.0,704790.0,50.5,111650.0,155.0,9600.0,2685.5,640.0,4382.5,320.0,53932.8,40.0,41215513.0,2,,,,,,
21/110,2021-11-30,1.0,17.0,22.0,26.0,38.0,44.0,8.0,44,3.0,3.0,2.0,4.0,1.0,1.0,2.0,1.0,1.0,0.0,0.0,2.0,1169340.0,78.5,79440.0,259.5,9600.0,3890.5,640.0,7503.1,320.0,77217.6,40.0,51118764.0,1,,,,,,
21/111,2021-12-02,3.0,21.0,26.0,36.0,38.0,49.0,9.0,"26,38",2.0,4.0,3.0,3.0,1.0,0.0,2.0,2.0,1.0,0.5,17324030.0,1.0,2429630.0,79.0,82010.0,278.7,9600.0,3987.4,640.0,7945.9,320.0,75811.5,40.0,52966895.0,3,,,,,,
21/112,2021-12-04,1.0,21.0,24.0,29.0,44.0,46.0,19.0,21,3.0,3.0,3.0,3.0,1.0,0.0,3.0,0.0,2.0,0.0,0.0,0.0,0.0,43.5,142480.0,134.5,9600.0,2658.0,640.0,4584.5,320.0,57661.3,40.0,44061675.0,1,,,,,,
21/113,2021-12-07,4.0,13.0,19.0,21.0,35.0,43.0,27.0,21,4.0,2.0,5.0,1.0,1.0,2.0,1.0,1.0,1.0,1.0,35204920.0,4.0,715320.0,80.5,94780.0,219.0,9600.0,4186.9,640.0,6283.5,320.0,83938.3,40.0,57615068.0,4,,,,,,
21/114,2021-12-09,4.0,7.0,9.0,13.0,15.0,43.0,1.0,"4,13,43",5.0,1.0,5.0,1.0,3.0,2.0,0.0,0.0,1.0,0.0,0.0,6.0,165960.0,78.5,33820.0,396.0,9600.0,3883.6,640.0,8962.7,320.0,64779.7,40.0,33773073.0,4,,,,,,
21/115,2021-12-11,7.0,21.0,34.0,35.0,42.0,48.0,41.0,7,2.0,4.0,3.0,3.0,1.0,0.0,1.0,2.0,2.0,0.0,0.0,2.0,938690.0,47.0,106510.0,144.0,9600.0,3252.6,640.0,3407.5,320.0,50083.6,40.0,37614030.0,7,,,,,,
21/116,2021-12-14,7.0,24.0,29.0,36.0,41.0,43.0,35.0,7,2.0,4.0,4.0,2.0,1.0,0.0,2.0,1.0,2.0,0.0,0.0,1.5,1552600.0,56.5,109910.0,160.5,9600.0,3257.7,640.0,4421.9,320.0,63841.9,40.0,45659354.0,7,,,,,,
21/117,2021-12-16,5.0,6.0,19.0,43.0,47.0,49.0,39.0,43,3.0,3.0,5.0,1.0,2.0,1.0,0.0,0.0,3.0,0.0,0.0,1.5,1554070.0,59.5,104470.0,208.0,9600.0,3916.5,640.0,6185.0,320.0,73771.0,40.0,49094689.0,5,,,,,,
21/118,2021-12-19,12.0,20.0,21.0,26.0,33.0,42.0,9.0,,3.0,3.0,2.0,4.0,0.0,2.0,2.0,1.0,1.0,0.0,0.0,4.0,576750.0,117.5,52350.0,304.0,9600.0,6028.7,640.0,9555.4,320.0,104213.1,40.0,57230309.0,12,,,,,,
21/119,2021-12-21,11.0,12.0,16.0,32.0,43.0,44.0,41.0,12,3.0,3.0,2.0,4.0,0.0,3.0,0.0,1.0,2.0,0.0,0.0,2.0,1542380.0,113.0,72790.0,247.5,9600.0,5845.0,640.0,7667.9,320.0,107379.3,40.0,65675419.0,11,,,,,,
21/120,2021-12-23,3.0,9.0,11.0,17.0,22.0,44.0,23.0,"11,44",5.0,1.0,4.0,2.0,2.0,2.0,1.0,0.0,1.0,1.5,35231080.0,3.5,862760.0,222.5,36190.0,524.0,9600.0,10052.3,640.0,13377.2,320.0,158886.8,40.0,81892835.0,3,,,,,,
21/121,2021-12-25,8.0,11.0,20.0,30.0,35.0,40.0,27.0,11,3.0,3.0,2.0,4.0,1.0,2.0,1.0,2.0,0.0,0.0,0.0,2.0,671920.0,82.6,43380.0,132.7,9600.0,4509.8,640.0,3769.2,320.0,62224.0,40.0,32778401.0,8,,,,,,
21/122,2021-12-28,21.0,25.0,30.0,33.0,36.0,49.0,3.0,30,1.0,5.0,4.0,2.0,0.0,0.0,3.0,2.0,1.0,0.0,0.0,3.0,700510.0,47.5,117980.0,150.0,9600.0,2897.6,640.0,4737.7,320.0,58167.9,40.0,41727918.0,21,,,,,,
21/123,2021-12-30,20.0,21.0,22.0,29.0,34.0,35.0,7.0,21,3.0,3.0,3.0,3.0,0.0,1.0,3.0,2.0,0.0,0.0,0.0,5.0,374240.0,89.0,56060.0,369.0,9600.0,4572.7,640.0,8660.6,320.0,74930.2,40.0,48048327.0,20,,,,,,
22/001,2022-01-04,2.0,8.0,12.0,14.0,20.0,47.0,36.0,20,5.0,1.0,1.0,5.0,2.0,3.0,0.0,0.0,1.0,0.0,0.0,4.5,1824050.0,349.5,62620.0,661.0,9600.0,19225.6,640.0,20417.2,320.0,332422.3,40.0,182618372.0,2,,,,,,
22/002,2022-01-20,1.0,3.0,10.0,11.0,30.0,42.0,39.0,,4.0,2.0,3.0,3.0,3.0,1.0,1.0,0.0,1.0,7.0,17446020.0,6.0,2083190.0,844.5,39460.0,1346.0,9600.0,42689.7,640.0,36260.0,320.0,670456.5,40.0,315247031.0,1,,,,,,
22/003,2022-01-27,10.0,18.0,20.0,29.0,32.0,33.0,2.0,10,3.0,3.0,2.0,4.0,1.0,2.0,1.0,2.0,0.0,0.0,0.0,2.0,824960.0,71.5,61530.0,216.0,9600.0,3412.2,640.0,5370.5,320.0,60419.1,40.0,37926197.0,10,,,,,,
22/004,2022-02-05,15.0,18.0,21.0,25.0,39.0,43.0,33.0,18,3.0,3.0,5.0,1.0,0.0,2.0,2.0,1.0,1.0,0.0,0.0,2.0,1230600.0,51.0,128690.0,132.0,9600.0,2789.5,640.0,4572.6,320.0,58211.0,40.0,46064752.0,15,,,,,,
22/005,2022-02-10,6.0,13.0,17.0,28.0,35.0,44.0,5.0,,3.0,3.0,3.0,3.0,1.0,2.0,1.0,1.0,1.0,1.0,21313080.0,0.0,0.0,69.5,75830.0,194.0,9600.0,3652.2,640.0,6184.3,320.0,66054.7,40.0,43149524.0,6,,,,,,
22/006,2022-02-17,6.0,7.0,22.0,34.0,35.0,46.0,8.0,"6,35",3.0,3.0,2.0,4.0,2.0,0.0,1.0,2.0,1.0,0.0,0.0,0.5,769010.0,44.5,92160.0,191.5,9600.0,2524.5,640.0,4958.5,320.0,50052.8,40.0,33908375.0,6,,,,,,
22/007,2022-02-24,2.0,9.0,11.0,12.0,16.0,24.0,43.0,,6.0,0.0,2.0,4.0,2.0,3.0,1.0,0.0,0.0,1.0,9812450.0,2.0,173900.0,288.0,19200.0,191.0,9600.0,8887.6,640.0,4577.0,320.0,112189.8,40.0,35209894.0,2,,,,,,
22/008,2022-03-03,12.0,19.0,21.0,22.0,40.0,43.0,46.0,12,4.0,2.0,3.0,3.0,0.0,2.0,2.0,1.0,1.0,0.0,0.0,0.0,0.0,26.0,160450.0,69.0,9600.0,1955.2,640.0,2153.5,320.0,43365.1,40.0,29256378.0,12,,,,,,
22/009,2022-03-08,1.0,5.0,23.0,42.0,46.0,49.0,11.0,,3.0,3.0,4.0,2.0,2.0,0.0,1.0,0.0,3.0,0.0,0.0,0.0,0.0,38.0,103380.0,120.0,9600.0,2071.0,640.0,4518.4,320.0,43539.0,40.0,30478158.0,1,,,,,,
22/010,2022-03-11,11.0,20.0,23.0,29.0,38.0,47.0,12.0,23,3.0,3.0,4.0,2.0,0.0,2.0,2.0,1.0,1.0,0.0,0.0,1.0,1527900.0,128.5,31700.0,188.0,9600.0,3106.9,640.0,5200.5,320.0,54166.6,40.0,34847236.0,11,,,,,,
22/011,2022-03-15,3.0,10.0,12.0,28.0,39.0,48.0,17.0,,3.0,3.0,2.0,4.0,2.0,1.0,1.0,1.0,1.0,0.5,12177340.0,1.0,1437790.0,90.5,42360.0,193.5,9600.0,4690.6,640.0,5096.7,320.0,75553.0,40.0,37122142.0,3,,,,,,
22/012,2022-03-18,12.0,18.0,22.0,30.0,40.0,49.0,15.0,12,3.0,3.0,1.0,5.0,0.0,2.0,2.0,1.0,1.0,0.5,8221665.0,2.5,568790.0,108.5,34940.0,135.0,9600.0,3736.2,640.0,3462.9,320.0,62949.4,40.0,32834894.0,12,,,,,,
22/013,2022-03-22,6.0,28.0,32.0,33.0,40.0,45.0,1.0,40,1.0,5.0,2.0,4.0,1.0,0.0,1.0,3.0,1.0,0.0,0.0,0.0,0.0,32.0,134950.0,81.3,9600.0,2153.2,640.0,3168.2,320.0,42420.7,40.0,30987235.0,6,,,,,,
22/014,2022-03-25,15.0,20.0,26.0,28.0,29.0,46.0,12.0,28,2.0,4.0,2.0,4.0,0.0,2.0,3.0,0.0,1.0,1.0,19936240.0,0.0,0.0,54.0,86200.0,106.0,9600.0,2002.8,640.0,3634.2,320.0,42651.4,40.0,33253445.0,15,,,,,,
22/015,2022-03-29,8.0,18.0,21.0,35.0,37.0,38.0,10.0,,3.0,3.0,3.0,3.0,1.0,1.0,1.0,3.0,0.0,0.0,0.0,0.0,0.0,27.5,114390.0,114.5,9600.0,2354.2,640.0,3473.3,320.0,44748.9,40.0,26203620.0,8,,,,,,
22/016,2022-04-01,4.0,8.0,21.0,40.0,46.0,49.0,34.0,"8,21",3.0,3.0,2.0,4.0,2.0,0.0,1.0,1.0,2.0,0.0,0.0,0.5,852070.0,27.0,168310.0,57.0,9600.0,1907.5,640.0,2576.7,320.0,41588.4,40.0,31001265.0,4,,,,,,
22/017,2022-04-05,9.0,11.0,12.0,22.0,29.0,42.0,3.0,,4.0,2.0,3.0,3.0,1.0,2.0,2.0,0.0,1.0,0.5,9012890.0,5.5,174630.0,149.0,19200.0,416.5,9600.0,5958.0,640.0,8870.1,320.0,83595.9,40.0,34100846.0,9,,,,,,
22/018,2022-04-08,10.0,20.0,36.0,38.0,43.0,48.0,30.0,,2.0,4.0,1.0,5.0,1.0,1.0,0.0,2.0,2.0,0.0,0.0,2.0,701750.0,36.0,103960.0,171.0,9600.0,2470.5,640.0,4590.0,320.0,43476.7,40.0,30949464.0,10,,,,,,
22/019,2022-04-12,8.0,11.0,12.0,20.0,26.0,30.0,28.0,20,4.0,2.0,1.0,5.0,1.0,3.0,2.0,0.0,0.0,0.5,7771010.0,5.5,140520.0,188.0,19200.0,462.1,9600.0,7065.3,640.0,8706.0,320.0,90434.6,40.0,34091737.0,8,,,,,,
22/020,2022-04-15,21.0,25.0,30.0,36.0,37.0,47.0,42.0,30,1.0,5.0,4.0,2.0,0.0,0.0,3.0,2.0,1.0,0.5,6343050.0,1.5,1092240.0,67.0,65200.0,90.0,9600.0,2075.0,640.0,2515.7,320.0,36839.5,40.0,30506071.0,21,,,,,,
22/021,2022-04-19,12.0,23.0,28.0,34.0,39.0,46.0,44.0,,2.0,4.0,2.0,4.0,0.0,1.0,2.0,2.0,1.0,0.0,0.0,0.0,0.0,51.0,70610.0,99.0,9600.0,2494.5,640.0,2682.5,320.0,44282.4,40.0,27908717.0,12,,,,,,
22/022,2022-04-22,8.0,11.0,15.0,19.0,34.0,37.0,25.0,34,4.0,2.0,4.0,2.0,1.0,3.0,0.0,2.0,0.0,0.0,0.0,1.5,1077920.0,44.0,97990.0,117.5,9600.0,2581.4,640.0,3948.2,320.0,53093.7,40.0,33356654.0,8,,,,,,
22/023,2022-04-26,9.0,23.0,30.0,32.0,34.0,40.0,25.0,34,2.0,4.0,2.0,4.0,1.0,0.0,2.0,3.0,0.0,0.0,0.0,0.0,0.0,45.0,102990.0,186.5,9600.0,3194.1,640.0,4213.6,320.0,59201.4,40.0,37562137.0,9,,,,,,
22/024,2022-04-29,1.0,7.0,16.0,28.0,31.0,48.0,18.0,,3.0,3.0,3.0,3.0,2.0,1.0,1.0,1.0,1.0,0.0,0.0,2.0,817380.0,68.5,63640.0,272.5,9600.0,4106.0,640.0,6503.0,320.0,75068.4,40.0,41303475.0,1,,,,,,
22/025,2022-05-03,3.0,8.0,11.0,15.0,18.0,40.0,41.0,,5.0,1.0,3.0,3.0,2.0,3.0,0.0,1.0,0.0,0.0,0.0,4.0,456250.0,118.5,41060.0,179.0,9600.0,6603.9,640.0,5015.9,320.0,110377.4,40.0,46917024.0,3,,,,,,
22/026,2022-05-06,2.0,15.0,41.0,42.0,44.0,46.0,40.0,15,2.0,4.0,2.0,4.0,1.0,1.0,0.0,0.0,4.0,1.0,42745410.0,1.5,1959590.0,54.5,143820.0,221.0,9600.0,3294.5,640.0,5170.6,320.0,63577.6,40.0,55484827.0,2,,,,,,
22/027,2022-05-10,12.0,14.0,19.0,39.0,41.0,48.0,33.0,41,3.0,3.0,3.0,3.0,0.0,3.0,0.0,1.0,2.0,0.0,0.0,1.0,1474770.0,30.5,128940.0,85.5,9600.0,1636.5,640.0,2449.2,320.0,34709.6,40.0,27489794.0,12,,,,,,
22/028,2022-05-13,1.0,5.0,10.0,22.0,30.0,34.0,42.0,,4.0,2.0,2.0,4.0,3.0,0.0,2.0,1.0,0.0,1.0,12146300.0,0.0,0.0,113.2,32550.0,140.0,9600.0,5075.3,640.0,3906.7,320.0,83682.9,40.0,35768397.0,1,,,,,,
22/029,2022-05-17,4.0,7.0,29.0,35.0,40.0,46.0,17.0,,2.0,4.0,3.0,3.0,2.0,0.0,1.0,2.0,1.0,0.0,0.0,0.5,844550.0,38.0,118530.0,134.0,9600.0,2410.5,640.0,3694.1,320.0,47349.5,40.0,33851150.0,4,,,,,,
22/030,2022-05-20,27.0,30.0,36.0,38.0,45.0,46.0,34.0,46,0.0,6.0,2.0,4.0,0.0,0.0,2.0,2.0,2.0,0.0,0.0,1.0,1988520.0,50.0,106050.0,141.0,9600.0,2711.5,640.0,3861.7,320.0,51885.4,40.0,38829817.0,27,,,,,,
22/031,2022-05-24,5.0,7.0,8.0,17.0,47.0,49.0,34.0,,4.0,2.0,5.0,1.0,3.0,1.0,0.0,0.0,2.0,0.0,0.0,1.0,1882330.0,94.5,53110.0,153.0,9600.0,5721.2,640.0,4684.2,320.0,93022.0,40.0,44704001.0,5,,,,,,
22/032,2022-05-27,1.0,17.0,25.0,29.0,42.0,46.0,8.0,17,2.0,4.0,4.0,2.0,1.0,1.0,2.0,0.0,2.0,0.0,0.0,0.5,1286970.0,49.5,138660.0,166.5,9600.0,3232.0,640.0,5761.7,320.0,66489.5,40.0,50049897.0,1,,,,,,
22/033,2022-05-31,2.0,13.0,35.0,39.0,43.0,48.0,9.0,,2.0,4.0,4.0,2.0,1.0,1.0,0.0,2.0,2.0,1.5,25632360.0,1.0,2994200.0,99.0,80650.0,292.0,9600.0,4496.0,640.0,7961.0,320.0,83700.9,40.0,62058835.0,2,,,,,,
22/034,2022-06-03,1.0,27.0,32.0,35.0,38.0,44.0,24.0,35,1.0,5.0,3.0,3.0,1.0,0.0,1.0,3.0,1.0,0.0,0.0,1.0,1805860.0,37.0,130150.0,66.5,9600.0,2053.5,640.0,2972.1,320.0,40801.5,40.0,32899147.0,1,,,,,,
22/035,2022-06-07,9.0,16.0,21.0,35.0,47.0,48.0,36.0,35,3.0,3.0,4.0,2.0,1.0,1.0,1.0,1.0,2.0,0.0,0.0,0.5,1085900.0,45.5,127280.0,126.5,9600.0,2787.0,640.0,4109.7,320.0,54975.5,40.0,41523842.0,9,,,,,,
22/036,2022-06-10,11.0,17.0,24.0,26.0,37.0,41.0,34.0,,3.0,3.0,4.0,2.0,0.0,2.0,2.0,1.0,1.0,0.0,0.0,1.0,2296470.0,83.0,73780.0,200.0,9600.0,4639.2,640.0,5934.9,320.0,80065.1,40.0,49657075.0,11,,,,,,
22/037,2022-06-14,7.0,16.0,21.0,30.0,34.0,38.0,41.0,,3.0,3.0,2.0,4.0,1.0,1.0,2.0,2.0,0.0,0.0,0.0,0.5,1378155.0,71.5,102790.0,185.5,9600.0,4415.4,640.0,5359.0,320.0,87470.9,40.0,55579863.0,7,,,,,,
22/038,2022-06-17,9.0,17.0,24.0,27.0,33.0,39.0,48.0,,3.0,3.0,5.0,1.0,1.0,1.0,2.0,2.0,0.0,2.0,19797720.0,9.5,261670.0,183.0,36220.0,443.5,9600.0,8621.3,640.0,8994.5,320.0,133173.5,40.0,67022158.0,9,,,,,,
22/039,2022-06-21,2.0,15.0,20.0,30.0,47.0,48.0,44.0,,3.0,3.0,2.0,4.0,1.0,2.0,1.0,0.0,2.0,0.0,0.0,0.0,0.0,38.0,148360.0,103.5,9600.0,2782.0,640.0,3373.0,320.0,56067.4,40.0,39970913.0,2,,,,,,
22/040,2022-06-27,1.0,13.0,19.0,26.0,29.0,37.0,15.0,,3.0,3.0,5.0,1.0,1.0,2.0,2.0,1.0,0.0,1.5,58730450.0,4.5,2081160.0,299.0,83520.0,712.0,9600.0,17587.5,640.0,20707.1,320.0,332453.7,40.0,197454377.0,1,,,,,,
22/041,2022-07-03,19.0,21.0,23.0,26.0,37.0,39.0,13.0,"19,26,37",3.0,3.0,5.0,1.0,0.0,1.0,3.0,2.0,0.0,1.0,8000000.0,0.5,1115600.0,65.5,90830.0,186.0,9600.0,3407.4,640.0,5786.5,320.0,61036.0,40.0,45565392.0,19,,,,,,
22/042,2022-07-05,9.0,30.0,31.0,32.0,37.0,40.0,25.0,37,1.0,5.0,3.0,3.0,1.0,0.0,1.0,4.0,0.0,0.0,0.0,0.0,0.0,37.5,123910.0,122.0,9600.0,2509.9,640.0,3720.3,320.0,47854.1,40.0,34534407.0,9,,,,,,
22/043,2022-07-08,7.0,10.0,28.0,30.0,32.0,36.0,27.0,"30,32",2.0,4.0,1.0,5.0,2.0,0.0,2.0,2.0,0.0,0.0,0.0,1.0,1950720.0,83.5,62290.0,184.2,9600.0,4352.5,640.0,5677.3,320.0,80431.2,40.0,44220208.0,7,,,,,,
22/044,2022-07-12,4.0,13.0,22.0,27.0,43.0,47.0,23.0,,3.0,3.0,4.0,2.0,1.0,1.0,2.0,0.0,2.0,0.0,0.0,2.0,1351460.0,66.5,108380.0,185.0,9600.0,3526.4,640.0,5868.6,320.0,72507.3,40.0,52986580.0,4,,,,,,
22/045,2022-07-15,19.0,20.0,25.0,29.0,46.0,47.0,35.0,47,2.0,4.0,4.0,2.0,0.0,2.0,2.0,0.0,2.0,0.0,0.0,0.0,0.0,68.5,115450.0,171.5,9600.0,4029.5,640.0,5637.0,320.0,76542.5,40.0,57069234.0,19,,,,,,
22/046,2022-07-22,5.0,12.0,21.0,30.0,34.0,38.0,3.0,,3.0,3.0,2.0,4.0,1.0,1.0,2.0,2.0,0.0,1.0,47333350.0,2.0,1961180.0,168.0,62250.0,421.5,9600.0,9023.0,640.0,12506.5,320.0,156298.9,40.0,90389776.0,5,,,,,,
22/047,2022-07-26,6.0,14.0,23.0,31.0,38.0,48.0,1.0,38,3.0,3.0,2.0,4.0,1.0,1.0,1.0,2.0,1.0,0.0,0.0,2.5,710540.0,57.5,82380.0,127.5,9600.0,2739.7,640.0,4411.2,320.0,52757.8,40.0,36135000.0,6,,,,,,
22/048,2022-07-28,8.0,13.0,16.0,21.0,23.0,49.0,44.0,23,5.0,1.0,4.0,2.0,1.0,2.0,2.0,0.0,1.0,0.0,0.0,0.0,0.0,37.0,124080.0,97.5,9600.0,2960.4,640.0,3379.5,320.0,62308.4,40.0,35217338.0,8,,,,,,
22/049,2022-07-30,21.0,25.0,34.0,37.0,41.0,46.0,14.0,21,1.0,5.0,4.0,2.0,0.0,0.0,2.0,2.0,2.0,1.0,21531600.0,2.5,885990.0,37.5,157500.0,124.5,9600.0,2694.0,640.0,3577.5,320.0,50742.4,40.0,41334851.0,21,,,,,,
22/050,2022-08-02,4.0,8.0,9.0,11.0,42.0,46.0,47.0,46,4.0,2.0,2.0,4.0,3.0,1.0,0.0,0.0,2.0,0.0,0.0,0.0,0.0,62.0,64150.0,104.0,9600.0,3709.9,640.0,3674.5,320.0,72092.3,40.0,33998792.0,4,,,,,,
22/051,2022-08-04,13.0,24.0,30.0,35.0,36.0,39.0,29.0,,2.0,4.0,3.0,3.0,0.0,1.0,2.0,3.0,0.0,0.0,0.0,1.0,1849760.0,56.0,88080.0,184.2,9600.0,3498.1,640.0,4893.7,320.0,63514.7,40.0,40120548.0,13,,,,,,
22/052,2022-08-09,1.0,12.0,25.0,28.0,36.0,46.0,13.0,36,2.0,4.0,2.0,4.0,1.0,1.0,2.0,1.0,1.0,3.0,18489150.0,10.5,554520.0,174.5,88970.0,562.0,9600.0,10456.2,640.0,15009.9,320.0,200845.7,40.0,125147677.0,1,,,,,,
22/053,2022-08-11,7.0,12.0,22.0,26.0,43.0,49.0,5.0,12,3.0,3.0,3.0,3.0,1.0,1.0,2.0,0.0,2.0,0.0,0.0,0.0,0.0,53.0,69740.0,158.5,9600.0,3072.5,640.0,4662.0,320.0,55420.0,40.0,32132482.0,7,,,,,,
22/054,2022-08-13,6.0,22.0,25.0,33.0,38.0,47.0,10.0,22,2.0,4.0,3.0,3.0,1.0,0.0,2.0,2.0,1.0,0.0,0.0,0.0,0.0,62.0,74700.0,180.5,9600.0,3235.6,640.0,4982.1,320.0,59877.7,40.0,37996322.0,6,,,,,,
22/055,2022-08-16,7.0,20.0,31.0,35.0,41.0,47.0,42.0,47,2.0,4.0,5.0,1.0,1.0,1.0,0.0,2.0,2.0,0.5,12150565.0,0.0,0.0,54.0,131140.0,176.0,9600.0,3606.5,640.0,4770.0,320.0,71324.0,40.0,51542307.0,7,,,,,,
22/056,2022-08-18,2.0,8.0,19.0,21.0,24.0,47.0,4.0,47,5.0,1.0,3.0,3.0,2.0,1.0,2.0,0.0,1.0,0.5,9993710.0,4.5,383780.0,88.5,52030.0,266.0,9600.0,4152.0,640.0,6965.3,320.0,78366.2,40.0,43012629.0,2,,,,,,
22/057,2022-08-20,8.0,17.0,19.0,28.0,31.0,35.0,46.0,"8,19",3.0,3.0,4.0,2.0,1.0,2.0,1.0,2.0,0.0,0.0,0.0,1.0,1920700.0,55.7,91950.0,139.5,9600.0,3368.9,640.0,3823.5,320.0,65544.1,40.0,39651234.0,8,,,,,,
22/058,2022-08-23,4.0,8.0,9.0,10.0,30.0,42.0,22.0,8,4.0,2.0,1.0,5.0,4.0,0.0,1.0,0.0,1.0,0.0,0.0,5.5,261130.0,148.5,25790.0,484.5,9600.0,7441.7,640.0,10134.1,320.0,108962.9,40.0,48713465.0,4,,,,,,
22/059,2022-08-25,16.0,19.0,32.0,33.0,42.0,46.0,34.0,42,2.0,4.0,2.0,4.0,0.0,2.0,0.0,2.0,2.0,1.5,18078230.0,0.0,0.0,56.5,110950.0,147.0,9600.0,3191.5,640.0,4785.0,320.0,62403.8,40.0,45747959.0,16,,,,,,
22/060,2022-08-27,12.0,22.0,34.0,35.0,39.0,45.0,7.0,,2.0,4.0,3.0,3.0,0.0,1.0,1.0,3.0,1.0,1.0,8000000.0,0.5,814000.0,49.0,88590.0,126.0,9600.0,2438.4,640.0,4168.5,320.0,46982.2,40.0,33167024.0,12,,,,,,
22/061,2022-08-30,7.0,8.0,9.0,17.0,24.0,25.0,20.0,,5.0,1.0,4.0,2.0,3.0,1.0,2.0,0.0,0.0,1.0,8000000.0,2.0,425160.0,193.5,19200.0,281.7,9600.0,6727.0,640.0,6199.5,320.0,94548.3,40.0,36205482.0,7,,,,,,
22/062,2022-09-01,23.0,24.0,30.0,31.0,45.0,46.0,26.0,24,2.0,4.0,3.0,3.0,0.0,0.0,3.0,1.0,2.0,0.0,0.0,4.0,417610.0,82.5,53990.0,81.5,9600.0,2787.0,640.0,2974.4,320.0,45311.8,40.0,32533897.0,23,,,,,,
22/063,2022-09-03,2.0,8.0,12.0,19.0,35.0,45.0,33.0,45,4.0,2.0,3.0,3.0,2.0,2.0,0.0,1.0,1.0,0.0,0.0,1.0,1419720.0,127.0,29810.0,163.5,9600.0,5252.9,640.0,4645.4,320.0,79108.6,40.0,37006024.0,2,,,,,,
22/064,2022-09-06,14.0,22.0,35.0,37.0,42.0,46.0,24.0,35,2.0,4.0,2.0,4.0,0.0,1.0,1.0,2.0,2.0,0.0,0.0,1.5,1610210.0,61.0,105580.0,193.0,9600.0,3608.5,640.0,5355.3,320.0,66476.7,40.0,48573532.0,14,,,,,,
22/065,2022-09-08,8.0,14.0,15.0,20.0,41.0,44.0,3.0,14,4.0,2.0,2.0,4.0,1.0,3.0,0.0,0.0,2.0,0.0,0.0,0.0,0.0,70.5,99600.0,202.5,9600.0,3606.0,640.0,5946.2,320.0,73436.8,40.0,52561188.0,8,,,,,,
22/066,2022-09-13,2.0,4.0,20.0,38.0,40.0,46.0,11.0,20,3.0,3.0,0.0,6.0,2.0,1.0,0.0,2.0,1.0,3.0,29226960.0,4.5,2050430.0,186.5,131930.0,694.5,9600.0,12494.7,640.0,19929.7,320.0,248833.7,40.0,182576789.0,2,,,,,,
22/067,2022-09-15,21.0,23.0,29.0,30.0,33.0,49.0,40.0,,2.0,4.0,5.0,1.0,0.0,0.0,4.0,1.0,1.0,0.0,0.0,1.0,1661820.0,38.0,116610.0,103.5,9600.0,2745.2,640.0,3185.6,320.0,53647.6,40.0,33500720.0,21,,,,,,
22/068,2022-09-17,5.0,17.0,22.0,24.0,34.0,38.0,13.0,,4.0,2.0,2.0,4.0,1.0,1.0,2.0,2.0,0.0,0.0,0.0,2.0,820970.0,63.0,69500.0,186.0,9600.0,3467.9,640.0,4931.0,320.0,65176.6,40.0,37442505.0,5,,,,,,
22/069,2022-09-20,4.0,7.0,14.0,18.0,27.0,31.0,48.0,,4.0,2.0,3.0,3.0,2.0,2.0,1.0,1.0,0.0,0.0,0.0,2.0,1022850.0,117.5,46420.0,231.0,9600.0,5447.5,640.0,5603.0,320.0,90324.8,40.0,48327547.0,4,,,,,,
22/070,2022-09-22,8.0,11.0,31.0,32.0,33.0,36.0,46.0,31,2.0,4.0,3.0,3.0,1.0,1.0,0.0,4.0,0.0,0.0,0.0,1.0,2402310.0,110.7,57860.0,220.5,9600.0,5752.2,640.0,6046.0,320.0,97195.7,40.0,54111404.0,8,,,,,,
22/071,2022-09-24,4.0,6.0,10.0,27.0,29.0,46.0,17.0,,3.0,3.0,2.0,4.0,3.0,0.0,2.0,0.0,1.0,1.0,34648370.0,7.0,398970.0,137.5,54160.0,259.5,9600.0,5479.0,640.0,7333.5,320.0,101190.4,40.0,60837506.0,4,,,,,,
22/072,2022-09-27,2.0,18.0,29.0,30.0,32.0,47.0,46.0,29,2.0,4.0,2.0,4.0,1.0,1.0,2.0,1.0,1.0,1.0,8000000.0,0.5,931960.0,29.5,168490.0,129.5,9600.0,2436.6,640.0,3647.0,320.0,51102.1,40.0,36423869.0,2,,,,,,
22/073,2022-09-29,6.0,8.0,18.0,36.0,37.0,44.0,30.0,18,3.0,3.0,1.0,5.0,2.0,1.0,0.0,2.0,1.0,1.0,8000000.0,1.0,1714440.0,45.0,101590.0,134.9,9600.0,2992.9,640.0,3883.1,320.0,57355.2,40.0,35754279.0,6,,,,,,
22/074,2022-10-02,1.0,7.0,11.0,24.0,27.0,38.0,17.0,,4.0,2.0,4.0,2.0,2.0,1.0,2.0,1.0,0.0,0.0,0.0,7.5,132190.0,122.5,21580.0,508.5,9600.0,5485.8,640.0,9756.1,320.0,81310.7,40.0,33627101.0,1,,,,,,
22/075,2022-10-04,7.0,8.0,12.0,13.0,26.0,43.0,3.0,7,4.0,2.0,3.0,3.0,2.0,2.0,1.0,0.0,1.0,0.5,5720265.0,2.5,458730.0,99.0,30890.0,389.0,9600.0,5097.3,640.0,9577.3,320.0,81246.3,40.0,38897182.0,7,,,,,,
22/076,2022-10-06,4.0,11.0,21.0,28.0,31.0,47.0,5.0,,3.0,3.0,4.0,2.0,1.0,1.0,2.0,1.0,1.0,0.5,5227420.0,1.5,1052120.0,98.5,42720.0,201.5,9600.0,4051.1,640.0,5631.0,320.0,66723.6,40.0,38073758.0,4,,,,,,
22/077,2022-10-08,7.0,11.0,28.0,31.0,43.0,48.0,42.0,"11,28,31",2.0,4.0,4.0,2.0,1.0,1.0,1.0,1.0,2.0,1.0,10556950.0,1.5,1184340.0,71.5,66250.0,121.0,9600.0,3158.0,640.0,3534.2,320.0,61313.6,40.0,36631394.0,7,,,,,,
22/078,2022-10-11,1.0,5.0,10.0,25.0,36.0,47.0,23.0,,3.0,3.0,4.0,2.0,3.0,0.0,1.0,1.0,1.0,0.0,0.0,0.5,793940.0,76.0,55710.0,179.5,9600.0,3650.5,640.0,4887.6,320.0,67591.1,40.0,36963014.0,1,,,,,,
22/079,2022-10-13,1.0,10.0,14.0,38.0,47.0,48.0,40.0,"1,10,47",3.0,3.0,2.0,4.0,2.0,1.0,0.0,1.0,2.0,0.0,0.0,0.5,1017910.0,59.0,92010.0,105.5,9600.0,3009.5,640.0,3439.5,320.0,59476.2,40.0,39505659.0,1,,,,,,
22/080,2022-10-15,18.0,21.0,25.0,28.0,38.0,44.0,45.0,38,2.0,4.0,2.0,4.0,0.0,1.0,3.0,1.0,1.0,0.0,0.0,1.5,1390910.0,76.5,72720.0,139.5,9600.0,3631.0,640.0,4014.7,320.0,69758.6,40.0,42634934.0,18,,,,,,
22/081,2022-10-18,7.0,25.0,26.0,39.0,44.0,45.0,46.0,"25,44",1.0,5.0,4.0,2.0,1.0,0.0,2.0,1.0,2.0,0.0,0.0,2.0,1334310.0,71.0,100220.0,188.5,9600.0,3632.0,640.0,5408.0,320.0,71448.6,40.0,52357252.0,7,,,,,,
22/082,2022-10-20,20.0,24.0,27.0,31.0,32.0,49.0,36.0,,2.0,4.0,3.0,3.0,0.0,1.0,2.0,2.0,1.0,0.0,0.0,2.0,1552920.0,74.0,111920.0,211.5,9600.0,4616.2,640.0,6295.7,320.0,90227.6,40.0,61781365.0,20,,,,,,
22/083,2022-10-22,12.0,15.0,16.0,42.0,44.0,45.0,4.0,,3.0,3.0,2.0,4.0,0.0,3.0,0.0,0.0,3.0,0.0,0.0,0.5,1907365.0,86.0,118280.0,231.5,9600.0,4904.0,640.0,7787.9,320.0,96827.0,40.0,73468382.0,12,,,,,,
22/084,2022-10-25,27.0,28.0,30.0,34.0,35.0,48.0,11.0,,0.0,6.0,2.0,4.0,0.0,0.0,3.0,2.0,1.0,0.5,33988910.0,2.5,2016580.0,172.5,77930.0,390.0,9600.0,8486.7,640.0,13116.4,320.0,159070.3,40.0,104943367.0,27,,,,,,
22/085,2022-10-29,4.0,5.0,12.0,15.0,28.0,29.0,20.0,28,4.0,2.0,3.0,3.0,2.0,2.0,2.0,0.0,0.0,1.0,52210140.0,12.0,394720.0,346.5,36450.0,681.5,9600.0,14468.0,640.0,16938.3,320.0,223441.9,40.0,120113059.0,4,,,,,,
22/086,2022-11-01,2.0,12.0,14.0,32.0,41.0,46.0,20.0,12,3.0,3.0,1.0,5.0,1.0,2.0,0.0,1.0,2.0,0.0,0.0,0.0,0.0,34.0,145900.0,124.0,9600.0,2358.9,640.0,3907.7,320.0,49078.8,40.0,36189124.0,2,,,,,,
22/087,2022-11-03,10.0,13.0,19.0,21.0,27.0,49.0,35.0,,4.0,2.0,5.0,1.0,1.0,2.0,2.0,0.0,1.0,0.0,0.0,1.5,1253510.0,51.5,97360.0,137.5,9600.0,3311.2,640.0,3999.6,320.0,68330.1,40.0,39309446.0,10,,,,,,
22/088,2022-11-05,7.0,11.0,22.0,23.0,28.0,32.0,29.0,,4.0,2.0,3.0,3.0,1.0,1.0,3.0,1.0,0.0,1.0,19627440.0,4.0,343860.0,176.5,20780.0,329.7,9600.0,8286.3,640.0,8117.3,320.0,117400.9,40.0,46650854.0,7,,,,,,
22/089,2022-11-08,10.0,20.0,27.0,32.0,38.0,46.0,4.0,32,2.0,4.0,1.0,5.0,1.0,1.0,1.0,2.0,1.0,0.0,0.0,0.0,0.0,60.0,80890.0,156.5,9600.0,3017.5,640.0,4310.0,320.0,55604.2,40.0,37724090.0,10,,,,,,
22/090,2022-11-10,11.0,12.0,14.0,18.0,29.0,30.0,31.0,,4.0,2.0,2.0,4.0,0.0,4.0,2.0,0.0,0.0,0.0,0.0,4.5,343070.0,117.2,35120.0,256.5,9600.0,5345.7,640.0,5951.5,320.0,87719.3,40.0,41865200.0,11,,,,,,
22/091,2022-11-13,5.0,12.0,18.0,19.0,26.0,33.0,46.0,"12,18",4.0,2.0,3.0,3.0,1.0,3.0,1.0,1.0,0.0,1.0,19971910.0,1.5,1226720.0,325.2,19200.0,235.0,9600.0,6037.4,640.0,5419.0,320.0,94328.7,40.0,49216310.0,5,,,,,,
22/092,2022-11-15,17.0,18.0,32.0,38.0,44.0,49.0,19.0,18,2.0,4.0,2.0,4.0,0.0,2.0,0.0,2.0,2.0,0.0,0.0,1.5,1126410.0,47.5,94850.0,125.5,9600.0,2637.0,640.0,3679.5,320.0,48111.5,40.0,34023185.0,17,,,,,,
22/093,2022-11-17,1.0,9.0,27.0,32.0,33.0,35.0,45.0,32,2.0,4.0,5.0,1.0,2.0,0.0,1.0,3.0,0.0,2.0,6965150.0,1.0,1482570.0,45.5,108610.0,137.5,9600.0,3533.4,640.0,4502.0,320.0,68944.0,40.0,39549034.0,1,,,,,,
22/094,2022-11-19,6.0,11.0,27.0,39.0,46.0,47.0,15.0,27,2.0,4.0,4.0,2.0,1.0,1.0,1.0,1.0,2.0,0.0,0.0,0.0,0.0,44.0,99690.0,91.0,9600.0,2421.2,640.0,3112.0,320.0,51267.0,40.0,32445526.0,6,,,,,,
22/095,2022-11-22,6.0,10.0,11.0,13.0,32.0,46.0,39.0,"6,11,46",4.0,2.0,2.0,4.0,2.0,2.0,0.0,1.0,1.0,0.0,0.0,1.0,1926660.0,65.0,79040.0,130.0,9600.0,3887.7,640.0,5017.2,320.0,79834.0,40.0,41944030.0,6,,,,,,
22/096,2022-11-24,3.0,12.0,14.0,19.0,25.0,28.0,11.0,,4.0,2.0,3.0,3.0,1.0,3.0,2.0,0.0,0.0,1.0,19644220.0,3.5,401830.0,111.0,33780.0,395.9,9600.0,4874.9,640.0,9444.2,320.0,81561.9,40.0,43534602.0,3,,,,,,
22/097,2022-11-26,14.0,25.0,28.0,29.0,43.0,44.0,10.0,"14,25,28",1.0,5.0,3.0,3.0,0.0,1.0,3.0,0.0,2.0,0.0,0.0,1.0,1677580.0,40.5,110450.0,87.5,9600.0,1917.5,640.0,2995.9,320.0,39170.4,40.0,31264295.0,14,,,,,,
22/098,2022-11-29,12.0,18.0,22.0,28.0,31.0,40.0,7.0,28,3.0,3.0,1.0,5.0,0.0,2.0,2.0,2.0,0.0,1.0,12879910.0,3.5,464750.0,86.0,50430.0,243.7,9600.0,4115.9,640.0,7299.6,320.0,69984.1,40.0,40788310.0,12,,,,,,
22/099,2022-12-01,14.0,18.0,27.0,32.0,39.0,42.0,43.0,18,2.0,4.0,2.0,4.0,0.0,2.0,1.0,2.0,1.0,0.0,0.0,2.0,811800.0,47.2,91720.0,85.0,9600.0,2911.2,640.0,2823.7,320.0,51588.3,40.0,32483170.0,14,,,,,,
22/100,2022-12-03,2.0,15.0,31.0,34.0,38.0,41.0,21.0,,2.0,4.0,3.0,3.0,1.0,1.0,0.0,3.0,1.0,0.5,6890405.0,1.0,1926930.0,56.5,90940.0,118.5,9600.0,2456.5,640.0,3887.2,320.0,45697.5,40.0,36848745.0,2,,,,,,
22/101,2022-12-06,6.0,11.0,17.0,30.0,44.0,46.0,5.0,,3.0,3.0,2.0,4.0,1.0,2.0,1.0,0.0,2.0,0.0,0.0,2.0,844930.0,54.0,83450.0,217.5,9600.0,3646.5,640.0,6108.4,320.0,68960.2,40.0,39842318.0,6,,,,,,
22/102,2022-12-08,17.0,19.0,35.0,39.0,44.0,46.0,21.0,"17,44,46",2.0,4.0,4.0,2.0,0.0,2.0,0.0,2.0,2.0,0.5,9376130.0,2.0,1132040.0,56.5,106850.0,127.0,9600.0,2943.0,640.0,3764.0,320.0,56359.0,40.0,42867141.0,17,,,,,,
22/103,2022-12-10,6.0,12.0,20.0,25.0,39.0,49.0,7.0,39,3.0,3.0,3.0,3.0,1.0,2.0,1.0,1.0,1.0,0.0,0.0,2.0,849940.0,54.5,83170.0,179.5,9600.0,3306.1,640.0,5702.2,320.0,64097.4,40.0,38298392.0,6,,,,,,
22/104,2022-12-13,12.0,38.0,39.0,40.0,45.0,49.0,10.0,"12,39,49",1.0,5.0,3.0,3.0,0.0,1.0,0.0,3.0,2.0,0.0,0.0,1.0,2232500.0,64.5,92290.0,150.0,9600.0,3455.5,640.0,5073.0,320.0,66195.7,40.0,44959369.0,12,,,,,,
22/105,2022-12-15,5.0,7.0,18.0,26.0,31.0,45.0,30.0,45,3.0,3.0,4.0,2.0,2.0,1.0,1.0,1.0,1.0,0.0,0.0,3.0,762460.0,68.0,89700.0,212.2,9600.0,4182.0,640.0,6128.4,320.0,79416.8,40.0,49275593.0,5,,,,,,
22/106,2022-12-17,6.0,14.0,15.0,26.0,35.0,40.0,8.0,26,3.0,3.0,2.0,4.0,1.0,2.0,1.0,2.0,0.0,0.0,0.0,5.5,507560.0,67.0,111100.0,204.5,9600.0,3711.8,640.0,6073.1,320.0,71626.5,40.0,54811827.0,6,,,,,,
22/107,2022-12-20,28.0,36.0,37.0,38.0,41.0,45.0,42.0,,0.0,6.0,3.0,3.0,0.0,0.0,1.0,3.0,2.0,0.0,0.0,5.5,664970.0,116.0,84070.0,290.0,9600.0,5389.4,640.0,7520.4,320.0,101003.3,40.0,73099838.0,28,,,,,,
22/108,2022-12-22,16.0,18.0,19.0,33.0,41.0,46.0,37.0,41,3.0,3.0,3.0,3.0,0.0,3.0,0.0,1.0,2.0,1.0,59781380.0,3.0,1377660.0,168.0,65600.0,418.5,9600.0,7526.0,640.0,9722.5,320.0,139581.1,40.0,88531446.0,16,,,,,,
22/109,2022-12-25,2.0,7.0,11.0,14.0,18.0,39.0,29.0,18,5.0,1.0,3.0,3.0,2.0,3.0,0.0,1.0,0.0,0.0,0.0,2.0,628060.0,88.0,38060.0,235.5,9600.0,4507.6,640.0,5367.7,320.0,73548.4,40.0,35199454.0,2,,,,,,
22/110,2022-12-27,5.0,13.0,18.0,32.0,39.0,45.0,44.0,"18,39",3.0,3.0,4.0,2.0,1.0,2.0,0.0,2.0,1.0,0.0,0.0,2.0,933370.0,47.5,104800.0,119.5,9600.0,2862.5,640.0,3699.0,320.0,55377.6,40.0,37136775.0,5,,,,,,
22/111,2022-12-29,1.0,2.0,21.0,33.0,41.0,45.0,4.0,45,3.0,3.0,5.0,1.0,2.0,0.0,1.0,1.0,2.0,0.0,0.0,0.0,0.0,48.0,128350.0,134.5,9600.0,3287.7,640.0,4668.0,320.0,64162.4,40.0,45151430.0,1,,,,,,
23/001,2023-01-03,7.0,20.0,25.0,27.0,35.0,43.0,1.0,,2.0,4.0,5.0,1.0,1.0,1.0,2.0,1.0,1.0,1.0,86256300.0,2.5,3500840.0,273.0,85490.0,657.5,9600.0,13756.9,640.0,21098.7,320.0,268044.2,40.0,179088381.0,7,,,,,,
23/002,2023-01-05,5.0,9.0,19.0,34.0,36.0,49.0,23.0,,3.0,3.0,4.0,2.0,2.0,1.0,0.0,2.0,1.0,1.0,8000000.0,1.5,937550.0,74.5,50330.0,169.0,9600.0,3616.9,640.0,5091.8,320.0,63759.3,40.0,34110690.0,5,,,,,,
23/003,2023-01-07,10.0,31.0,33.0,34.0,43.0,49.0,40.0,"34,49",1.0,5.0,4.0,2.0,1.0,0.0,0.0,3.0,2.0,0.0,0.0,1.0,1751100.0,45.0,103760.0,117.0,9600.0,2447.0,640.0,3153.2,320.0,47327.8,40.0,34111184.0,10,,,,,,
23/004,2023-01-10,2.0,21.0,24.0,29.0,35.0,47.0,18.0,,3.0,3.0,4.0,2.0,1.0,0.0,3.0,1.0,1.0,0.0,0.0,2.5,871860.0,39.0,149030.0,176.0,9600.0,3064.5,640.0,4447.9,320.0,59338.1,40.0,43363038.0,2,,,,,,
23/005,2023-01-12,6.0,22.0,26.0,27.0,40.0,45.0,13.0,,2.0,4.0,2.0,4.0,1.0,0.0,3.0,1.0,1.0,0.0,0.0,3.0,791240.0,51.0,124110.0,205.5,9600.0,3624.7,640.0,5472.4,320.0,72549.8,40.0,48769832.0,6,,,,,,
23/006,2023-01-14,3.0,5.0,16.0,26.0,35.0,38.0,9.0,26,3.0,3.0,3.0,3.0,2.0,1.0,1.0,2.0,0.0,2.0,14321080.0,3.0,775770.0,86.2,71990.0,284.0,9600.0,4396.4,640.0,7817.4,320.0,80636.3,40.0,52439102.0,3,,,,,,
23/007,2023-01-17,10.0,15.0,29.0,34.0,38.0,47.0,18.0,38,2.0,4.0,3.0,3.0,1.0,1.0,1.0,2.0,1.0,0.0,0.0,1.0,2005750.0,48.0,111430.0,112.5,9600.0,2431.1,640.0,3882.2,320.0,48240.0,40.0,37966702.0,10,,,,,,
23/008,2023-01-19,17.0,25.0,27.0,29.0,36.0,49.0,23.0,29,1.0,5.0,5.0,1.0,0.0,1.0,3.0,1.0,1.0,0.0,0.0,1.5,1413400.0,46.0,122900.0,191.0,9600.0,3246.2,640.0,4834.5,320.0,63327.6,40.0,43561547.0,17,,,,,,
23/009,2023-01-26,2.0,3.0,23.0,31.0,32.0,43.0,40.0,,3.0,3.0,4.0,2.0,2.0,0.0,1.0,2.0,1.0,0.5,46200065.0,9.0,1200000.0,504.0,57140.0,820.0,9600.0,22442.9,640.0,22869.2,320.0,374924.6,40.0,229021817.0,2,,,,,,
23/010,2023-01-28,2.0,12.0,16.0,38.0,45.0,46.0,14.0,2,3.0,3.0,1.0,5.0,1.0,2.0,0.0,1.0,2.0,0.0,0.0,5.5,965930.0,124.0,114240.0,391.0,9600.0,8673.5,640.0,10899.9,320.0,167909.9,40.0,108202412.0,2,,,,,,
23/011,2023-02-02,2.0,8.0,23.0,33.0,34.0,35.0,43.0,2,3.0,3.0,3.0,3.0,2.0,0.0,1.0,3.0,0.0,1.5,56039410.0,12.5,584560.0,450.0,43300.0,1067.0,9600.0,20949.3,640.0,26837.5,320.0,344462.2,40.0,184349737.0,2,,,,,,
23/012,2023-02-04,14.0,18.0,25.0,29.0,31.0,42.0,6.0,,2.0,4.0,3.0,3.0,0.0,2.0,2.0,1.0,1.0,0.0,0.0,1.0,1964580.0,52.0,100740.0,158.5,9600.0,2702.9,640.0,4476.1,320.0,51608.8,40.0,39149448.0,14,,,,,,
23/013,2023-02-07,4.0,11.0,13.0,14.0,30.0,37.0,20.0,14,4.0,2.0,3.0,3.0,1.0,3.0,1.0,1.0,0.0,0.0,0.0,0.5,1064975.0,100.5,56510.0,322.4,9600.0,5245.4,640.0,7638.7,320.0,91588.5,40.0,52155739.0,4,,,,,,
23/014,2023-02-09,1.0,9.0,13.0,27.0,29.0,40.0,20.0,13,3.0,3.0,5.0,1.0,2.0,1.0,2.0,1.0,0.0,0.0,0.0,2.0,1203530.0,76.5,83900.0,251.0,9600.0,5626.1,640.0,7159.2,320.0,105208.1,40.0,55821802.0,1,,,,,,
23/015,2023-02-11,13.0,18.0,22.0,29.0,34.0,41.0,23.0,"13,29",3.0,3.0,3.0,3.0,0.0,2.0,2.0,1.0,1.0,1.0,31022110.0,3.0,927340.0,96.5,76870.0,301.0,9600.0,4474.0,640.0,8255.2,320.0,84580.3,40.0,59553612.0,13,,,,,,
23/016,2023-02-14,3.0,13.0,19.0,32.0,33.0,39.0,24.0,13,3.0,3.0,5.0,1.0,1.0,2.0,0.0,3.0,0.0,0.0,0.0,5.5,318500.0,94.0,49690.0,201.0,9600.0,4689.6,640.0,5232.8,320.0,73909.5,40.0,41472968.0,3,,,,,,
23/017,2023-02-16,8.0,9.0,13.0,22.0,38.0,39.0,11.0,"13,39",4.0,2.0,3.0,3.0,2.0,1.0,1.0,2.0,0.0,2.5,5289720.0,1.5,1044860.0,128.5,35230.0,279.5,9600.0,5486.8,640.0,7966.9,320.0,85104.1,40.0,45531760.0,8,,,,,,
23/018,2023-02-18,4.0,12.0,20.0,28.0,34.0,49.0,43.0,,3.0,3.0,1.0,5.0,1.0,2.0,1.0,1.0,1.0,0.0,0.0,1.0,1696540.0,126.5,35760.0,108.5,9600.0,3325.9,640.0,3717.0,320.0,58440.1,40.0,35418734.0,4,,,,,,
23/019,2023-02-21,8.0,19.0,29.0,30.0,33.0,41.0,4.0,,2.0,4.0,4.0,2.0,1.0,1.0,2.0,1.0,1.0,0.0,0.0,2.0,1053860.0,66.5,84520.0,223.0,9600.0,4152.0,640.0,5166.7,320.0,77573.0,40.0,46288151.0,8,,,,,,
23/020,2023-02-23,8.0,16.0,32.0,42.0,47.0,48.0,35.0,8,2.0,4.0,1.0,5.0,1.0,1.0,0.0,1.0,3.0,0.0,0.0,0.0,0.0,69.5,97550.0,151.0,9600.0,4325.0,640.0,4649.0,320.0,72445.1,40.0,50424254.0,8,,,,,,
23/021,2023-02-25,14.0,25.0,27.0,28.0,44.0,47.0,4.0,47,1.0,5.0,3.0,3.0,0.0,1.0,3.0,0.0,2.0,0.0,0.0,1.0,2690600.0,84.5,84910.0,287.0,9600.0,4396.7,640.0,6953.1,320.0,81498.2,40.0,56972900.0,14,,,,,,
23/022,2023-02-28,8.0,13.0,29.0,33.0,40.0,42.0,3.0,,2.0,4.0,3.0,3.0,1.0,1.0,1.0,2.0,1.0,1.0,41228280.0,9.0,320860.0,224.0,34370.0,443.5,9600.0,9619.2,640.0,11433.3,320.0,138521.4,40.0,75499361.0,8,,,,,,
23/023,2023-03-02,14.0,17.0,19.0,32.0,39.0,46.0,36.0,,3.0,3.0,3.0,3.0,0.0,3.0,0.0,2.0,1.0,0.0,0.0,0.0,0.0,55.5,91150.0,116.5,9600.0,2691.0,640.0,3343.5,320.0,50340.5,40.0,36708062.0,14,,,,,,
23/024,2023-03-04,1.0,9.0,15.0,26.0,42.0,44.0,25.0,,3.0,3.0,3.0,3.0,2.0,1.0,1.0,0.0,2.0,0.0,0.0,2.0,1015520.0,44.5,121710.0,173.0,9600.0,2968.1,640.0,4725.4,320.0,61949.7,40.0,41536994.0,1,,,,,,
23/025,2023-03-07,4.0,11.0,12.0,26.0,37.0,40.0,7.0,26,3.0,3.0,2.0,4.0,1.0,2.0,1.0,2.0,0.0,0.0,0.0,3.5,653350.0,78.2,77970.0,321.5,9600.0,4698.0,640.0,9908.2,320.0,86013.4,40.0,54550110.0,4,,,,,,
23/026,2023-03-09,1.0,4.0,7.0,14.0,31.0,37.0,11.0,"4,37",4.0,2.0,4.0,2.0,3.0,1.0,0.0,2.0,0.0,0.5,13987835.0,19.0,89910.0,182.0,25030.0,983.2,9600.0,6773.1,640.0,14431.6,320.0,100439.0,40.0,57942910.0,1,,,,,,
23/027,2023-03-12,11.0,12.0,13.0,20.0,35.0,43.0,44.0,,4.0,2.0,4.0,2.0,0.0,4.0,0.0,1.0,1.0,0.0,0.0,1.0,2478390.0,61.5,107460.0,176.0,9600.0,4805.3,640.0,5275.0,320.0,91890.1,40.0,52380284.0,11,,,,,,
23/028,2023-03-14,1.0,2.0,10.0,12.0,18.0,37.0,43.0,12,5.0,1.0,2.0,4.0,3.0,2.0,0.0,1.0,0.0,0.0,0.0,2.0,1167030.0,155.0,40150.0,181.0,9600.0,7466.9,640.0,5050.5,320.0,120151.7,40.0,55626015.0,1,,,,,,
23/029,2023-03-16,18.0,21.0,28.0,30.0,34.0,40.0,14.0,18,2.0,4.0,1.0,5.0,0.0,1.0,3.0,2.0,0.0,0.0,0.0,2.0,1553770.0,104.0,79680.0,191.0,9600.0,5937.1,640.0,6620.4,320.0,101840.9,40.0,64058233.0,18,,,,,,
23/030,2023-03-18,4.0,7.0,17.0,34.0,42.0,48.0,3.0,34,3.0,3.0,2.0,4.0,2.0,1.0,0.0,1.0,2.0,1.0,48270680.0,2.0,1753790.0,110.0,85030.0,312.2,9600.0,5606.9,640.0,9059.8,320.0,109615.6,40.0,73270359.0,4,,,,,,
23/031,2023-03-21,8.0,13.0,18.0,30.0,33.0,41.0,20.0,,3.0,3.0,3.0,3.0,1.0,2.0,1.0,1.0,1.0,1.5,5333330.0,0.0,0.0,118.0,30920.0,211.5,9600.0,5758.1,640.0,5204.2,320.0,77515.4,40.0,37973034.0,8,,,,,,
23/032,2023-03-23,5.0,14.0,17.0,20.0,22.0,32.0,33.0,,5.0,1.0,2.0,4.0,1.0,3.0,1.0,1.0,0.0,0.0,0.0,0.0,0.0,47.5,99020.0,135.5,9600.0,3280.0,640.0,4591.7,320.0,61137.0,40.0,37475203.0,5,,,,,,
23/033,2023-03-25,11.0,15.0,18.0,26.0,31.0,37.0,10.0,,3.0,3.0,4.0,2.0,0.0,3.0,1.0,2.0,0.0,1.0,15024910.0,3.5,501050.0,87.5,53440.0,199.0,9600.0,3616.4,640.0,5731.1,320.0,63745.5,40.0,39733832.0,11,,,,,,
23/034,2023-03-28,9.0,10.0,16.0,41.0,44.0,46.0,39.0,,3.0,3.0,2.0,4.0,2.0,1.0,0.0,0.0,3.0,0.0,0.0,0.0,0.0,39.0,134180.0,108.5,9600.0,2470.5,640.0,3393.4,320.0,50968.1,40.0,37267945.0,9,,,,,,
23/035,2023-03-30,1.0,8.0,12.0,36.0,42.0,47.0,40.0,,3.0,3.0,2.0,4.0,2.0,1.0,0.0,1.0,2.0,0.0,0.0,3.5,572830.0,86.0,62160.0,172.0,9600.0,3991.4,640.0,5085.5,320.0,79616.5,40.0,43899412.0,1,,,,,,
23/036,2023-04-01,8.0,9.0,12.0,19.0,21.0,40.0,24.0,"8,12",5.0,1.0,3.0,3.0,2.0,2.0,1.0,1.0,0.0,0.0,0.0,2.0,855870.0,94.5,48300.0,278.7,9600.0,6173.7,640.0,7753.2,320.0,102326.5,40.0,47668512.0,8,,,,,,
23/037,2023-04-04,15.0,19.0,20.0,24.0,36.0,47.0,4.0,19,4.0,2.0,3.0,3.0,0.0,3.0,1.0,1.0,1.0,0.0,0.0,2.0,1472330.0,71.0,110590.0,194.5,9600.0,3912.9,640.0,6484.2,320.0,74610.5,40.0,57413909.0,15,,,,,,
23/038,2023-04-08,1.0,13.0,17.0,18.0,33.0,36.0,22.0,36,4.0,2.0,4.0,2.0,1.0,3.0,0.0,2.0,0.0,3.5,12168880.0,3.0,1399000.0,202.5,55260.0,555.4,9600.0,10348.2,640.0,14447.1,320.0,186137.0,40.0,101427219.0,1,,,,,,
23/039,2023-04-11,12.0,23.0,29.0,40.0,42.0,43.0,20.0,,2.0,4.0,3.0,3.0,0.0,1.0,2.0,1.0,2.0,0.0,0.0,0.0,0.0,28.5,166780.0,130.5,9600.0,2693.5,640.0,3967.2,320.0,54030.2,40.0,36048672.0,12,,,,,,
23/040,2023-04-13,9.0,14.0,15.0,32.0,36.0,48.0,25.0,,3.0,3.0,2.0,4.0,1.0,2.0,0.0,2.0,1.0,0.0,0.0,0.0,0.0,68.0,82670.0,180.5,9600.0,3287.5,640.0,4910.5,320.0,60473.1,40.0,43095286.0,9,,,,,,
23/041,2023-04-16,10.0,12.0,18.0,20.0,23.0,36.0,6.0,36,5.0,1.0,1.0,5.0,1.0,3.0,1.0,1.0,0.0,1.0,23293190.0,5.0,338530.0,193.0,23380.0,415.5,9600.0,8175.4,640.0,10156.3,320.0,118039.5,40.0,54802224.0,10,,,,,,
23/042,2023-04-18,20.0,23.0,27.0,28.0,30.0,46.0,29.0,"20,23",2.0,4.0,2.0,4.0,0.0,1.0,4.0,0.0,1.0,0.0,0.0,4.5,362550.0,52.5,82860.0,190.5,9600.0,2642.0,640.0,4506.8,320.0,51083.7,40.0,35106436.0,20,,,,,,
23/043,2023-04-20,1.0,20.0,24.0,28.0,38.0,46.0,40.0,"20,28,46",3.0,3.0,1.0,5.0,1.0,1.0,2.0,1.0,1.0,0.0,0.0,2.5,811020.0,47.0,115030.0,154.5,9600.0,2832.3,640.0,4430.2,320.0,60891.0,40.0,40746484.0,1,,,,,,
23/044,2023-04-22,2.0,6.0,7.0,9.0,17.0,19.0,26.0,,6.0,0.0,4.0,2.0,4.0,2.0,0.0,0.0,0.0,2.0,7602480.0,9.5,39370.0,388.7,19200.0,537.5,9600.0,10388.3,640.0,8814.6,320.0,118678.5,40.0,45581152.0,2,,,,,,
23/045,2023-04-25,20.0,26.0,38.0,43.0,46.0,47.0,35.0,,1.0,5.0,2.0,4.0,0.0,1.0,1.0,1.0,3.0,0.0,0.0,0.5,993510.0,49.5,107040.0,103.5,9600.0,2214.5,640.0,2940.7,320.0,46090.5,40.0,36578731.0,20,,,,,,
23/046,2023-04-27,8.0,12.0,21.0,43.0,44.0,49.0,27.0,43,3.0,3.0,3.0,3.0,1.0,1.0,1.0,0.0,3.0,1.0,15042030.0,2.0,1008080.0,41.5,129550.0,149.0,9600.0,3314.5,640.0,4700.0,320.0,64691.4,40.0,41507112.0,8,,,,,,
23/047,2023-04-29,7.0,8.0,17.0,19.0,27.0,40.0,2.0,8,4.0,2.0,4.0,2.0,2.0,2.0,1.0,1.0,0.0,1.0,8000000.0,4.5,220070.0,79.5,33210.0,318.7,9600.0,4483.2,640.0,7122.2,320.0,69747.6,40.0,33588472.0,7,,,,,,
23/048,2023-05-02,4.0,10.0,20.0,32.0,38.0,49.0,7.0,,3.0,3.0,1.0,5.0,2.0,1.0,0.0,2.0,1.0,1.0,8000000.0,2.0,882100.0,57.5,81810.0,133.0,9600.0,2837.7,640.0,4828.7,320.0,59315.8,40.0,36917434.0,4,,,,,,
23/049,2023-05-04,2.0,10.0,28.0,37.0,47.0,49.0,7.0,"10,49",2.0,4.0,3.0,3.0,2.0,0.0,1.0,1.0,2.0,0.0,0.0,2.0,864820.0,45.5,101370.0,143.5,9600.0,2397.5,640.0,5301.9,320.0,47635.7,40.0,35528511.0,2,,,,,,
23/050,2023-05-06,1.0,5.0,14.0,15.0,21.0,25.0,31.0,,5.0,1.0,5.0,1.0,2.0,2.0,2.0,0.0,0.0,1.0,12530890.0,1.5,1006860.0,104.0,38720.0,199.0,9600.0,4941.9,640.0,5353.4,320.0,74928.5,40.0,38607230.0,1,,,,,,
23/051,2023-05-09,7.0,10.0,22.0,25.0,32.0,35.0,27.0,25,3.0,3.0,3.0,3.0,2.0,0.0,2.0,2.0,0.0,0.0,0.0,0.5,852025.0,74.2,61240.0,160.2,9600.0,3365.4,640.0,4524.0,320.0,62588.1,40.0,37272020.0,7,,,,,,
23/052,2023-05-11,17.0,18.0,28.0,30.0,32.0,33.0,1.0,32,2.0,4.0,2.0,4.0,0.0,2.0,2.0,2.0,0.0,0.0,0.0,0.5,860810.0,126.5,36290.0,228.5,9600.0,4787.5,640.0,5592.2,320.0,76116.0,40.0,42045167.0,17,,,,,,
23/053,2023-05-14,1.0,4.0,9.0,35.0,37.0,48.0,43.0,,3.0,3.0,4.0,2.0,3.0,0.0,0.0,2.0,1.0,1.0,22308760.0,0.0,0.0,64.0,103200.0,146.0,9600.0,3976.0,640.0,3965.5,320.0,80893.7,40.0,49254796.0,1,,,,,,
23/054,2023-05-16,2.0,18.0,27.0,31.0,32.0,46.0,44.0,,2.0,4.0,2.0,4.0,1.0,1.0,1.0,2.0,1.0,0.0,0.0,1.0,1770210.0,41.0,115130.0,142.5,9600.0,2736.2,640.0,3201.0,320.0,54037.0,40.0,35691798.0,2,,,,,,
23/055,2023-05-18,5.0,6.0,12.0,16.0,41.0,47.0,7.0,,4.0,2.0,3.0,3.0,2.0,2.0,0.0,0.0,2.0,0.0,0.0,2.0,883920.0,33.0,142850.0,179.5,9600.0,3313.7,640.0,6304.9,320.0,64500.9,40.0,39616432.0,5,,,,,,
23/056,2023-05-20,1.0,19.0,22.0,26.0,46.0,47.0,39.0,47,3.0,3.0,3.0,3.0,1.0,1.0,2.0,0.0,2.0,0.0,0.0,4.0,553970.0,54.0,109420.0,99.5,9600.0,2862.0,640.0,3601.5,320.0,58700.4,40.0,41705550.0,1,,,,,,
23/057,2023-05-23,4.0,14.0,15.0,37.0,41.0,49.0,38.0,,3.0,3.0,4.0,2.0,1.0,2.0,0.0,1.0,2.0,0.0,0.0,1.5,1851290.0,75.5,98080.0,157.5,9600.0,3902.0,640.0,4939.9,320.0,71940.5,40.0,53354696.0,4,,,,,,
23/058,2023-05-25,3.0,14.0,18.0,26.0,40.0,43.0,15.0,14,3.0,3.0,2.0,4.0,1.0,2.0,1.0,1.0,1.0,0.0,0.0,0.0,0.0,54.5,155090.0,176.5,9600.0,4073.5,640.0,5267.9,320.0,81233.2,40.0,60107941.0,3,,,,,,
23/059,2023-05-27,11.0,20.0,21.0,22.0,27.0,32.0,12.0,,4.0,2.0,3.0,3.0,0.0,2.0,3.0,1.0,0.0,1.0,49073940.0,4.5,600940.0,182.0,39620.0,657.2,9600.0,8354.4,640.0,15108.1,320.0,142779.9,40.0,77802262.0,11,,,,,,
23/060,2023-05-30,3.0,9.0,15.0,30.0,32.0,41.0,26.0,32,3.0,3.0,4.0,2.0,2.0,1.0,1.0,1.0,1.0,1.0,8000000.0,2.0,850970.0,45.5,99740.0,142.7,9600.0,2814.7,640.0,4182.0,320.0,55728.4,40.0,35568870.0,3,,,,,,
23/061,2023-06-01,14.0,30.0,32.0,42.0,45.0,47.0,4.0,"30,32",1.0,5.0,2.0,4.0,0.0,1.0,1.0,1.0,3.0,1.0,8000000.0,2.0,946810.0,29.0,174120.0,91.0,9600.0,1913.7,640.0,3334.2,320.0,39917.0,40.0,34508646.0,14,,,,,,
23/062,2023-06-03,2.0,16.0,24.0,25.0,47.0,48.0,40.0,47,3.0,3.0,2.0,4.0,1.0,1.0,2.0,0.0,2.0,0.0,0.0,1.0,1644850.0,54.5,80480.0,113.5,9600.0,2523.0,640.0,3139.7,320.0,46381.5,40.0,32619469.0,2,,,,,,
23/063,2023-06-06,6.0,12.0,34.0,42.0,45.0,48.0,2.0,48,2.0,4.0,1.0,5.0,1.0,1.0,0.0,1.0,3.0,0.0,0.0,2.5,849570.0,57.0,99360.0,145.0,9600.0,3042.5,640.0,4513.2,320.0,58038.8,40.0,41972096.0,6,,,,,,
23/064,2023-06-08,4.0,22.0,24.0,28.0,45.0,46.0,7.0,45,3.0,3.0,1.0,5.0,1.0,0.0,3.0,0.0,2.0,0.0,0.0,0.5,1147080.0,67.0,91310.0,214.5,9600.0,3719.2,640.0,6001.2,320.0,69201.9,40.0,48027796.0,4,,,,,,
23/065,2023-06-11,14.0,16.0,18.0,22.0,30.0,47.0,11.0,22,4.0,2.0,1.0,5.0,0.0,3.0,2.0,0.0,1.0,0.0,0.0,2.5,1135480.0,86.5,87510.0,219.5,9600.0,4709.6,640.0,7307.6,320.0,88682.5,40.0,58895513.0,14,,,,,,
23/066,2023-06-13,14.0,16.0,22.0,26.0,36.0,42.0,19.0,"14,16,22",3.0,3.0,0.0,6.0,0.0,2.0,2.0,1.0,1.0,1.0,40948040.0,2.5,1337400.0,123.0,72480.0,251.5,9600.0,5831.1,640.0,6772.9,320.0,103478.6,40.0,68420902.0,14,,,,,,
23/067,2023-06-15,5.0,13.0,17.0,20.0,33.0,38.0,14.0,,4.0,2.0,4.0,2.0,1.0,3.0,0.0,2.0,0.0,0.5,4000000.0,3.0,475590.0,85.0,44760.0,180.0,9600.0,3836.0,640.0,3765.8,320.0,63511.1,40.0,34039129.0,5,,,,,,
23/068,2023-06-17,18.0,22.0,31.0,35.0,44.0,48.0,6.0,,2.0,4.0,2.0,4.0,0.0,1.0,1.0,2.0,2.0,0.0,0.0,1.0,1682740.0,58.0,77360.0,144.0,9600.0,2245.2,640.0,3755.7,320.0,45383.2,40.0,33637623.0,18,,,,,,
23/069,2023-06-20,8.0,18.0,31.0,34.0,35.0,47.0,39.0,"18,31,35",2.0,4.0,3.0,3.0,1.0,1.0,0.0,3.0,1.0,0.0,0.0,1.0,2272400.0,53.0,114330.0,123.0,9600.0,3417.5,640.0,3854.5,320.0,66680.1,40.0,44289453.0,8,,,,,,
23/070,2023-06-22,14.0,15.0,24.0,30.0,37.0,39.0,26.0,,3.0,3.0,3.0,3.0,0.0,2.0,2.0,2.0,0.0,0.0,0.0,3.0,1541180.0,106.0,116310.0,317.0,9600.0,6383.3,640.0,9836.2,320.0,126106.2,40.0,91097328.0,14,,,,,,
23/071,2023-06-24,1.0,11.0,14.0,16.0,26.0,36.0,39.0,14,4.0,2.0,2.0,4.0,1.0,3.0,1.0,1.0,0.0,0.5,28172000.0,3.0,1385920.0,240.7,46060.0,389.5,9600.0,11346.0,640.0,11106.5,320.0,182126.4,40.0,96851292.0,1,,,,,,
23/072,2023-06-27,7.0,10.0,16.0,18.0,29.0,45.0,1.0,16,4.0,2.0,3.0,3.0,2.0,2.0,1.0,0.0,1.0,0.0,0.0,4.5,738680.0,125.5,70630.0,341.9,9600.0,6598.7,640.0,10800.0,320.0,126995.3,40.0,74802703.0,7,,,,,,
23/073,2023-06-29,6.0,10.0,18.0,21.0,22.0,33.0,4.0,"10,18",5.0,1.0,2.0,4.0,2.0,1.0,2.0,1.0,0.0,2.5,19056090.0,6.0,527550.0,189.0,44660.0,409.5,9600.0,9752.3,640.0,12217.8,320.0,165253.5,40.0,81262464.0,6,,,,,,
23/074,2023-07-02,3.0,6.0,25.0,29.0,35.0,42.0,36.0,6,2.0,4.0,4.0,2.0,2.0,0.0,2.0,1.0,1.0,0.0,0.0,0.5,889105.0,44.0,107770.0,124.5,9600.0,2510.1,640.0,3770.0,320.0,50489.9,40.0,35286851.0,3,,,,,,
23/075,2023-07-04,5.0,15.0,20.0,29.0,32.0,37.0,18.0,29,3.0,3.0,4.0,2.0,1.0,2.0,1.0,2.0,0.0,0.0,0.0,0.0,0.0,53.5,107460.0,134.7,9600.0,2984.7,640.0,4286.2,320.0,58822.6,40.0,42080362.0,5,,,,,,
23/076,2023-07-08,1.0,11.0,22.0,26.0,38.0,39.0,27.0,,3.0,3.0,3.0,3.0,1.0,1.0,2.0,2.0,0.0,0.5,12628470.0,2.5,1032460.0,151.0,45580.0,328.0,9600.0,7353.6,640.0,8678.7,320.0,123287.6,40.0,63839510.0,1,,,,,,
23/077,2023-07-11,7.0,19.0,22.0,27.0,40.0,47.0,13.0,22,3.0,3.0,4.0,2.0,1.0,1.0,2.0,1.0,1.0,0.0,0.0,1.5,1562630.0,63.5,98430.0,171.0,9600.0,4575.0,640.0,6237.6,320.0,87894.2,40.0,50468950.0,7,,,,,,
23/078,2023-07-13,3.0,8.0,11.0,23.0,36.0,38.0,33.0,,4.0,2.0,3.0,3.0,2.0,1.0,1.0,2.0,0.0,0.5,12041045.0,16.0,92110.0,248.5,19200.0,828.7,9600.0,8207.1,640.0,12178.8,320.0,111842.5,40.0,54267777.0,3,,,,,,
23/079,2023-07-15,4.0,9.0,12.0,33.0,37.0,42.0,3.0,,3.0,3.0,3.0,3.0,2.0,1.0,0.0,2.0,1.0,0.0,0.0,1.5,1369220.0,93.0,58890.0,190.0,9600.0,4437.0,640.0,6483.9,320.0,79572.7,40.0,46236779.0,4,,,,,,
23/080,2023-07-18,15.0,16.0,34.0,36.0,39.0,40.0,42.0,,2.0,4.0,2.0,4.0,0.0,2.0,0.0,4.0,0.0,1.0,26751000.0,1.0,2849480.0,73.0,104090.0,145.5,9600.0,3695.6,640.0,4604.5,320.0,71590.9,40.0,53656300.0,15,,,,,,
23/081,2023-07-20,4.0,16.0,18.0,34.0,35.0,46.0,47.0,"16,34",3.0,3.0,1.0,5.0,1.0,2.0,0.0,2.0,1.0,0.0,0.0,1.5,1237900.0,50.0,99030.0,113.5,9600.0,2773.7,640.0,3662.0,320.0,55845.8,40.0,36803315.0,4,,,,,,
23/082,2023-07-25,1.0,2.0,10.0,13.0,29.0,47.0,9.0,,4.0,2.0,4.0,2.0,3.0,1.0,1.0,0.0,1.0,2.5,21616130.0,7.5,712900.0,310.5,45910.0,850.0,9600.0,13274.2,640.0,22942.7,320.0,225600.1,40.0,133688280.0,1,,,,,,
23/083,2023-07-27,13.0,15.0,17.0,18.0,20.0,43.0,39.0,13,5.0,1.0,4.0,2.0,0.0,5.0,0.0,0.0,1.0,0.5,4000000.0,1.0,1786270.0,48.5,98210.0,93.5,9600.0,2774.2,640.0,2881.6,320.0,49272.6,40.0,34541356.0,13,,,,,,
23/084,2023-07-29,13.0,23.0,26.0,40.0,41.0,43.0,14.0,"13,43",2.0,4.0,4.0,2.0,0.0,1.0,2.0,1.0,2.0,0.0,0.0,2.0,904930.0,42.5,113560.0,103.5,9600.0,2461.9,640.0,3402.0,320.0,47414.7,40.0,34839965.0,13,,,,,,
23/085,2023-08-01,2.0,7.0,25.0,28.0,31.0,35.0,11.0,,2.0,4.0,4.0,2.0,2.0,0.0,2.0,2.0,0.0,0.0,0.0,3.5,503010.0,63.0,74520.0,321.0,9600.0,4013.7,640.0,8556.2,320.0,76441.1,40.0,45080955.0,2,,,,,,
23/086,2023-08-03,3.0,14.0,23.0,30.0,33.0,44.0,21.0,,3.0,3.0,3.0,3.0,1.0,1.0,2.0,1.0,1.0,0.0,0.0,2.0,1030020.0,87.0,63140.0,208.5,9600.0,5369.7,640.0,5872.6,320.0,86590.7,40.0,47912933.0,3,,,,,,
23/087,2023-08-05,2.0,8.0,24.0,39.0,41.0,44.0,40.0,44,3.0,3.0,2.0,4.0,2.0,0.0,1.0,1.0,2.0,1.0,29063330.0,1.5,1815990.0,65.0,111750.0,164.5,9600.0,3708.4,640.0,5234.8,320.0,73459.0,40.0,52818584.0,2,,,,,,
23/088,2023-08-08,4.0,7.0,18.0,28.0,30.0,40.0,29.0,,3.0,3.0,1.0,5.0,2.0,1.0,2.0,1.0,0.0,0.0,0.0,2.0,677810.0,74.0,48850.0,264.5,9600.0,4635.7,640.0,6129.9,320.0,77018.0,40.0,37925396.0,4,,,,,,
23/089,2023-08-10,2.0,3.0,4.0,13.0,18.0,42.0,12.0,"4,18",5.0,1.0,2.0,4.0,3.0,2.0,0.0,0.0,1.0,0.0,0.0,1.0,1463350.0,118.0,33070.0,295.5,9600.0,4567.1,640.0,8026.8,320.0,78380.1,40.0,41081607.0,2,,,,,,
23/090,2023-08-12,3.0,12.0,13.0,17.0,24.0,36.0,16.0,"3,13",5.0,1.0,3.0,3.0,1.0,3.0,1.0,1.0,0.0,0.0,0.0,2.0,952280.0,72.0,70530.0,217.4,9600.0,4736.6,640.0,5650.9,320.0,83987.6,40.0,44887425.0,3,,,,,,
23/091,2023-08-15,4.0,12.0,17.0,37.0,38.0,39.0,41.0,"12,17",3.0,3.0,3.0,3.0,1.0,2.0,0.0,3.0,0.0,2.0,13292970.0,2.5,1130950.0,95.5,78940.0,193.0,9600.0,4819.6,640.0,5236.6,320.0,86193.3,40.0,56989344.0,4,,,,,,
23/092,2023-08-17,3.0,9.0,15.0,18.0,21.0,37.0,42.0,37,5.0,1.0,5.0,1.0,2.0,2.0,1.0,1.0,0.0,0.0,0.0,2.0,775710.0,80.5,51390.0,145.0,9600.0,3707.8,640.0,3773.0,320.0,65219.7,40.0,35086943.0,3,,,,,,
23/093,2023-08-19,8.0,14.0,18.0,20.0,23.0,25.0,44.0,18,5.0,1.0,2.0,4.0,1.0,3.0,2.0,0.0,0.0,2.0,6369920.0,9.0,175540.0,135.0,31200.0,208.5,9600.0,5049.7,640.0,4169.4,320.0,82714.8,40.0,39723946.0,8,,,,,,
23/094,2023-08-22,1.0,5.0,7.0,12.0,48.0,49.0,16.0,,4.0,2.0,4.0,2.0,3.0,1.0,0.0,0.0,2.0,1.0,8000000.0,6.0,134400.0,214.5,19200.0,322.0,9600.0,7172.0,640.0,5866.9,320.0,96462.5,40.0,37363159.0,1,,,,,,
23/095,2023-08-24,6.0,18.0,29.0,31.0,44.0,46.0,8.0,,2.0,4.0,2.0,4.0,1.0,1.0,1.0,1.0,2.0,0.0,0.0,1.0,1697460.0,33.0,137160.0,131.0,9600.0,2349.0,640.0,4567.9,320.0,46508.4,40.0,34293799.0,6,,,,,,
23/096,2023-08-26,16.0,26.0,31.0,35.0,39.0,46.0,3.0,"31,46",1.0,5.0,3.0,3.0,0.0,1.0,1.0,3.0,1.0,0.0,0.0,1.0,2073870.0,36.5,151510.0,103.0,9600.0,2779.0,640.0,3667.9,320.0,52862.3,40.0,39349610.0,16,,,,,,
23/097,2023-08-29,3.0,6.0,7.0,33.0,36.0,46.0,4.0,46,3.0,3.0,3.0,3.0,3.0,0.0,0.0,2.0,1.0,1.0,20215930.0,4.5,444020.0,142.0,37520.0,274.5,9600.0,6181.8,640.0,7916.6,320.0,94948.2,40.0,51038741.0,3,,,,,,
23/098,2023-08-31,10.0,15.0,17.0,21.0,40.0,44.0,12.0,,4.0,2.0,3.0,3.0,1.0,2.0,1.0,1.0,1.0,1.0,8000000.0,0.0,0.0,32.5,145510.0,83.5,9600.0,2182.6,640.0,3547.3,320.0,44177.4,40.0,33505359.0,10,,,,,,
23/099,2023-09-03,15.0,20.0,25.0,39.0,45.0,48.0,28.0,15,2.0,4.0,4.0,2.0,0.0,2.0,1.0,1.0,2.0,0.0,0.0,4.0,440280.0,33.5,140190.0,133.5,9600.0,2359.2,640.0,3338.4,320.0,44070.6,40.0,34305064.0,15,,,,,,
23/100,2023-09-05,2.0,5.0,20.0,24.0,27.0,32.0,12.0,20,4.0,2.0,2.0,4.0,2.0,1.0,2.0,1.0,0.0,0.0,0.0,1.0,1586290.0,48.5,87210.0,298.5,9600.0,3650.0,640.0,8058.3,320.0,69165.1,40.0,41052009.0,2,,,,,,
23/101,2023-09-07,20.0,22.0,24.0,25.0,29.0,49.0,36.0,"20,24",3.0,3.0,3.0,3.0,0.0,1.0,4.0,0.0,1.0,0.0,0.0,2.0,1196060.0,63.5,100450.0,140.5,9600.0,3321.7,640.0,4022.1,320.0,63332.8,40.0,45962669.0,20,,,,,,
23/102,2023-09-09,4.0,6.0,19.0,32.0,39.0,42.0,34.0,,3.0,3.0,2.0,4.0,2.0,1.0,0.0,2.0,1.0,0.0,0.0,2.0,1171250.0,41.5,150520.0,177.0,9600.0,3304.0,640.0,4444.0,320.0,70013.8,40.0,46662389.0,4,,,,,,
23/103,2023-09-12,4.0,10.0,12.0,16.0,30.0,32.0,14.0,"4,32",4.0,2.0,0.0,6.0,2.0,2.0,1.0,1.0,0.0,1.0,34785090.0,6.5,401140.0,169.2,41090.0,352.2,9600.0,7486.1,640.0,9221.8,320.0,124171.7,40.0,65170461.0,4,,,,,,
23/104,2023-09-14,17.0,27.0,30.0,31.0,32.0,38.0,11.0,"30,32",1.0,5.0,3.0,3.0,0.0,1.0,2.0,3.0,0.0,0.0,0.0,2.0,799280.0,42.0,101490.0,157.0,9600.0,2876.8,640.0,4795.4,320.0,49037.2,40.0,34362063.0,17,,,,,,
23/105,2023-09-16,10.0,24.0,34.0,40.0,41.0,45.0,35.0,,2.0,4.0,2.0,4.0,1.0,0.0,1.0,2.0,2.0,0.0,0.0,0.0,0.0,41.5,125130.0,148.5,9600.0,2711.0,640.0,4464.7,320.0,50888.4,40.0,38689064.0,10,,,,,,
23/106,2023-09-19,8.0,9.0,10.0,27.0,35.0,38.0,46.0,10,3.0,3.0,3.0,3.0,3.0,0.0,1.0,2.0,0.0,0.0,0.0,2.0,1110010.0,103.0,57470.0,228.5,9600.0,5867.6,640.0,5467.0,320.0,106730.4,40.0,52280526.0,8,,,,,,
23/107,2023-09-21,1.0,10.0,22.0,28.0,33.0,46.0,37.0,10,3.0,3.0,2.0,4.0,2.0,0.0,2.0,1.0,1.0,0.0,0.0,2.5,935300.0,101.0,61730.0,351.5,9600.0,5729.8,640.0,5903.3,320.0,103279.2,40.0,55910696.0,1,,,,,,
23/108,2023-09-23,3.0,27.0,28.0,35.0,44.0,46.0,12.0,"28,46",1.0,5.0,3.0,3.0,1.0,0.0,2.0,1.0,2.0,0.0,0.0,2.0,1607830.0,83.5,102690.0,253.5,9600.0,4619.2,640.0,7588.1,320.0,88193.0,40.0,64636741.0,3,,,,,,
23/109,2023-09-28,9.0,12.0,30.0,31.0,45.0,48.0,46.0,,2.0,4.0,3.0,3.0,1.0,1.0,1.0,1.0,2.0,0.5,43545880.0,3.5,2580160.0,269.5,89350.0,634.0,9600.0,15689.2,640.0,19580.0,320.0,300332.5,40.0,186230621.0,9,,,,,,
23/110,2023-09-30,6.0,8.0,11.0,26.0,35.0,47.0,1.0,,3.0,3.0,3.0,3.0,2.0,1.0,1.0,1.0,1.0,0.0,0.0,5.5,725950.0,169.0,63000.0,527.0,9600.0,9254.6,640.0,16550.0,320.0,171838.6,40.0,97041946.0,6,,,,,,
23/111,2023-10-03,8.0,16.0,32.0,39.0,40.0,43.0,29.0,8,2.0,4.0,2.0,4.0,1.0,1.0,0.0,3.0,1.0,1.5,47871870.0,2.5,2171150.0,158.4,91370.0,344.5,9600.0,9110.2,640.0,11142.7,320.0,152929.5,40.0,108491306.0,8,,,,,,
23/112,2023-10-05,2.0,11.0,20.0,29.0,41.0,49.0,45.0,,3.0,3.0,4.0,2.0,1.0,2.0,1.0,0.0,2.0,0.0,0.0,1.0,1891330.0,53.0,95160.0,105.0,9600.0,2945.0,640.0,2990.0,320.0,57673.0,40.0,37060046.0,2,,,,,,
23/113,2023-10-07,4.0,9.0,12.0,36.0,43.0,47.0,26.0,,3.0,3.0,3.0,3.0,2.0,1.0,0.0,1.0,2.0,1.0,13755970.0,0.0,0.0,62.0,82520.0,163.5,9600.0,3270.5,640.0,5157.9,320.0,65967.7,40.0,40755656.0,4,,,,,,
23/114,2023-10-10,1.0,12.0,22.0,23.0,34.0,39.0,30.0,12,4.0,2.0,3.0,3.0,1.0,1.0,2.0,2.0,0.0,1.0,8000000.0,0.5,851875.0,65.0,69890.0,178.0,9600.0,3748.0,640.0,4814.3,320.0,65323.3,40.0,38412506.0,1,,,,,,
23/115,2023-10-12,2.0,13.0,23.0,28.0,30.0,31.0,3.0,23,3.0,3.0,3.0,3.0,1.0,1.0,3.0,1.0,0.0,0.5,4000000.0,4.0,348470.0,85.0,43730.0,282.4,9600.0,3438.5,640.0,7994.7,320.0,62308.6,40.0,37359399.0,2,,,,,,
23/116,2023-10-14,1.0,29.0,31.0,42.0,47.0,48.0,40.0,31,1.0,5.0,4.0,2.0,1.0,0.0,1.0,1.0,3.0,0.0,0.0,1.0,2015580.0,36.5,147250.0,102.0,9600.0,2161.5,640.0,2840.0,320.0,45461.8,40.0,36770451.0,1,,,,,,
23/117,2023-10-17,8.0,18.0,24.0,34.0,41.0,42.0,31.0,42,3.0,3.0,1.0,5.0,1.0,1.0,1.0,1.0,2.0,0.0,0.0,2.0,1149860.0,80.0,76650.0,169.5,9600.0,3883.5,640.0,4524.0,320.0,71101.7,40.0,46763407.0,8,,,,,,
23/118,2023-10-19,1.0,13.0,18.0,32.0,34.0,49.0,44.0,"18,34",3.0,3.0,3.0,3.0,1.0,2.0,0.0,2.0,1.0,0.0,0.0,1.0,2520000.0,65.5,102590.0,166.5,9600.0,4059.1,640.0,4746.5,320.0,77375.6,40.0,50503187.0,1,,,,,,
23/119,2023-10-21,6.0,8.0,12.0,31.0,32.0,46.0,4.0,32,3.0,3.0,1.0,5.0,2.0,1.0,0.0,2.0,1.0,1.0,30402240.0,1.5,1310280.0,144.5,36270.0,366.5,9600.0,7459.4,640.0,9828.1,320.0,114297.5,40.0,56311109.0,6,,,,,,
23/120,2023-10-24,19.0,20.0,29.0,45.0,48.0,49.0,8.0,,2.0,4.0,4.0,2.0,0.0,2.0,1.0,0.0,3.0,0.0,0.0,0.0,0.0,45.5,101140.0,128.5,9600.0,3030.5,640.0,4285.7,320.0,52564.0,40.0,35723268.0,19,,,,,,
23/121,2023-10-26,11.0,16.0,27.0,32.0,33.0,37.0,24.0,,2.0,4.0,4.0,2.0,0.0,2.0,1.0,3.0,0.0,1.0,15461650.0,0.0,0.0,117.0,43570.0,186.2,9600.0,4559.5,640.0,5396.7,320.0,74119.0,40.0,43341115.0,11,,,,,,
23/122,2023-10-31,4.0,33.0,35.0,36.0,41.0,49.0,1.0,33,1.0,5.0,4.0,2.0,1.0,0.0,0.0,3.0,2.0,1.0,57679340.0,6.5,1009190.0,163.5,106980.0,409.0,9600.0,8266.7,640.0,14912.1,320.0,165991.6,40.0,127195633.0,4,,,,,,
23/123,2023-11-02,3.0,14.0,32.0,37.0,43.0,47.0,26.0,,2.0,4.0,4.0,2.0,1.0,1.0,0.0,2.0,2.0,0.0,0.0,3.0,592520.0,55.5,85400.0,135.0,9600.0,2283.5,640.0,3374.4,320.0,44130.0,40.0,34490561.0,3,,,,,,
23/124,2023-11-04,2.0,13.0,16.0,28.0,40.0,44.0,46.0,,3.0,3.0,1.0,5.0,1.0,2.0,1.0,1.0,1.0,0.0,0.0,2.0,977340.0,48.0,108590.0,133.0,9600.0,2979.1,640.0,4198.0,320.0,56508.3,40.0,39087404.0,2,,,,,,
23/125,2023-11-07,7.0,16.0,26.0,31.0,47.0,49.0,44.0,16,2.0,4.0,4.0,2.0,1.0,1.0,1.0,1.0,2.0,0.5,10921060.0,0.0,0.0,73.0,97140.0,140.0,9600.0,3612.5,640.0,4459.5,320.0,76452.9,40.0,51154758.0,7,,,,,,
23/126,2023-11-09,1.0,4.0,18.0,25.0,30.0,49.0,15.0,49,3.0,3.0,3.0,3.0,2.0,1.0,2.0,0.0,1.0,0.5,9991255.0,0.0,0.0,95.5,59580.0,188.7,9600.0,4880.7,640.0,5706.6,320.0,88588.6,40.0,48034783.0,1,,,,,,
23/127,2023-11-12,19.0,26.0,32.0,34.0,37.0,44.0,11.0,,1.0,5.0,2.0,4.0,0.0,1.0,1.0,3.0,1.0,0.0,0.0,1.0,2407820.0,68.5,93730.0,165.0,9600.0,3578.0,640.0,5322.2,320.0,65068.2,40.0,47813946.0,19,,,,,,
23/128,2023-11-14,2.0,15.0,27.0,36.0,37.0,48.0,23.0,37,2.0,4.0,3.0,3.0,1.0,1.0,1.0,2.0,1.0,0.0,0.0,3.0,883970.0,51.0,138660.0,158.0,9600.0,3392.4,640.0,5029.5,320.0,68082.2,40.0,50830906.0,2,,,,,,
23/129,2023-11-16,3.0,5.0,8.0,16.0,26.0,33.0,24.0,,4.0,2.0,3.0,3.0,3.0,1.0,1.0,1.0,0.0,2.0,16459630.0,2.5,748620.0,162.7,30670.0,469.1,9600.0,8345.6,640.0,10059.6,320.0,135122.5,40.0,59591983.0,3,,,,,,
23/130,2023-11-18,6.0,25.0,29.0,30.0,34.0,35.0,20.0,,1.0,5.0,3.0,3.0,1.0,0.0,3.0,2.0,0.0,1.0,8000000.0,0.0,0.0,53.5,77100.0,133.0,9600.0,3011.5,640.0,4013.8,320.0,51888.8,40.0,33141120.0,6,,,,,,
23/131,2023-11-21,9.0,11.0,15.0,17.0,19.0,44.0,7.0,,5.0,1.0,5.0,1.0,1.0,4.0,0.0,0.0,1.0,0.0,0.0,7.0,162990.0,86.0,35370.0,422.0,9600.0,4006.9,640.0,8626.5,320.0,68936.3,40.0,37949038.0,9,,,,,,
23/132,2023-11-23,11.0,16.0,24.0,27.0,28.0,32.0,48.0,11,3.0,3.0,2.0,4.0,0.0,2.0,3.0,1.0,0.0,1.0,13171710.0,2.0,861950.0,129.5,35490.0,198.0,9600.0,4523.4,640.0,5060.0,320.0,76820.1,40.0,40957615.0,11,,,,,,
23/133,2023-11-25,2.0,8.0,12.0,28.0,34.0,47.0,7.0,28,3.0,3.0,1.0,5.0,2.0,1.0,1.0,1.0,1.0,0.0,0.0,2.0,542310.0,71.0,40730.0,236.5,9600.0,4081.0,640.0,6927.7,320.0,67715.2,40.0,32877360.0,2,,,,,,
23/134,2023-11-28,3.0,14.0,20.0,30.0,38.0,42.0,13.0,,3.0,3.0,1.0,5.0,1.0,2.0,1.0,1.0,1.0,1.0,14213450.0,2.0,1035570.0,74.5,74130.0,177.0,9600.0,3214.4,640.0,5409.6,320.0,64678.4,40.0,43051665.0,3,,,,,,
23/135,2023-11-30,7.0,12.0,32.0,34.0,36.0,39.0,5.0,,2.0,4.0,2.0,4.0,1.0,1.0,0.0,4.0,0.0,0.0,0.0,0.0,0.0,46.0,96860.0,119.0,9600.0,3097.1,640.0,3683.0,320.0,54685.4,40.0,34688840.0,7,,,,,,
23/136,2023-12-02,3.0,17.0,30.0,36.0,38.0,45.0,8.0,36,2.0,4.0,3.0,3.0,1.0,1.0,1.0,2.0,1.0,0.0,0.0,1.5,1353520.0,36.0,150390.0,188.5,9600.0,2736.7,640.0,5709.7,320.0,54763.4,40.0,41578848.0,3,,,,,,
23/137,2023-12-05,9.0,16.0,23.0,38.0,39.0,41.0,19.0,38,3.0,3.0,4.0,2.0,1.0,1.0,1.0,2.0,1.0,0.0,0.0,2.0,1190450.0,84.5,75130.0,262.0,9600.0,4460.6,640.0,7274.4,320.0,82693.8,40.0,52681562.0,9,,,,,,
23/138,2023-12-07,27.0,28.0,37.0,38.0,43.0,45.0,40.0,38,0.0,6.0,4.0,2.0,0.0,0.0,2.0,2.0,2.0,0.0,0.0,1.5,1901560.0,96.0,79230.0,193.5,9600.0,4364.2,640.0,5197.2,320.0,76834.4,40.0,56080440.0,27,,,,,,
23/139,2023-12-09,2.0,3.0,4.0,31.0,46.0,49.0,34.0,,3.0,3.0,3.0,3.0,3.0,0.0,0.0,1.0,2.0,0.0,0.0,2.5,1253260.0,95.5,87480.0,197.0,9600.0,5613.2,640.0,6439.0,320.0,106742.4,40.0,64383920.0,2,,,,,,
23/140,2023-12-12,3.0,10.0,20.0,24.0,27.0,42.0,45.0,3,4.0,2.0,2.0,4.0,2.0,1.0,2.0,0.0,1.0,0.0,0.0,5.0,878650.0,120.0,97620.0,294.0,9600.0,7667.2,640.0,8801.0,320.0,148599.8,40.0,90138637.0,3,,,,,,
23/141,2023-12-14,3.0,4.0,11.0,37.0,44.0,48.0,36.0,3,3.0,3.0,3.0,3.0,2.0,1.0,0.0,1.0,2.0,0.0,0.0,5.0,1021500.0,149.0,91400.0,445.0,9600.0,8389.7,640.0,11181.2,320.0,166659.8,40.0,106117614.0,3,,,,,,
23/142,2023-12-19,4.0,9.0,13.0,33.0,35.0,46.0,6.0,4,3.0,3.0,4.0,2.0,2.0,1.0,0.0,2.0,1.0,1.5,61757860.0,14.5,535020.0,264.0,78360.0,1103.0,9600.0,14669.2,640.0,24517.8,320.0,278179.8,40.0,177377384.0,4,,,,,,
23/143,2023-12-21,1.0,10.0,12.0,33.0,46.0,49.0,32.0,"33,46",3.0,3.0,3.0,3.0,2.0,1.0,0.0,1.0,2.0,0.0,0.0,3.5,400200.0,56.0,66700.0,194.5,9600.0,3477.5,640.0,4557.5,320.0,66299.3,40.0,34194175.0,1,,,,,,
23/144,2023-12-24,2.0,8.0,16.0,19.0,37.0,49.0,20.0,49,4.0,2.0,3.0,3.0,2.0,2.0,0.0,1.0,1.0,0.0,0.0,1.0,1943520.0,72.5,71480.0,221.5,9600.0,4172.5,640.0,5985.0,320.0,78730.6,40.0,44628700.0,2,,,,,,
23/145,2023-12-28,11.0,18.0,27.0,29.0,34.0,45.0,28.0,,2.0,4.0,4.0,2.0,0.0,2.0,2.0,1.0,1.0,0.0,0.0,1.0,2696420.0,113.2,63510.0,309.5,9600.0,5615.7,640.0,8980.5,320.0,99180.5,40.0,61407861.0,11,,,,,,
23/146,2023-12-30,5.0,8.0,19.0,25.0,41.0,48.0,24.0,,3.0,3.0,4.0,2.0,2.0,1.0,1.0,0.0,2.0,0.0,0.0,0.0,0.0,89.0,88490.0,235.0,9600.0,5111.7,640.0,7350.4,320.0,99333.2,40.0,62019078.0,5,,,,,,
24/001,2024-01-03,2.0,3.0,19.0,34.0,37.0,46.0,32.0,19,3.0,3.0,3.0,3.0,2.0,1.0,0.0,2.0,1.0,0.0,0.0,14.0,542130.0,318.5,63540.0,877.0,9600.0,16400.5,640.0,21406.2,320.0,280332.9,40.0,171448460.0,2,,,,,,
24/002,2024-01-06,1.0,4.0,24.0,31.0,33.0,34.0,2.0,34,3.0,3.0,3.0,3.0,2.0,0.0,1.0,3.0,0.0,1.5,73616970.0,12.0,768210.0,416.0,59090.0,1054.0,9600.0,22623.4,640.0,29106.8,320.0,397282.9,40.0,217293715.0,1,,,,,,
24/003,2024-01-09,3.0,9.0,16.0,19.0,33.0,35.0,39.0,33,4.0,2.0,5.0,1.0,2.0,2.0,0.0,2.0,0.0,1.0,8000000.0,1.5,945640.0,106.0,35680.0,329.2,9600.0,5204.6,640.0,7219.5,320.0,86588.9,40.0,41956898.0,3,,,,,,
24/004,2024-01-11,3.0,6.0,8.0,26.0,29.0,38.0,1.0,3,3.0,3.0,2.0,4.0,3.0,0.0,2.0,1.0,0.0,0.0,0.0,5.0,235430.0,138.5,22660.0,452.5,9600.0,5814.4,640.0,10748.8,320.0,86800.2,40.0,39925810.0,3,,,,,,
24/005,2024-01-14,3.0,17.0,18.0,36.0,38.0,39.0,21.0,"3,38",3.0,3.0,3.0,3.0,1.0,2.0,0.0,3.0,0.0,0.0,0.0,1.5,1515390.0,90.5,66970.0,169.0,9600.0,5202.6,640.0,5278.3,320.0,87165.0,40.0,49593433.0,3,,,,,,
24/006,2024-01-16,1.0,6.0,8.0,27.0,41.0,47.0,29.0,,3.0,3.0,4.0,2.0,3.0,0.0,1.0,0.0,2.0,0.0,0.0,1.0,2421340.0,106.0,60910.0,222.5,9600.0,4793.4,640.0,6400.4,320.0,97656.1,40.0,53512905.0,1,,,,,,
24/007,2024-01-18,2.0,10.0,17.0,46.0,47.0,49.0,3.0,47,3.0,3.0,3.0,3.0,2.0,1.0,0.0,0.0,3.0,0.0,0.0,5.0,566880.0,88.5,85400.0,347.5,9600.0,4871.5,640.0,9567.0,320.0,93512.7,40.0,63001095.0,2,,,,,,
24/008,2024-01-20,3.0,25.0,31.0,40.0,43.0,48.0,45.0,,1.0,5.0,4.0,2.0,1.0,0.0,1.0,2.0,2.0,1.0,41969540.0,1.0,3794320.0,86.0,117650.0,248.5,9600.0,5180.0,640.0,7413.5,320.0,99858.6,40.0,73823573.0,3,,,,,,
24/009,2024-01-23,2.0,6.0,7.0,14.0,30.0,43.0,15.0,43,4.0,2.0,2.0,4.0,3.0,1.0,1.0,0.0,1.0,0.0,0.0,1.0,1572410.0,51.5,81410.0,207.5,9600.0,3677.9,640.0,6215.8,320.0,67617.3,40.0,38072493.0,2,,,,,,
24/010,2024-01-25,2.0,5.0,15.0,32.0,45.0,49.0,19.0,2,3.0,3.0,4.0,2.0,2.0,1.0,0.0,1.0,2.0,1.0,14132260.0,3.5,584020.0,63.5,85840.0,188.0,9600.0,3697.0,640.0,4547.9,320.0,66231.8,40.0,43056463.0,2,,,,,,
24/011,2024-01-27,1.0,8.0,13.0,19.0,34.0,47.0,12.0,,4.0,2.0,4.0,2.0,2.0,2.0,0.0,1.0,1.0,1.0,8000000.0,1.0,1204220.0,76.0,42250.0,248.4,9600.0,3983.7,640.0,6670.4,320.0,67623.7,40.0,34436697.0,1,,,,,,
24/012,2024-01-30,8.0,20.0,21.0,29.0,30.0,49.0,32.0,8,3.0,3.0,3.0,3.0,1.0,1.0,3.0,0.0,1.0,0.5,4000000.0,0.0,0.0,65.0,77390.0,121.0,9600.0,3654.0,640.0,3928.1,320.0,69702.0,40.0,39565571.0,8,,,,,,
24/013,2024-02-01,4.0,12.0,15.0,23.0,24.0,31.0,43.0,,5.0,1.0,3.0,3.0,1.0,2.0,2.0,1.0,0.0,0.0,0.0,4.0,468470.0,89.0,56140.0,145.5,9600.0,4417.1,640.0,4011.5,320.0,77070.4,40.0,41330384.0,4,,,,,,
24/014,2024-02-03,3.0,7.0,21.0,32.0,36.0,47.0,23.0,,3.0,3.0,4.0,2.0,2.0,0.0,1.0,2.0,1.0,0.0,0.0,6.5,308800.0,115.5,46340.0,305.5,9600.0,4662.0,640.0,6413.9,320.0,77364.5,40.0,47719513.0,3,,,,,,
24/015,2024-02-06,15.0,18.0,19.0,38.0,41.0,49.0,22.0,,3.0,3.0,4.0,2.0,0.0,3.0,0.0,1.0,2.0,0.0,0.0,1.0,3179570.0,61.5,137860.0,179.2,9600.0,4594.9,640.0,6325.0,320.0,91035.1,40.0,62259415.0,15,,,,,,
24/016,2024-02-08,5.0,7.0,9.0,20.0,22.0,25.0,13.0,,5.0,1.0,4.0,2.0,3.0,1.0,2.0,0.0,0.0,0.5,17237465.0,8.5,290440.0,232.5,28310.0,497.5,9600.0,10389.8,640.0,11531.6,320.0,155845.1,40.0,73029107.0,5,,,,,,
24/017,2024-02-14,10.0,12.0,13.0,24.0,25.0,48.0,15.0,25,4.0,2.0,2.0,4.0,1.0,2.0,2.0,0.0,1.0,1.5,82413940.0,7.5,1716480.0,620.0,55370.0,1161.5,9600.0,31149.2,640.0,34093.7,320.0,529094.8,40.0,291614875.0,10,,,,,,
24/018,2024-02-17,9.0,23.0,26.0,27.0,36.0,41.0,24.0,,2.0,4.0,4.0,2.0,1.0,0.0,3.0,1.0,1.0,1.0,8000000.0,3.0,684510.0,64.0,85560.0,166.0,9600.0,3577.7,640.0,5011.6,320.0,67973.0,40.0,43055933.0,9,,,,,,
24/019,2024-02-20,10.0,26.0,27.0,29.0,30.0,45.0,37.0,"26,27",1.0,5.0,3.0,3.0,1.0,0.0,4.0,0.0,1.0,0.0,0.0,2.0,1105400.0,64.0,92110.0,112.0,9600.0,3859.4,640.0,3736.1,320.0,66470.4,40.0,43696150.0,10,,,,,,
24/020,2024-02-22,22.0,25.0,33.0,34.0,35.0,39.0,5.0,,1.0,5.0,4.0,2.0,0.0,0.0,2.0,4.0,0.0,1.0,14341020.0,2.0,1056830.0,70.5,79940.0,233.5,9600.0,4602.6,640.0,5967.6,320.0,77144.3,40.0,47532331.0,22,,,,,,
24/021,2024-02-24,2.0,7.0,24.0,29.0,30.0,36.0,6.0,,3.0,3.0,2.0,4.0,2.0,0.0,3.0,1.0,0.0,0.5,4000000.0,2.0,704330.0,68.2,55080.0,270.7,9600.0,3829.4,640.0,7350.9,320.0,69961.5,40.0,38000436.0,2,,,,,,
24/022,2024-02-27,3.0,11.0,12.0,22.0,24.0,26.0,21.0,24,5.0,1.0,2.0,4.0,1.0,2.0,3.0,0.0,0.0,0.0,0.0,5.5,232700.0,191.0,19200.0,324.5,9600.0,7433.9,640.0,7735.7,320.0,106599.9,40.0,44702921.0,3,,,,,,
24/023,2024-02-29,5.0,13.0,16.0,36.0,39.0,41.0,38.0,,3.0,3.0,4.0,2.0,1.0,2.0,0.0,2.0,1.0,0.0,0.0,0.0,0.0,78.0,82010.0,178.5,9600.0,3361.0,640.0,5293.0,320.0,63719.9,40.0,47560353.0,5,,,,,,
24/024,2024-03-02,7.0,23.0,31.0,35.0,43.0,46.0,10.0,,2.0,4.0,5.0,1.0,1.0,0.0,1.0,2.0,2.0,0.0,0.0,0.0,0.0,84.0,82150.0,209.5,9600.0,4321.5,640.0,5805.5,320.0,78851.7,40.0,53237610.0,7,,,,,,
24/025,2024-03-05,11.0,24.0,34.0,36.0,39.0,42.0,38.0,,2.0,4.0,2.0,4.0,0.0,1.0,1.0,3.0,1.0,0.0,0.0,2.0,1654240.0,113.0,78070.0,325.5,9600.0,6164.7,640.0,9419.1,320.0,112410.7,40.0,71886500.0,11,,,,,,
24/026,2024-03-07,5.0,22.0,30.0,31.0,32.0,39.0,44.0,39,2.0,4.0,3.0,3.0,1.0,0.0,2.0,3.0,0.0,0.0,0.0,2.5,1747420.0,104.0,112010.0,292.5,9600.0,7399.1,640.0,8579.5,320.0,136159.5,40.0,88406173.0,5,,,,,,
24/027,2024-03-09,4.0,5.0,8.0,21.0,32.0,42.0,45.0,"5,32",4.0,2.0,2.0,4.0,3.0,0.0,1.0,1.0,1.0,0.0,0.0,4.0,1304640.0,165.0,84340.0,409.0,9600.0,8862.2,640.0,10045.5,320.0,167334.1,40.0,106921091.0,4,,,,,,
24/028,2024-03-12,13.0,16.0,18.0,24.0,32.0,43.0,44.0,32,4.0,2.0,2.0,4.0,0.0,3.0,1.0,1.0,1.0,0.5,44298780.0,5.0,1464170.0,240.5,81170.0,597.0,9600.0,12987.0,640.0,16657.5,320.0,244616.3,40.0,153316396.0,13,,,,,,
24/029,2024-03-14,6.0,23.0,24.0,31.0,34.0,49.0,1.0,24,3.0,3.0,3.0,3.0,1.0,0.0,2.0,2.0,1.0,0.0,0.0,5.0,929060.0,133.5,92790.0,596.0,9600.0,8392.7,640.0,15174.3,320.0,165002.6,40.0,104779023.0,6,,,,,,
24/030,2024-03-17,1.0,8.0,13.0,23.0,40.0,44.0,15.0,23,4.0,2.0,3.0,3.0,2.0,1.0,1.0,1.0,1.0,1.0,76086400.0,2.5,2380200.0,182.5,86940.0,446.0,9600.0,11262.7,640.0,12947.5,320.0,206815.5,40.0,124998398.0,1,,,,,,
24/031,2024-03-19,7.0,8.0,29.0,30.0,36.0,48.0,28.0,8,2.0,4.0,2.0,4.0,2.0,0.0,2.0,1.0,1.0,0.0,0.0,3.0,492640.0,79.5,49570.0,275.5,9600.0,4081.3,640.0,6889.7,320.0,71404.2,40.0,39157438.0,7,,,,,,
24/032,2024-03-21,6.0,19.0,20.0,34.0,39.0,42.0,44.0,,3.0,3.0,2.0,4.0,1.0,2.0,0.0,2.0,1.0,2.0,7675880.0,2.0,1225290.0,73.0,89510.0,137.5,9600.0,3363.7,640.0,4017.0,320.0,67338.5,40.0,47045890.0,6,,,,,,
24/033,2024-03-23,11.0,18.0,24.0,35.0,42.0,46.0,3.0,42,3.0,3.0,2.0,4.0,0.0,2.0,1.0,1.0,2.0,0.0,0.0,0.5,883075.0,44.0,107030.0,176.5,9600.0,3068.7,640.0,4546.3,320.0,55448.9,40.0,37536991.0,11,,,,,,
24/034,2024-03-26,6.0,11.0,12.0,18.0,24.0,42.0,38.0,"11,18,24,42",5.0,1.0,1.0,5.0,1.0,3.0,1.0,0.0,1.0,0.0,0.0,5.5,296140.0,210.5,20630.0,319.5,9600.0,8114.5,640.0,7014.6,320.0,107759.1,40.0,49533360.0,6,,,,,,
24/035,2024-03-28,2.0,9.0,15.0,20.0,39.0,48.0,43.0,,4.0,2.0,3.0,3.0,2.0,2.0,0.0,1.0,1.0,1.0,22142760.0,1.5,1860740.0,89.0,83620.0,177.5,9600.0,4641.5,640.0,4883.5,320.0,87264.4,40.0,55880649.0,2,,,,,,
24/036,2024-03-30,2.0,6.0,18.0,22.0,36.0,39.0,21.0,"2,39",4.0,2.0,1.0,5.0,2.0,1.0,1.0,2.0,0.0,0.5,20525725.0,1.5,2455870.0,179.2,54810.0,354.5,9600.0,8746.8,640.0,10081.2,320.0,152113.2,40.0,83887661.0,2,,,,,,
24/037,2024-04-02,16.0,25.0,31.0,42.0,43.0,44.0,7.0,,1.0,5.0,3.0,3.0,0.0,1.0,1.0,1.0,3.0,0.0,0.0,0.5,1601385.0,99.0,86260.0,235.5,9600.0,4336.5,640.0,7223.4,320.0,82795.0,40.0,63190696.0,16,,,,,,
24/038,2024-04-04,4.0,8.0,12.0,22.0,24.0,26.0,1.0,,5.0,1.0,0.0,6.0,2.0,1.0,3.0,0.0,0.0,2.5,14659460.0,7.0,233960.0,393.0,19200.0,952.5,9600.0,13906.0,640.0,18875.5,320.0,179980.2,40.0,71716401.0,4,,,,,,
24/039,2024-04-06,15.0,16.0,17.0,30.0,34.0,35.0,25.0,,3.0,3.0,3.0,3.0,0.0,3.0,1.0,2.0,0.0,1.0,8000000.0,1.0,1726050.0,64.5,71360.0,169.5,9600.0,2701.4,640.0,4179.8,320.0,50244.9,40.0,35830560.0,15,,,,,,
24/040,2024-04-09,13.0,20.0,29.0,30.0,34.0,48.0,3.0,"30,34",2.0,4.0,2.0,4.0,0.0,2.0,2.0,1.0,1.0,1.0,8000000.0,0.0,0.0,46.0,119890.0,147.0,9600.0,2953.0,640.0,4507.2,320.0,58086.2,40.0,41144546.0,13,,,,,,
24/041,2024-04-11,2.0,7.0,9.0,13.0,33.0,35.0,49.0,13,4.0,2.0,5.0,1.0,3.0,1.0,0.0,2.0,0.0,0.0,0.0,2.0,807420.0,80.5,53490.0,202.5,9600.0,4753.5,640.0,5051.0,320.0,83330.2,40.0,40307751.0,2,,,,,,
24/042,2024-04-13,6.0,10.0,12.0,14.0,17.0,41.0,47.0,,5.0,1.0,2.0,4.0,2.0,3.0,0.0,0.0,1.0,0.5,6822035.0,0.0,0.0,79.5,63100.0,195.5,9600.0,4344.2,640.0,5998.5,320.0,80148.1,40.0,43639576.0,6,,,,,,
24/043,2024-04-16,12.0,14.0,17.0,18.0,23.0,44.0,27.0,"12,14,17",5.0,1.0,2.0,4.0,0.0,4.0,1.0,0.0,1.0,0.0,0.0,1.5,1604220.0,50.5,127060.0,191.0,9600.0,3968.4,640.0,5593.9,320.0,79441.6,40.0,49944294.0,12,,,,,,
24/044,2024-04-18,17.0,25.0,26.0,30.0,38.0,48.0,28.0,17,1.0,5.0,2.0,4.0,0.0,1.0,3.0,1.0,1.0,0.0,0.0,1.0,2561350.0,70.5,96880.0,197.0,9600.0,3917.7,640.0,6365.3,320.0,71865.1,40.0,51989851.0,17,,,,,,
24/045,2024-04-21,7.0,8.0,10.0,12.0,17.0,27.0,25.0,17,5.0,1.0,3.0,3.0,3.0,2.0,1.0,0.0,0.0,3.5,7909880.0,7.0,194190.0,368.2,19200.0,660.4,9600.0,12485.7,640.0,12446.5,320.0,162835.1,40.0,63629164.0,7,,,,,,
24/046,2024-04-23,5.0,6.0,16.0,27.0,37.0,47.0,24.0,27,3.0,3.0,4.0,2.0,2.0,1.0,1.0,1.0,1.0,1.5,5333330.0,0.0,0.0,71.0,63240.0,151.0,9600.0,3370.7,640.0,4359.6,320.0,60293.4,40.0,36573781.0,5,,,,,,
24/047,2024-04-25,3.0,17.0,25.0,32.0,36.0,38.0,46.0,,2.0,4.0,3.0,3.0,1.0,1.0,1.0,3.0,0.0,0.0,0.0,1.0,1809070.0,47.5,101560.0,149.5,9600.0,3227.9,640.0,4107.5,320.0,62360.3,40.0,38079881.0,3,,,,,,
24/048,2024-04-27,9.0,18.0,28.0,40.0,47.0,48.0,23.0,,2.0,4.0,2.0,4.0,1.0,1.0,1.0,1.0,2.0,0.0,0.0,1.0,1997480.0,74.0,71980.0,163.0,9600.0,3975.5,640.0,4914.3,320.0,69631.0,40.0,42778772.0,9,,,,,,
24/049,2024-04-30,11.0,12.0,28.0,35.0,37.0,39.0,30.0,28,2.0,4.0,4.0,2.0,0.0,2.0,1.0,3.0,0.0,0.0,0.0,1.0,2681260.0,75.0,95330.0,196.5,9600.0,4357.7,640.0,6205.9,320.0,84702.5,40.0,54985753.0,11,,,,,,
24/050,2024-05-02,6.0,18.0,21.0,39.0,42.0,46.0,17.0,39,3.0,3.0,2.0,4.0,1.0,1.0,1.0,1.0,2.0,0.0,0.0,2.0,1465300.0,61.0,128110.0,188.5,9600.0,4417.5,640.0,6228.5,320.0,80803.3,40.0,58021809.0,6,,,,,,
24/051,2024-05-04,1.0,3.0,7.0,21.0,28.0,30.0,45.0,21,4.0,2.0,4.0,2.0,3.0,0.0,3.0,0.0,0.0,2.5,15089930.0,3.5,656830.0,290.2,21120.0,309.0,9600.0,10579.4,640.0,7159.7,320.0,149233.7,40.0,64517585.0,1,,,,,,
24/052,2024-05-07,8.0,19.0,27.0,30.0,36.0,42.0,2.0,30,2.0,4.0,2.0,4.0,1.0,1.0,2.0,1.0,1.0,0.0,0.0,1.0,1801160.0,47.0,102190.0,206.5,9600.0,3112.8,640.0,5548.3,320.0,60590.8,40.0,39572261.0,8,,,,,,
24/053,2024-05-09,5.0,14.0,15.0,18.0,23.0,48.0,13.0,,5.0,1.0,3.0,3.0,1.0,3.0,1.0,0.0,1.0,0.0,0.0,2.0,1038190.0,65.0,85180.0,209.5,9600.0,3716.9,640.0,6063.1,320.0,71689.9,40.0,45202554.0,5,,,,,,
24/054,2024-05-12,3.0,9.0,25.0,30.0,36.0,41.0,19.0,,2.0,4.0,4.0,2.0,2.0,0.0,2.0,1.0,1.0,1.0,21736320.0,1.0,2502390.0,112.5,59310.0,237.5,9600.0,5164.4,640.0,7229.2,320.0,94212.4,40.0,55554832.0,3,,,,,,
24/055,2024-05-14,14.0,37.0,38.0,41.0,45.0,49.0,5.0,41,1.0,5.0,4.0,2.0,0.0,1.0,0.0,2.0,3.0,0.0,0.0,1.0,1949710.0,44.0,118160.0,106.0,9600.0,2053.7,640.0,3058.0,320.0,40413.8,40.0,35575441.0,14,,,,,,
24/056,2024-05-16,21.0,32.0,40.0,43.0,44.0,49.0,1.0,49,1.0,5.0,3.0,3.0,0.0,0.0,1.0,2.0,3.0,0.0,0.0,0.5,1113855.0,45.0,132010.0,149.0,9600.0,2899.5,640.0,4286.5,320.0,52374.2,40.0,42727716.0,21,,,,,,
24/057,2024-05-18,8.0,17.0,19.0,27.0,33.0,45.0,37.0,,3.0,3.0,5.0,1.0,1.0,2.0,1.0,1.0,1.0,0.0,0.0,0.5,1064040.0,88.5,64120.0,197.0,9600.0,4579.5,640.0,6184.2,320.0,83824.1,40.0,47674681.0,8,,,,,,
24/058,2024-05-21,2.0,3.0,4.0,15.0,37.0,40.0,8.0,,4.0,2.0,3.0,3.0,3.0,1.0,0.0,2.0,0.0,0.0,0.0,1.0,2216200.0,79.5,74330.0,234.7,9600.0,4352.9,640.0,8973.1,320.0,87413.4,40.0,59063126.0,2,,,,,,
24/059,2024-05-23,5.0,9.0,18.0,21.0,36.0,40.0,13.0,40,4.0,2.0,3.0,3.0,2.0,1.0,1.0,2.0,0.0,1.0,36769230.0,1.0,2291780.0,129.5,47190.0,307.2,9600.0,6782.1,640.0,8499.4,320.0,116855.7,40.0,64669091.0,5,,,,,,
24/060,2024-05-25,7.0,26.0,30.0,37.0,46.0,49.0,25.0,,1.0,5.0,3.0,3.0,1.0,0.0,2.0,1.0,2.0,0.0,0.0,2.0,662240.0,41.5,85100.0,120.0,9600.0,2316.5,640.0,3946.0,320.0,48182.4,40.0,34063801.0,7,,,,,,
24/061,2024-05-28,33.0,37.0,38.0,43.0,44.0,46.0,32.0,"37,46",0.0,6.0,3.0,3.0,0.0,0.0,0.0,3.0,3.0,0.0,0.0,2.0,855840.0,60.0,76070.0,247.5,9600.0,3263.0,640.0,5216.4,320.0,57352.1,40.0,45141666.0,33,,,,,,
24/062,2024-05-30,1.0,24.0,25.0,27.0,30.0,32.0,13.0,,2.0,4.0,3.0,3.0,1.0,0.0,4.0,1.0,0.0,0.0,0.0,2.0,868220.0,78.0,59360.0,213.0,9600.0,4503.4,640.0,6784.6,320.0,83021.3,40.0,48119774.0,1,,,,,,
24/063,2024-06-01,6.0,18.0,28.0,33.0,36.0,48.0,11.0,,2.0,4.0,1.0,5.0,1.0,1.0,1.0,2.0,1.0,1.0,23177670.0,4.5,358020.0,142.5,30140.0,316.5,9600.0,7597.7,640.0,8244.6,320.0,106109.2,40.0,51010163.0,6,,,,,,
24/064,2024-06-04,6.0,11.0,19.0,21.0,27.0,43.0,44.0,6,4.0,2.0,5.0,1.0,1.0,2.0,2.0,0.0,1.0,0.0,0.0,2.0,746840.0,71.5,55700.0,148.0,9600.0,3787.7,640.0,4027.0,320.0,69982.2,40.0,40112021.0,6,,,,,,
24/065,2024-06-09,6.0,9.0,12.0,17.0,19.0,42.0,13.0,"6,19",5.0,1.0,3.0,3.0,2.0,3.0,0.0,0.0,1.0,0.0,0.0,10.0,464000.0,326.0,37950.0,838.5,9600.0,17871.6,640.0,21614.9,320.0,293214.3,40.0,141383379.0,6,,,,,,
24/066,2024-06-13,1.0,5.0,15.0,19.0,25.0,39.0,46.0,19,4.0,2.0,6.0,0.0,2.0,2.0,1.0,1.0,0.0,1.0,67718480.0,7.0,752300.0,302.5,46420.0,531.5,9600.0,14944.9,640.0,13842.5,320.0,251302.1,40.0,142887860.0,1,,,,,,
24/067,2024-06-16,3.0,7.0,13.0,17.0,21.0,49.0,4.0,,5.0,1.0,6.0,0.0,2.0,2.0,1.0,0.0,1.0,0.5,4000000.0,0.0,0.0,136.0,23830.0,254.0,9600.0,5606.9,640.0,7038.0,320.0,80379.8,40.0,38909305.0,3,,,,,,
24/068,2024-06-18,9.0,16.0,31.0,33.0,38.0,48.0,23.0,,2.0,4.0,3.0,3.0,1.0,1.0,0.0,3.0,1.0,0.0,0.0,3.5,418240.0,59.0,66160.0,244.0,9600.0,3389.4,640.0,5527.6,320.0,64076.5,40.0,40640635.0,9,,,,,,
24/069,2024-06-20,14.0,21.0,26.0,27.0,42.0,46.0,45.0,,2.0,4.0,2.0,4.0,0.0,1.0,3.0,0.0,2.0,1.0,15063020.0,1.0,1818640.0,65.5,74040.0,142.0,9600.0,2954.5,640.0,3833.5,320.0,60041.5,40.0,45385596.0,14,,,,,,
24/070,2024-06-22,18.0,25.0,28.0,34.0,42.0,49.0,14.0,42,1.0,5.0,2.0,4.0,0.0,1.0,2.0,1.0,2.0,0.0,0.0,0.0,0.0,37.5,97110.0,99.5,9600.0,2124.5,640.0,3196.7,320.0,46407.7,40.0,34112843.0,18,,,,,,
24/071,2024-06-25,21.0,30.0,34.0,40.0,48.0,49.0,16.0,"34,49",1.0,5.0,2.0,4.0,0.0,0.0,2.0,2.0,2.0,0.0,0.0,0.0,0.0,58.0,84290.0,118.0,9600.0,3550.0,640.0,4037.7,320.0,63010.6,40.0,46101446.0,21,,,,,,
24/072,2024-06-27,2.0,17.0,24.0,30.0,32.0,40.0,16.0,"30,40",3.0,3.0,1.0,5.0,1.0,1.0,2.0,2.0,0.0,0.5,11245790.0,1.0,1930740.0,74.5,69100.0,248.5,9600.0,4011.0,640.0,6716.3,320.0,78544.8,40.0,51836036.0,2,,,,,,
24/073,2024-06-29,7.0,21.0,29.0,30.0,36.0,46.0,42.0,30,2.0,4.0,3.0,3.0,1.0,0.0,3.0,1.0,1.0,0.0,0.0,1.0,1686080.0,58.5,76850.0,191.0,9600.0,4076.8,640.0,4739.6,320.0,73570.3,40.0,45213609.0,7,,,,,,
24/074,2024-07-02,5.0,8.0,15.0,21.0,27.0,37.0,2.0,21,4.0,2.0,5.0,1.0,2.0,1.0,2.0,1.0,0.0,0.0,0.0,3.0,603310.0,125.5,38450.0,364.5,9600.0,5369.6,640.0,8946.9,320.0,94018.0,40.0,53514413.0,5,,,,,,
24/075,2024-07-07,1.0,2.0,17.0,27.0,34.0,41.0,22.0,27,3.0,3.0,4.0,2.0,2.0,1.0,1.0,1.0,1.0,0.0,0.0,1.0,2836370.0,96.5,78370.0,271.0,9600.0,5854.2,640.0,8043.3,320.0,116367.5,40.0,74319661.0,1,,,,,,
24/076,2024-07-09,18.0,25.0,30.0,35.0,36.0,40.0,44.0,,1.0,5.0,2.0,4.0,0.0,1.0,2.0,3.0,0.0,0.0,0.0,0.5,1299610.0,130.0,53310.0,236.0,9600.0,6702.7,640.0,6634.0,320.0,113722.5,40.0,69082776.0,18,,,,,,
24/077,2024-07-11,8.0,20.0,29.0,33.0,34.0,44.0,12.0,,2.0,4.0,2.0,4.0,1.0,1.0,1.0,2.0,1.0,0.5,24400275.0,1.5,2102270.0,123.0,68360.0,326.5,9600.0,6576.9,640.0,10528.7,320.0,125603.3,40.0,83426066.0,8,,,,,,
24/078,2024-07-13,17.0,21.0,24.0,27.0,29.0,48.0,8.0,29,3.0,3.0,4.0,2.0,0.0,1.0,4.0,0.0,1.0,0.0,0.0,1.0,2184630.0,110.5,52720.0,310.0,9600.0,5954.4,640.0,8342.6,320.0,104931.9,40.0,61218507.0,17,,,,,,
24/079,2024-07-16,11.0,13.0,17.0,34.0,40.0,47.0,21.0,17,3.0,3.0,4.0,2.0,0.0,3.0,0.0,2.0,1.0,0.0,0.0,5.0,568970.0,98.5,77010.0,297.5,9600.0,5654.5,640.0,9569.0,320.0,110321.4,40.0,74955723.0,11,,,,,,
24/080,2024-07-18,11.0,12.0,18.0,28.0,29.0,30.0,39.0,11,3.0,3.0,2.0,4.0,0.0,3.0,3.0,0.0,0.0,2.0,23269430.0,9.5,247370.0,376.0,19200.0,482.5,9600.0,12700.1,640.0,11045.5,320.0,181146.6,40.0,79757243.0,11,,,,,,
24/081,2024-07-20,17.0,18.0,31.0,33.0,39.0,41.0,14.0,18,2.0,4.0,5.0,1.0,0.0,2.0,0.0,3.0,1.0,1.0,8000000.0,0.0,0.0,67.7,53840.0,107.0,9600.0,2879.1,640.0,3078.2,320.0,52386.3,40.0,35078312.0,17,,,,,,
24/082,2024-07-23,12.0,13.0,24.0,25.0,27.0,34.0,4.0,,3.0,3.0,3.0,3.0,0.0,2.0,3.0,1.0,0.0,0.0,0.0,0.0,0.0,109.5,33760.0,184.2,9600.0,5080.5,640.0,5583.7,320.0,79217.8,40.0,40483478.0,12,,,,,,
24/083,2024-07-25,3.0,16.0,18.0,26.0,43.0,45.0,9.0,,3.0,3.0,3.0,3.0,1.0,2.0,1.0,0.0,2.0,0.0,0.0,1.5,1093580.0,82.5,53020.0,242.0,9600.0,3725.5,640.0,6948.2,320.0,65723.1,40.0,45106130.0,3,,,,,,
24/084,2024-07-30,6.0,7.0,17.0,20.0,21.0,25.0,26.0,,5.0,1.0,4.0,2.0,2.0,2.0,2.0,0.0,0.0,1.0,49808800.0,3.0,1312080.0,263.5,39830.0,667.5,9600.0,14101.3,640.0,16314.0,320.0,237045.5,40.0,117186138.0,6,,,,,,
24/085,2024-08-01,2.0,9.0,16.0,39.0,43.0,46.0,20.0,,3.0,3.0,3.0,3.0,2.0,1.0,0.0,1.0,2.0,1.0,8000000.0,3.5,398780.0,61.0,61010.0,107.0,9600.0,2287.5,640.0,3031.7,320.0,46515.4,40.0,34881626.0,2,,,,,,
24/086,2024-08-03,5.0,6.0,8.0,22.0,26.0,44.0,40.0,,4.0,2.0,1.0,5.0,3.0,0.0,2.0,0.0,1.0,1.0,8000000.0,3.5,329900.0,84.5,36430.0,165.5,9600.0,4826.9,640.0,3740.2,320.0,77615.8,40.0,34549382.0,5,,,,,,
24/087,2024-08-06,3.0,4.0,7.0,13.0,27.0,41.0,38.0,,4.0,2.0,5.0,1.0,3.0,1.0,1.0,0.0,1.0,0.5,4000000.0,0.5,319882.5,144.5,23610.0,166.0,9600.0,5396.9,640.0,4609.4,320.0,85918.1,40.0,38296228.0,3,,,,,,
24/088,2024-08-08,3.0,6.0,7.0,8.0,11.0,29.0,49.0,"3,7",5.0,1.0,4.0,2.0,4.0,1.0,1.0,0.0,0.0,4.0,2000000.0,5.5,38400.0,461.7,19200.0,266.0,9600.0,13172.1,640.0,6310.0,320.0,135333.3,40.0,38841130.0,3,,,,,,
24/089,2024-08-10,8.0,12.0,21.0,35.0,44.0,45.0,2.0,8,3.0,3.0,3.0,3.0,1.0,1.0,1.0,1.0,2.0,0.5,4000000.0,4.0,330510.0,42.0,83930.0,176.0,9600.0,2743.0,640.0,4756.6,320.0,52557.3,40.0,35562687.0,8,,,,,,
24/090,2024-08-13,7.0,9.0,20.0,21.0,30.0,35.0,26.0,"21,35",4.0,2.0,4.0,2.0,2.0,1.0,2.0,1.0,0.0,1.0,8071050.0,1.0,1357010.0,96.5,37490.0,203.5,9600.0,4696.7,640.0,5501.1,320.0,82061.9,40.0,39918635.0,7,,,,,,
24/091,2024-08-15,3.0,16.0,33.0,35.0,39.0,44.0,8.0,35,2.0,4.0,4.0,2.0,1.0,1.0,0.0,3.0,1.0,0.0,0.0,3.0,458500.0,41.0,89460.0,150.0,9600.0,2358.7,640.0,4810.1,320.0,48550.4,40.0,35851187.0,3,,,,,,
24/092,2024-08-17,6.0,13.0,19.0,21.0,26.0,28.0,9.0,,4.0,2.0,3.0,3.0,1.0,2.0,3.0,0.0,0.0,1.0,11836290.0,3.0,426250.0,67.5,50510.0,372.0,9600.0,4044.0,640.0,9415.1,320.0,71096.7,40.0,40838742.0,6,,,,,,
24/093,2024-08-20,1.0,4.0,16.0,26.0,39.0,49.0,7.0,26,3.0,3.0,3.0,3.0,2.0,1.0,1.0,1.0,1.0,2.0,4000000.0,1.0,1062790.0,51.5,68780.0,240.0,9600.0,3119.7,640.0,6905.9,320.0,59335.6,40.0,37949905.0,1,,,,,,
24/094,2024-08-22,8.0,9.0,16.0,21.0,32.0,33.0,34.0,16,4.0,2.0,3.0,3.0,2.0,1.0,1.0,2.0,0.0,1.0,8000000.0,3.0,399020.0,109.0,29280.0,180.7,9600.0,4583.2,640.0,4499.0,320.0,78508.4,40.0,35742053.0,8,,,,,,
24/095,2024-08-24,9.0,15.0,19.0,28.0,31.0,41.0,42.0,9,3.0,3.0,5.0,1.0,1.0,2.0,1.0,1.0,1.0,0.0,0.0,0.0,0.0,50.0,72800.0,106.5,9600.0,2779.3,640.0,3227.5,320.0,53360.2,40.0,35064153.0,9,,,,,,
24/096,2024-08-27,2.0,15.0,23.0,33.0,34.0,39.0,19.0,15,3.0,3.0,4.0,2.0,1.0,1.0,1.0,3.0,0.0,0.0,0.0,0.5,854905.0,57.0,79990.0,213.5,9600.0,3322.2,640.0,4875.9,320.0,64544.1,40.0,44967321.0,2,,,,,,
24/097,2024-08-29,6.0,7.0,18.0,24.0,28.0,29.0,1.0,,4.0,2.0,2.0,4.0,2.0,1.0,3.0,0.0,0.0,1.5,13080890.0,6.0,237320.0,161.0,23580.0,539.5,9600.0,7453.1,640.0,11752.4,320.0,113796.1,40.0,48296578.0,6,,,,,,
24/098,2024-08-31,2.0,21.0,34.0,36.0,41.0,47.0,31.0,,2.0,4.0,3.0,3.0,1.0,0.0,1.0,2.0,2.0,0.0,0.0,3.5,406740.0,31.0,122460.0,116.5,9600.0,1907.2,640.0,3389.2,320.0,40049.2,40.0,35077215.0,2,,,,,,
24/099,2024-09-03,2.0,3.0,7.0,25.0,46.0,48.0,13.0,2,3.0,3.0,3.0,3.0,3.0,0.0,1.0,0.0,2.0,0.0,0.0,0.0,0.0,70.5,64480.0,164.0,9600.0,3869.0,640.0,5666.8,320.0,79052.4,40.0,45749297.0,2,,,,,,
24/100,2024-09-07,5.0,24.0,26.0,32.0,35.0,40.0,16.0,,2.0,4.0,2.0,4.0,1.0,0.0,2.0,3.0,0.0,0.0,0.0,2.0,1156440.0,72.0,85660.0,333.5,9600.0,4936.1,640.0,8657.2,320.0,93445.8,40.0,62839177.0,5,,,,,,
24/101,2024-09-10,1.0,12.0,16.0,20.0,21.0,30.0,27.0,,5.0,1.0,2.0,4.0,1.0,3.0,2.0,0.0,0.0,1.0,27998840.0,3.0,693380.0,144.0,38520.0,305.5,9600.0,7317.4,640.0,8360.4,320.0,120813.0,40.0,60931072.0,1,,,,,,
24/102,2024-09-12,14.0,18.0,20.0,25.0,32.0,43.0,45.0,20,3.0,3.0,2.0,4.0,0.0,3.0,1.0,1.0,1.0,0.0,0.0,0.0,0.0,43.5,94890.0,123.5,9600.0,2515.5,640.0,3072.7,320.0,48524.6,40.0,38457195.0,14,,,,,,
24/103,2024-09-17,5.0,18.0,21.0,24.0,27.0,44.0,10.0,18,4.0,2.0,3.0,3.0,1.0,1.0,3.0,0.0,1.0,1.5,50366360.0,4.5,1522180.0,251.0,72770.0,740.0,9600.0,15578.0,640.0,24177.1,320.0,297824.0,40.0,184377147.0,5,,,,,,
24/104,2024-09-19,5.0,18.0,21.0,24.0,44.0,47.0,20.0,"5,18,21,24,44",4.0,2.0,3.0,3.0,1.0,1.0,2.0,0.0,2.0,1.0,8000000.0,1.5,38400.0,489.0,19200.0,181.5,9600.0,3665.0,640.0,4302.2,320.0,53730.3,40.0,37112427.0,5,,,,,,
24/105,2024-09-21,2.0,3.0,14.0,25.0,27.0,36.0,45.0,,3.0,3.0,3.0,3.0,2.0,1.0,2.0,1.0,0.0,0.0,0.0,1.0,1386960.0,65.5,56460.0,120.5,9600.0,3270.1,640.0,3437.0,320.0,60811.0,40.0,36519524.0,2,,,,,,
24/106,2024-09-24,9.0,17.0,28.0,31.0,40.0,49.0,25.0,,2.0,4.0,4.0,2.0,1.0,1.0,1.0,2.0,1.0,0.0,0.0,1.0,1700440.0,56.5,80250.0,200.0,9600.0,3794.0,640.0,5166.0,320.0,70645.0,40.0,45410832.0,9,,,,,,
24/107,2024-09-26,2.0,4.0,29.0,35.0,38.0,49.0,14.0,49,2.0,4.0,3.0,3.0,2.0,0.0,1.0,2.0,1.0,0.0,0.0,1.0,2023290.0,45.0,119890.0,125.0,9600.0,3067.0,640.0,4602.7,320.0,67087.6,40.0,50072730.0,2,,,,,,
24/108,2024-10-02,8.0,15.0,21.0,32.0,43.0,47.0,41.0,,3.0,3.0,4.0,2.0,1.0,1.0,1.0,1.0,2.0,0.0,0.0,3.5,1889190.0,246.5,71530.0,537.5,9600.0,12845.0,640.0,15839.5,320.0,239303.5,40.0,168741399.0,8,,,,,,
24/109,2024-10-08,10.0,16.0,24.0,32.0,37.0,40.0,19.0,32,3.0,3.0,1.0,5.0,1.0,1.0,1.0,3.0,0.0,3.5,30972690.0,34.5,274430.0,592.5,42610.0,1688.0,9600.0,28090.2,640.0,35893.9,320.0,428234.6,40.0,269825272.0,10,,,,,,
24/110,2024-10-10,10.0,33.0,35.0,40.0,44.0,48.0,6.0,"10,40",1.0,5.0,2.0,4.0,1.0,0.0,0.0,3.0,2.0,0.0,0.0,1.0,1545620.0,37.5,109910.0,106.5,9600.0,2569.0,640.0,3830.2,320.0,51057.8,40.0,38678222.0,10,,,,,,
24/111,2024-10-12,4.0,8.0,9.0,19.0,20.0,48.0,21.0,48,5.0,1.0,2.0,4.0,3.0,2.0,0.0,0.0,1.0,0.0,0.0,7.0,183560.0,154.5,22170.0,332.0,9600.0,6468.7,640.0,7411.6,320.0,95566.3,40.0,42836150.0,4,,,,,,
24/112,2024-10-15,19.0,36.0,37.0,43.0,44.0,49.0,8.0,19,1.0,5.0,4.0,2.0,0.0,1.0,0.0,2.0,3.0,0.0,0.0,2.0,1148970.0,71.0,86300.0,146.0,9600.0,3524.0,640.0,5312.5,320.0,69882.4,40.0,56670107.0,19,,,,,,
24/113,2024-10-17,11.0,17.0,22.0,26.0,33.0,46.0,35.0,,3.0,3.0,3.0,3.0,0.0,2.0,2.0,1.0,1.0,0.0,0.0,1.0,2197050.0,146.5,39990.0,258.0,9600.0,7443.2,640.0,7125.0,320.0,117738.3,40.0,62186567.0,11,,,,,,
24/114,2024-10-22,13.0,21.0,28.0,30.0,41.0,49.0,3.0,,2.0,4.0,4.0,2.0,0.0,1.0,3.0,0.0,2.0,0.0,0.0,3.5,1525990.0,196.5,72480.0,551.5,9600.0,11171.5,640.0,16287.3,320.0,216829.1,40.0,140896033.0,13,,,,,,
24/115,2024-10-28,5.0,6.0,13.0,15.0,36.0,49.0,23.0,"13,49",4.0,2.0,4.0,2.0,2.0,2.0,0.0,1.0,1.0,3.0,33625630.0,8.0,1078200.0,329.0,69910.0,975.0,9600.0,17951.4,640.0,27128.9,320.0,345999.1,40.0,228601537.0,5,,,,,,
24/116,2024-10-31,7.0,13.0,16.0,22.0,23.0,31.0,6.0,13,5.0,1.0,4.0,2.0,1.0,2.0,2.0,1.0,0.0,0.5,4000000.0,2.5,596540.0,82.5,48200.0,278.0,9600.0,4171.5,640.0,7522.1,320.0,77407.3,40.0,43683034.0,7,,,,,,
24/117,2024-11-02,14.0,16.0,25.0,40.0,41.0,45.0,27.0,16,2.0,4.0,3.0,3.0,0.0,2.0,1.0,1.0,2.0,0.0,0.0,1.5,1052680.0,50.5,83380.0,125.5,9600.0,2460.5,640.0,3582.0,320.0,46952.6,40.0,39191998.0,14,,,,,,
24/118,2024-11-05,7.0,11.0,13.0,24.0,27.0,31.0,35.0,,4.0,2.0,5.0,1.0,1.0,2.0,2.0,1.0,0.0,1.0,13569080.0,0.0,0.0,175.7,24440.0,271.7,9600.0,7338.4,640.0,6491.7,320.0,112081.7,40.0,49859853.0,7,,,,,,
24/119,2024-11-07,11.0,17.0,33.0,36.0,40.0,44.0,2.0,11,2.0,4.0,3.0,3.0,0.0,2.0,0.0,3.0,1.0,0.0,0.0,3.0,501400.0,67.0,59860.0,134.5,9600.0,3615.7,640.0,4263.9,320.0,64773.5,40.0,39862458.0,11,,,,,,
24/120,2024-11-10,3.0,20.0,24.0,27.0,30.0,42.0,17.0,,3.0,3.0,2.0,4.0,1.0,1.0,3.0,0.0,1.0,1.0,13105110.0,1.0,1701700.0,61.0,74390.0,209.0,9600.0,3815.7,640.0,5615.7,320.0,74272.2,40.0,45920598.0,3,,,,,,
24/121,2024-11-12,5.0,13.0,22.0,27.0,45.0,46.0,7.0,27,3.0,3.0,4.0,2.0,1.0,1.0,2.0,0.0,2.0,0.0,0.0,3.0,474950.0,63.0,60310.0,155.5,9600.0,2643.9,640.0,4997.4,320.0,50654.3,40.0,37322491.0,5,,,,,,
24/122,2024-11-14,8.0,14.0,20.0,28.0,36.0,39.0,30.0,,3.0,3.0,1.0,5.0,1.0,2.0,1.0,2.0,0.0,0.0,0.0,0.0,0.0,59.5,66890.0,181.0,9600.0,3586.1,640.0,4902.2,320.0,66630.3,40.0,40506608.0,8,,,,,,
24/123,2024-11-16,1.0,3.0,7.0,19.0,31.0,38.0,23.0,,4.0,2.0,5.0,1.0,3.0,1.0,0.0,2.0,0.0,0.0,0.0,2.0,763340.0,113.5,35860.0,269.5,9600.0,5987.8,640.0,7747.5,320.0,101386.2,40.0,47025558.0,1,,,,,,
24/124,2024-11-19,19.0,32.0,36.0,38.0,39.0,47.0,29.0,"19,38",1.0,5.0,3.0,3.0,0.0,1.0,0.0,4.0,1.0,0.0,0.0,4.0,550200.0,81.0,72450.0,207.0,9600.0,4452.0,640.0,6406.1,320.0,80715.0,40.0,57144818.0,19,,,,,,
24/125,2024-11-21,1.0,3.0,6.0,14.0,32.0,34.0,12.0,32,4.0,2.0,2.0,4.0,3.0,1.0,0.0,2.0,0.0,0.0,0.0,3.0,730100.0,59.2,98660.0,221.5,9600.0,4463.4,640.0,8465.5,320.0,93373.4,40.0,58563862.0,1,,,,,,
24/126,2024-11-23,1.0,2.0,7.0,14.0,15.0,25.0,35.0,"1,14",5.0,1.0,4.0,2.0,3.0,2.0,1.0,0.0,0.0,0.0,0.0,6.0,387250.0,203.2,30490.0,369.5,9600.0,8427.7,640.0,9023.4,320.0,133191.7,40.0,68386950.0,1,,,,,,
24/127,2024-11-26,8.0,11.0,12.0,28.0,29.0,44.0,34.0,,3.0,3.0,2.0,4.0,1.0,2.0,2.0,0.0,1.0,1.5,31396100.0,4.0,699950.0,308.5,24200.0,400.0,9600.0,12457.9,640.0,10203.0,320.0,185230.4,40.0,84661798.0,8,,,,,,
24/128,2024-11-28,9.0,15.0,26.0,32.0,33.0,44.0,1.0,44,2.0,4.0,3.0,3.0,1.0,1.0,1.0,2.0,1.0,0.0,0.0,1.0,1371390.0,39.5,92580.0,141.2,9600.0,2880.2,640.0,4072.1,320.0,55287.0,40.0,36119100.0,9,,,,,,
24/129,2024-11-30,10.0,14.0,23.0,24.0,33.0,41.0,38.0,33,4.0,2.0,3.0,3.0,1.0,1.0,2.0,1.0,1.0,0.0,0.0,1.0,1566600.0,70.0,59680.0,164.0,9600.0,3429.2,640.0,4594.7,320.0,64332.1,40.0,41439147.0,10,,,,,,
24/130,2024-12-03,2.0,13.0,15.0,17.0,22.0,28.0,23.0,,5.0,1.0,3.0,3.0,1.0,3.0,2.0,0.0,0.0,0.0,0.0,1.5,1276740.0,80.0,63830.0,235.0,9600.0,4891.3,640.0,6491.4,320.0,89792.6,40.0,52529161.0,2,,,,,,
24/131,2024-12-05,5.0,12.0,27.0,29.0,38.0,40.0,22.0,,2.0,4.0,3.0,3.0,1.0,1.0,2.0,2.0,0.0,0.0,0.0,3.5,576250.0,99.5,54050.0,237.0,9600.0,5492.0,640.0,6926.0,320.0,99433.8,40.0,55745011.0,5,,,,,,
24/132,2024-12-07,1.0,15.0,18.0,33.0,34.0,39.0,22.0,,3.0,3.0,4.0,2.0,1.0,2.0,0.0,3.0,0.0,0.0,0.0,5.0,449320.0,66.0,90770.0,273.0,9600.0,5067.7,640.0,6956.7,320.0,94715.4,40.0,60265911.0,1,,,,,,
24/133,2024-12-10,3.0,18.0,24.0,33.0,43.0,44.0,4.0,"18,33",3.0,3.0,3.0,3.0,1.0,1.0,1.0,1.0,2.0,2.0,19566290.0,7.0,376040.0,211.5,33180.0,568.0,9600.0,8316.4,640.0,10321.9,320.0,136277.6,40.0,77591011.0,3,,,,,,
24/134,2024-12-12,10.0,14.0,16.0,21.0,37.0,49.0,22.0,,4.0,2.0,3.0,3.0,1.0,2.0,1.0,1.0,1.0,0.0,0.0,0.5,695985.0,83.5,44450.0,121.5,9600.0,3894.4,640.0,3651.3,320.0,54974.8,40.0,36924849.0,10,,,,,,
24/135,2024-12-14,1.0,16.0,18.0,36.0,37.0,46.0,38.0,"16,37",3.0,3.0,2.0,4.0,1.0,2.0,0.0,2.0,1.0,0.0,0.0,0.0,0.0,53.0,80290.0,178.0,9600.0,3203.2,640.0,4741.5,320.0,59590.5,40.0,41841314.0,1,,,,,,
24/136,2024-12-17,9.0,11.0,23.0,26.0,30.0,48.0,28.0,,3.0,3.0,3.0,3.0,1.0,1.0,3.0,0.0,1.0,0.0,0.0,2.0,906560.0,125.0,38680.0,309.0,9600.0,6031.6,640.0,8624.0,320.0,101164.1,40.0,53670069.0,9,,,,,,
24/137,2024-12-19,1.0,2.0,3.0,36.0,37.0,41.0,10.0,,3.0,3.0,4.0,2.0,3.0,0.0,0.0,2.0,1.0,0.0,0.0,1.0,2111000.0,84.0,67010.0,196.0,9600.0,4262.3,640.0,6956.3,320.0,85110.6,40.0,55481497.0,1,,,,,,
24/138,2024-12-21,14.0,20.0,21.0,22.0,23.0,30.0,18.0,,5.0,1.0,2.0,4.0,0.0,2.0,4.0,0.0,0.0,0.0,0.0,1.0,2321600.0,117.5,52680.0,354.5,9600.0,6437.4,640.0,8719.4,320.0,107978.2,40.0,65209192.0,14,,,,,,
24/139,2024-12-24,8.0,11.0,18.0,23.0,25.0,41.0,45.0,23,4.0,2.0,4.0,2.0,1.0,2.0,2.0,0.0,1.0,0.0,0.0,7.0,476080.0,178.5,49780.0,377.5,9600.0,9755.7,640.0,9650.5,320.0,178035.4,40.0,92452676.0,8,,,,,,
24/140,2024-12-28,1.0,3.0,5.0,18.0,26.0,35.0,14.0,18,4.0,2.0,4.0,2.0,3.0,1.0,1.0,1.0,0.0,0.0,0.0,5.5,668690.0,207.5,47260.0,531.5,9600.0,12688.6,640.0,14010.3,320.0,213728.5,40.0,107128037.0,1,,,,,,
25/001,2025-01-02,9.0,23.0,42.0,44.0,45.0,46.0,22.0,,2.0,4.0,3.0,3.0,1.0,0.0,1.0,0.0,4.0,0.0,0.0,9.5,982330.0,309.5,80400.0,932.0,9600.0,18834.0,640.0,25306.0,320.0,334380.7,40.0,241793017.0,9,,,,,,
25/002,2025-01-07,8.0,13.0,18.0,23.0,31.0,47.0,16.0,23,4.0,2.0,4.0,2.0,1.0,2.0,1.0,1.0,1.0,2.0,69234020.0,14.0,844560.0,651.5,48390.0,1374.5,9600.0,34521.8,640.0,39843.6,320.0,596018.4,40.0,328821743.0,8,,,,,,
25/003,2025-01-09,1.0,19.0,28.0,33.0,35.0,41.0,11.0,,2.0,4.0,5.0,1.0,1.0,1.0,1.0,2.0,1.0,0.0,0.0,0.0,0.0,41.0,100250.0,168.5,9600.0,2998.8,640.0,6182.1,320.0,61921.6,40.0,41152640.0,1,,,,,,
25/004,2025-01-11,8.0,15.0,26.0,27.0,30.0,35.0,2.0,35,2.0,4.0,3.0,3.0,1.0,1.0,3.0,1.0,0.0,0.0,0.0,3.0,576460.0,60.0,76860.0,187.0,9600.0,3814.5,640.0,6320.1,320.0,74082.0,40.0,46488612.0,8,,,,,,
25/005,2025-01-14,3.0,5.0,11.0,12.0,18.0,48.0,6.0,,5.0,1.0,3.0,3.0,2.0,3.0,0.0,0.0,1.0,0.0,0.0,5.0,359030.0,164.4,29110.0,654.5,9600.0,8707.5,640.0,15627.4,320.0,139631.6,40.0,60887170.0,3,,,,,,
25/006,2025-01-16,1.0,3.0,4.0,19.0,38.0,45.0,39.0,3,4.0,2.0,4.0,2.0,3.0,1.0,0.0,1.0,1.0,0.0,0.0,2.5,947930.0,76.0,83150.0,239.5,9600.0,5678.3,640.0,7272.3,320.0,117535.2,40.0,64108211.0,1,,,,,,
25/007,2025-01-18,3.0,4.0,6.0,12.0,18.0,32.0,28.0,"3,4",5.0,1.0,1.0,5.0,3.0,2.0,0.0,1.0,0.0,0.5,16730720.0,6.0,346480.0,268.0,20680.0,649.5,9600.0,11180.2,640.0,14642.0,320.0,164579.8,40.0,70509097.0,3,,,,,,
25/008,2025-01-21,16.0,22.0,33.0,43.0,48.0,49.0,8.0,,2.0,4.0,3.0,3.0,0.0,1.0,1.0,1.0,3.0,1.0,24588320.0,3.0,873060.0,116.5,59950.0,365.0,9600.0,6223.0,640.0,9706.5,320.0,108389.9,40.0,71603316.0,16,,,,,,
25/009,2025-01-23,3.0,6.0,24.0,25.0,34.0,37.0,45.0,,3.0,3.0,3.0,3.0,2.0,0.0,2.0,2.0,0.0,0.0,0.0,0.5,834970.0,50.5,88180.0,127.0,9600.0,3505.7,640.0,4022.2,320.0,72790.4,40.0,43343702.0,3,,,,,,
25/010,2025-01-25,7.0,14.0,19.0,31.0,36.0,45.0,24.0,,3.0,3.0,4.0,2.0,1.0,2.0,0.0,2.0,1.0,2.0,7578090.0,1.0,1580300.0,62.0,84960.0,204.5,9600.0,3961.2,640.0,5473.9,320.0,75878.0,40.0,51547722.0,7,,,,,,
25/011,2025-02-02,14.0,18.0,30.0,36.0,40.0,42.0,1.0,"14,36",2.0,4.0,0.0,6.0,0.0,2.0,1.0,2.0,1.0,1.0,193762620.0,12.0,1215620.0,536.5,72500.0,1358.0,9600.0,29767.6,640.0,42866.3,320.0,569761.9,40.0,380697962.0,14,,,,,,
25/012,2025-02-04,3.0,13.0,15.0,18.0,19.0,24.0,37.0,18,6.0,0.0,4.0,2.0,1.0,4.0,1.0,0.0,0.0,0.0,0.0,0.5,721520.0,76.0,50630.0,180.5,9600.0,5562.6,640.0,5035.1,320.0,91386.3,40.0,42353635.0,3,,,,,,
25/013,2025-02-06,1.0,4.0,18.0,25.0,38.0,45.0,23.0,18,3.0,3.0,3.0,3.0,2.0,1.0,1.0,1.0,1.0,0.0,0.0,1.0,1783040.0,84.0,56600.0,287.5,9600.0,5109.4,640.0,8250.9,320.0,97202.0,40.0,51724315.0,1,,,,,,
25/014,2025-02-08,1.0,7.0,21.0,27.0,33.0,45.0,17.0,"1,45",3.0,3.0,6.0,0.0,2.0,0.0,2.0,1.0,1.0,0.0,0.0,6.0,304930.0,171.5,28440.0,510.4,9600.0,6397.9,640.0,11058.0,320.0,102359.2,40.0,57728492.0,1,,,,,,
25/015,2025-02-11,5.0,15.0,20.0,26.0,30.0,40.0,39.0,,3.0,3.0,2.0,4.0,1.0,2.0,2.0,1.0,0.0,1.0,27165300.0,3.5,724360.0,289.5,23350.0,340.0,9600.0,8319.0,640.0,7711.2,320.0,118732.2,40.0,70993987.0,5,,,,,,
25/016,2025-02-13,5.0,26.0,29.0,32.0,42.0,45.0,36.0,"5,26",1.0,5.0,3.0,3.0,1.0,0.0,2.0,1.0,2.0,0.0,0.0,1.0,1735670.0,42.0,110200.0,101.5,9600.0,2485.7,640.0,3561.0,320.0,50847.8,40.0,42283057.0,5,,,,,,
25/017,2025-02-15,1.0,8.0,21.0,25.0,29.0,34.0,4.0,29,3.0,3.0,4.0,2.0,2.0,0.0,3.0,1.0,0.0,0.0,0.0,2.5,694770.0,72.5,63880.0,210.2,9600.0,4073.4,640.0,6942.4,320.0,81746.1,40.0,47753312.0,1,,,,,,
25/018,2025-02-18,3.0,7.0,13.0,35.0,37.0,39.0,23.0,,3.0,3.0,6.0,0.0,2.0,1.0,0.0,3.0,0.0,0.0,0.0,4.0,512930.0,107.0,51130.0,364.0,9600.0,5625.8,640.0,9675.5,320.0,99341.6,40.0,59162960.0,3,,,,,,
25/019,2025-02-20,13.0,20.0,22.0,27.0,41.0,44.0,36.0,13,3.0,3.0,3.0,3.0,0.0,2.0,2.0,0.0,2.0,0.0,0.0,1.0,2425350.0,69.5,93050.0,193.5,9600.0,4209.7,640.0,5692.0,320.0,80704.1,40.0,61052432.0,13,,,,,,
25/020,2025-02-22,14.0,15.0,20.0,27.0,41.0,44.0,33.0,"20,27,41,44",3.0,3.0,3.0,3.0,0.0,3.0,1.0,0.0,2.0,0.0,0.0,4.0,658210.0,80.0,87760.0,199.5,9600.0,5661.5,640.0,6612.0,320.0,83447.6,40.0,66984453.0,14,,,,,,
25/021,2025-02-25,1.0,2.0,6.0,11.0,40.0,47.0,32.0,,4.0,2.0,3.0,3.0,3.0,1.0,0.0,1.0,1.0,1.0,43865730.0,3.5,888100.0,105.0,78940.0,313.8,9600.0,8505.3,640.0,9223.1,320.0,167308.0,40.0,85452267.0,1,,,,,,
25/022,2025-02-27,7.0,11.0,15.0,17.0,25.0,28.0,9.0,11,4.0,2.0,5.0,1.0,1.0,3.0,2.0,0.0,0.0,0.0,0.0,3.0,399970.0,123.0,26010.0,441.0,9600.0,5272.7,640.0,9791.1,320.0,86367.9,40.0,40697855.0,7,,,,,,
25/023,2025-03-01,4.0,15.0,22.0,25.0,29.0,42.0,1.0,"15,25",3.0,3.0,3.0,3.0,1.0,1.0,3.0,0.0,1.0,0.0,0.0,0.0,0.0,62.5,75790.0,219.0,9600.0,3456.1,640.0,6766.3,320.0,66010.0,40.0,47315035.0,4,,,,,,
25/024,2025-03-04,1.0,9.0,14.0,38.0,42.0,43.0,23.0,42,3.0,3.0,3.0,3.0,2.0,1.0,0.0,1.0,2.0,0.0,0.0,1.5,1521650.0,75.7,80400.0,213.5,9600.0,3882.9,640.0,6834.3,320.0,83528.2,40.0,58733392.0,1,,,,,,
25/025,2025-03-06,4.0,11.0,19.0,20.0,30.0,39.0,45.0,,4.0,2.0,3.0,3.0,1.0,3.0,1.0,1.0,0.0,0.0,0.0,3.5,627120.0,103.0,56820.0,217.0,9600.0,6045.5,640.0,5948.0,320.0,107098.7,40.0,59544177.0,4,,,,,,
25/026,2025-03-08,19.0,25.0,26.0,29.0,32.0,39.0,4.0,"19,39",1.0,5.0,4.0,2.0,0.0,1.0,3.0,2.0,0.0,0.0,0.0,0.5,1238975.0,97.0,68120.0,238.5,9600.0,5615.2,640.0,7801.5,320.0,101029.8,40.0,65624522.0,19,,,,,,
25/027,2025-03-11,1.0,4.0,9.0,14.0,21.0,37.0,45.0,,5.0,1.0,4.0,2.0,3.0,1.0,1.0,1.0,0.0,0.0,0.0,3.0,981570.0,215.5,36430.0,377.5,9600.0,10935.1,640.0,10521.5,320.0,171923.4,40.0,85580382.0,1,,,,,,
25/028,2025-03-13,4.0,16.0,19.0,21.0,26.0,29.0,13.0,"4,21",4.0,2.0,3.0,3.0,1.0,2.0,3.0,0.0,0.0,0.0,0.0,8.5,416330.0,164.5,57360.0,427.2,9600.0,8513.5,640.0,11100.0,320.0,150353.3,40.0,95434162.0,4,,,,,,
25/029,2025-03-16,29.0,30.0,36.0,41.0,48.0,49.0,14.0,29,0.0,6.0,3.0,3.0,0.0,0.0,2.0,1.0,3.0,1.0,72097390.0,3.0,1715040.0,149.0,92080.0,438.5,9600.0,9407.0,640.0,12418.0,320.0,178501.4,40.0,130729742.0,29,,,,,,
25/030,2025-03-18,6.0,8.0,24.0,26.0,29.0,45.0,39.0,29,3.0,3.0,2.0,4.0,2.0,0.0,3.0,0.0,1.0,0.5,4000000.0,0.0,0.0,88.5,44600.0,144.0,9600.0,3978.3,640.0,4592.4,320.0,73763.1,40.0,40359983.0,6,,,,,,
25/031,2025-03-20,16.0,20.0,21.0,24.0,39.0,43.0,34.0,24,4.0,2.0,3.0,3.0,0.0,2.0,2.0,1.0,1.0,0.0,0.0,1.0,1768010.0,43.0,109640.0,126.5,9600.0,2670.5,640.0,4086.5,320.0,55182.3,40.0,43808218.0,16,,,,,,
25/032,2025-03-22,12.0,23.0,24.0,27.0,36.0,46.0,43.0,24,3.0,3.0,2.0,4.0,0.0,1.0,3.0,1.0,1.0,0.5,8231365.0,0.0,0.0,108.0,46730.0,154.0,9600.0,4410.6,640.0,4384.0,320.0,84615.1,40.0,49630505.0,12,,,,,,
25/033,2025-03-25,8.0,11.0,17.0,36.0,43.0,48.0,25.0,36,3.0,3.0,3.0,3.0,1.0,2.0,0.0,1.0,2.0,0.0,0.0,1.0,2054550.0,68.0,80570.0,240.5,9600.0,3830.5,640.0,6168.7,320.0,78053.4,40.0,53861448.0,8,,,,,,
25/034,2025-03-27,10.0,19.0,35.0,44.0,47.0,49.0,15.0,,2.0,4.0,4.0,2.0,1.0,1.0,0.0,1.0,3.0,1.0,22766170.0,3.5,616980.0,79.5,72430.0,178.0,9600.0,4679.5,640.0,5384.7,320.0,81757.9,40.0,55787536.0,10,,,,,,
25/035,2025-03-29,3.0,5.0,12.0,13.0,45.0,47.0,46.0,47,4.0,2.0,5.0,1.0,2.0,2.0,0.0,0.0,2.0,0.0,0.0,1.0,1368740.0,58.5,62390.0,156.5,9600.0,3145.0,640.0,3961.0,320.0,64642.2,40.0,36880173.0,3,,,,,,
25/036,2025-04-01,6.0,14.0,17.0,30.0,35.0,42.0,49.0,,3.0,3.0,2.0,4.0,1.0,2.0,1.0,1.0,1.0,0.0,0.0,0.5,952060.0,63.5,79960.0,148.5,9600.0,3534.4,640.0,4521.0,320.0,67088.9,40.0,48279928.0,6,,,,,,
25/037,2025-04-03,2.0,4.0,7.0,29.0,32.0,40.0,44.0,,3.0,3.0,2.0,4.0,3.0,0.0,1.0,2.0,0.0,0.0,0.0,0.0,0.0,95.5,52110.0,178.0,9600.0,5492.5,640.0,5380.5,320.0,97863.5,40.0,51300798.0,2,,,,,,
25/038,2025-04-05,7.0,11.0,22.0,26.0,39.0,44.0,8.0,7,3.0,3.0,3.0,3.0,1.0,1.0,2.0,1.0,1.0,1.0,27684470.0,3.0,617140.0,114.5,43110.0,315.7,9600.0,5481.0,640.0,8952.9,320.0,92888.1,40.0,53806580.0,7,,,,,,
25/039,2025-04-08,11.0,17.0,20.0,27.0,36.0,48.0,21.0,11,3.0,3.0,3.0,3.0,0.0,3.0,1.0,1.0,1.0,0.0,0.0,1.5,1010930.0,57.0,70940.0,230.5,9600.0,3402.7,640.0,5569.2,320.0,62987.4,40.0,41516518.0,11,,,,,,
25/040,2025-04-10,11.0,22.0,23.0,26.0,32.0,35.0,2.0,11,3.0,3.0,3.0,3.0,0.0,1.0,3.0,2.0,0.0,0.0,0.0,1.5,1095360.0,79.5,55110.0,189.5,9600.0,4187.6,640.0,5871.4,320.0,73760.2,40.0,44872418.0,11,,,,,,
25/041,2025-04-12,19.0,21.0,34.0,36.0,47.0,49.0,14.0,,2.0,4.0,4.0,2.0,0.0,1.0,1.0,2.0,2.0,1.0,18481150.0,2.0,925330.0,62.5,78960.0,130.5,9600.0,3316.0,640.0,4427.7,320.0,63032.1,40.0,46569726.0,19,,,,,,
25/042,2025-04-15,10.0,20.0,21.0,22.0,23.0,42.0,49.0,21,5.0,1.0,2.0,4.0,1.0,1.0,3.0,0.0,1.0,0.5,4000000.0,0.5,748050.0,112.0,35620.0,173.5,9600.0,4181.5,640.0,4102.5,320.0,65769.1,40.0,40599438.0,10,,,,,,
25/043,2025-04-19,1.0,11.0,24.0,37.0,45.0,49.0,22.0,,3.0,3.0,5.0,1.0,1.0,1.0,1.0,1.0,2.0,1.5,34252320.0,5.0,891890.0,209.5,56760.0,675.0,9600.0,11404.7,640.0,18134.2,320.0,206982.6,40.0,124952608.0,1,,,,,,
25/044,2025-04-22,3.0,7.0,11.0,20.0,23.0,27.0,29.0,11,5.0,1.0,5.0,1.0,2.0,2.0,2.0,0.0,0.0,0.0,0.0,3.0,257460.0,233.0,19200.0,394.0,9600.0,7784.2,640.0,7386.5,320.0,103319.8,40.0,38477470.0,3,,,,,,
25/045,2025-04-24,12.0,16.0,21.0,35.0,44.0,48.0,32.0,,3.0,3.0,2.0,4.0,0.0,2.0,1.0,1.0,2.0,0.0,0.0,3.0,580590.0,52.5,88470.0,150.0,9600.0,2890.5,640.0,4562.5,320.0,57224.4,40.0,44023948.0,12,,,,,,
25/046,2025-04-26,11.0,15.0,18.0,21.0,29.0,40.0,8.0,21,4.0,2.0,4.0,2.0,0.0,3.0,2.0,1.0,0.0,0.0,0.0,4.0,433860.0,81.5,56780.0,253.1,9600.0,3642.3,640.0,7401.4,320.0,75520.3,40.0,47765614.0,11,,,,,,
25/047,2025-04-29,20.0,21.0,24.0,30.0,32.0,38.0,47.0,21,3.0,3.0,1.0,5.0,0.0,1.0,3.0,2.0,0.0,0.0,0.0,0.0,0.0,82.0,70690.0,163.0,9600.0,6522.4,640.0,5299.0,320.0,95041.2,40.0,57992137.0,20,,,,,,
25/048,2025-05-01,4.0,7.0,21.0,32.0,41.0,47.0,28.0,"21,32",3.0,3.0,4.0,2.0,2.0,0.0,1.0,1.0,2.0,1.0,34540820.0,1.5,1647530.0,98.5,66900.0,269.0,9600.0,5727.5,640.0,7670.7,320.0,102818.7,40.0,65980478.0,4,,,,,,
25/049,2025-05-03,18.0,20.0,30.0,35.0,47.0,49.0,44.0,47,2.0,4.0,3.0,3.0,0.0,2.0,1.0,1.0,2.0,0.0,0.0,0.0,0.0,42.5,86540.0,125.0,9600.0,2674.5,640.0,3363.0,320.0,51661.3,40.0,35458033.0,18,,,,,,
25/050,2025-05-06,12.0,15.0,25.0,26.0,29.0,41.0,42.0,,2.0,4.0,4.0,2.0,0.0,2.0,3.0,0.0,1.0,0.5,7424985.0,0.0,0.0,116.0,41920.0,164.0,9600.0,3739.6,640.0,4412.5,320.0,71499.5,40.0,47173705.0,12,,,,,,
25/051,2025-05-08,6.0,11.0,17.0,22.0,27.0,43.0,24.0,,4.0,2.0,4.0,2.0,1.0,2.0,2.0,0.0,1.0,1.0,13858970.0,0.5,768400.0,143.5,28550.0,229.5,9600.0,5767.5,640.0,6812.6,320.0,90709.9,40.0,45674138.0,6,,,,,,
25/052,2025-05-11,19.0,26.0,28.0,29.0,46.0,49.0,32.0,,1.0,5.0,3.0,3.0,0.0,1.0,3.0,0.0,2.0,0.0,0.0,2.0,785240.0,84.5,49560.0,139.0,9600.0,3575.0,640.0,4115.0,320.0,65844.1,40.0,41219606.0,19,,,,,,
25/053,2025-05-13,13.0,26.0,27.0,41.0,45.0,49.0,46.0,"26,49",1.0,5.0,5.0,1.0,0.0,1.0,2.0,0.0,3.0,0.5,6612580.0,1.0,1741720.0,54.5,85220.0,113.0,9600.0,2680.0,640.0,3935.0,320.0,55980.2,40.0,43101551.0,13,,,,,,
25/054,2025-05-15,6.0,12.0,29.0,32.0,34.0,46.0,16.0,,2.0,4.0,1.0,5.0,1.0,1.0,1.0,2.0,1.0,0.0,0.0,4.0,400110.0,53.5,79770.0,218.0,9600.0,3363.5,640.0,5099.0,320.0,64865.9,40.0,42944184.0,6,,,,,,
25/055,2025-05-17,12.0,22.0,27.0,29.0,32.0,34.0,9.0,"12,29,32,34",2.0,4.0,2.0,4.0,0.0,1.0,3.0,2.0,0.0,0.0,0.0,3.5,424930.0,115.0,34480.0,243.0,9600.0,6259.9,640.0,6055.8,320.0,76235.1,40.0,44203057.0,12,,,,,,
25/056,2025-05-20,10.0,15.0,28.0,31.0,34.0,40.0,48.0,34,2.0,4.0,2.0,4.0,1.0,1.0,1.0,3.0,0.0,0.0,0.0,1.0,2213000.0,82.0,71960.0,177.5,9600.0,4056.1,640.0,5085.5,320.0,77910.2,40.0,56058899.0,10,,,,,,
25/057,2025-05-22,4.0,11.0,26.0,29.0,34.0,35.0,18.0,34,2.0,4.0,3.0,3.0,1.0,1.0,2.0,2.0,0.0,0.0,0.0,1.5,1343680.0,82.0,65540.0,241.2,9600.0,5357.7,640.0,7432.3,320.0,99968.2,40.0,55888551.0,4,,,,,,
25/058,2025-05-24,6.0,14.0,15.0,19.0,45.0,47.0,17.0,,4.0,2.0,4.0,2.0,1.0,3.0,0.0,0.0,2.0,0.0,0.0,1.0,2453370.0,97.0,67440.0,203.0,9600.0,4055.7,640.0,6081.5,320.0,82650.6,40.0,61862642.0,6,,,,,,
25/059,2025-05-29,5.0,6.0,16.0,21.0,24.0,35.0,33.0,6,5.0,1.0,3.0,3.0,2.0,1.0,2.0,1.0,0.0,1.0,55487500.0,10.5,555150.0,330.0,47100.0,673.5,9600.0,14939.9,640.0,19969.0,320.0,270614.2,40.0,159379031.0,5,,,,,,
25/060,2025-06-01,12.0,16.0,28.0,29.0,38.0,47.0,26.0,16,2.0,4.0,2.0,4.0,0.0,2.0,2.0,1.0,1.0,1.0,8000000.0,2.5,576920.0,51.5,74680.0,198.4,9600.0,3095.7,640.0,5972.4,320.0,61258.2,40.0,39463091.0,12,,,,,,
25/061,2025-06-03,1.0,2.0,13.0,15.0,41.0,46.0,27.0,,4.0,2.0,4.0,2.0,2.0,2.0,0.0,0.0,2.0,1.0,8000000.0,0.0,0.0,37.0,109980.0,131.5,9600.0,2504.1,640.0,4197.6,320.0,53785.6,40.0,38810229.0,1,,,,,,
25/062,2025-06-05,18.0,22.0,24.0,33.0,39.0,44.0,3.0,,3.0,3.0,2.0,4.0,0.0,1.0,2.0,2.0,1.0,0.0,0.0,3.0,469820.0,90.0,41760.0,227.0,9600.0,4248.9,640.0,6015.9,320.0,67981.4,40.0,40409117.0,18,,,,,,
25/063,2025-06-07,9.0,15.0,27.0,30.0,34.0,39.0,19.0,39,2.0,4.0,4.0,2.0,1.0,1.0,2.0,2.0,0.0,1.0,12932520.0,1.5,1096110.0,60.5,72470.0,178.5,9600.0,3364.7,640.0,5655.6,320.0,64562.6,40.0,43565282.0,9,,,,,,
25/064,2025-06-10,9.0,13.0,35.0,40.0,45.0,46.0,26.0,9,2.0,4.0,4.0,2.0,1.0,1.0,0.0,2.0,2.0,0.0,0.0,0.5,794520.0,54.5,77750.0,139.0,9600.0,3356.6,640.0,4111.0,320.0,55658.8,40.0,40913202.0,9,,,,,,
25/065,2025-06-12,6.0,25.0,32.0,36.0,39.0,45.0,13.0,45,1.0,5.0,3.0,3.0,1.0,0.0,1.0,3.0,1.0,0.0,0.0,1.0,1738820.0,47.5,97610.0,182.0,9600.0,3375.6,640.0,5304.2,320.0,66996.0,40.0,45513439.0,6,,,,,,
25/066,2025-06-17,5.0,19.0,30.0,40.0,44.0,45.0,26.0,45,2.0,4.0,3.0,3.0,1.0,1.0,1.0,1.0,2.0,1.0,52649310.0,4.5,1085130.0,206.0,63210.0,537.5,9600.0,11091.5,640.0,14816.2,320.0,194293.4,40.0,129687177.0,5,,,,,,
25/067,2025-06-19,7.0,12.0,13.0,18.0,34.0,35.0,6.0,,4.0,2.0,3.0,3.0,1.0,3.0,0.0,2.0,0.0,1.0,8000000.0,4.0,293480.0,153.5,20390.0,228.7,9600.0,4983.6,640.0,6589.5,320.0,72380.2,40.0,36692712.0,7,,,,,,
25/068,2025-06-21,2.0,4.0,19.0,27.0,31.0,39.0,13.0,,3.0,3.0,4.0,2.0,2.0,1.0,1.0,2.0,0.0,1.0,8000000.0,1.0,1415070.0,57.5,65620.0,96.0,9600.0,2847.0,640.0,4198.8,320.0,55998.2,40.0,36523197.0,2,,,,,,
25/069,2025-06-24,3.0,21.0,28.0,33.0,45.0,49.0,29.0,,2.0,4.0,5.0,1.0,1.0,0.0,2.0,1.0,2.0,1.0,8000000.0,0.5,751035.0,67.0,59780.0,141.0,9600.0,3754.7,640.0,4523.0,320.0,63467.4,40.0,40045397.0,3,,,,,,
25/070,2025-06-26,9.0,11.0,23.0,24.0,29.0,49.0,30.0,49,4.0,2.0,5.0,1.0,1.0,1.0,3.0,0.0,1.0,0.0,0.0,1.0,1235640.0,92.5,35620.0,221.5,9600.0,4866.7,640.0,6299.9,320.0,82574.8,40.0,38154646.0,9,,,,,,
25/071,2025-06-29,19.0,29.0,32.0,34.0,42.0,46.0,20.0,29,1.0,5.0,2.0,4.0,0.0,1.0,1.0,2.0,2.0,0.0,0.0,1.0,1737020.0,92.0,50340.0,156.5,9600.0,4083.0,640.0,4308.0,320.0,69189.0,40.0,45448340.0,19,,,,,,
25/072,2025-07-03,7.0,17.0,24.0,35.0,37.0,45.0,30.0,,3.0,3.0,5.0,1.0,1.0,1.0,1.0,2.0,1.0,0.0,0.0,4.0,563040.0,110.0,54590.0,290.5,9600.0,5919.0,640.0,8012.4,320.0,106560.7,40.0,62274915.0,7,,,,,,
25/073,2025-07-06,5.0,9.0,22.0,33.0,46.0,47.0,36.0,,3.0,3.0,4.0,2.0,2.0,0.0,1.0,1.0,2.0,0.0,0.0,2.5,932560.0,89.5,69460.0,242.5,9600.0,5214.0,640.0,7008.6,320.0,99043.3,40.0,61971325.0,5,,,,,,
25/074,2025-07-08,13.0,16.0,17.0,22.0,23.0,35.0,41.0,22,5.0,1.0,4.0,2.0,0.0,3.0,2.0,1.0,0.0,0.0,0.0,1.5,1719150.0,98.0,70160.0,220.5,9600.0,5298.6,640.0,5810.1,320.0,101322.7,40.0,66420101.0,13,,,,,,
25/075,2025-07-10,6.0,13.0,23.0,25.0,32.0,39.0,34.0,"13,23",3.0,3.0,4.0,2.0,1.0,1.0,2.0,2.0,0.0,1.0,42939840.0,2.5,1098900.0,204.0,35910.0,320.5,9600.0,7449.9,640.0,9423.6,320.0,126597.0,40.0,75434727.0,6,,,,,,
25/076,2025-07-12,5.0,17.0,20.0,24.0,27.0,35.0,38.0,,4.0,2.0,4.0,2.0,1.0,2.0,2.0,1.0,0.0,0.0,0.0,0.0,0.0,57.0,62570.0,134.0,9600.0,3466.3,640.0,3669.6,320.0,62377.3,40.0,36008395.0,5,,,,,,
25/077,2025-07-15,9.0,12.0,23.0,30.0,31.0,44.0,5.0,,3.0,3.0,3.0,3.0,1.0,1.0,2.0,1.0,1.0,1.0,14512800.0,2.0,862530.0,78.0,58970.0,288.0,9600.0,4481.9,640.0,7275.7,320.0,82839.3,40.0,48954023.0,9,,,,,,
25/078,2025-07-17,12.0,19.0,31.0,37.0,42.0,45.0,15.0,"12,31",2.0,4.0,4.0,2.0,0.0,2.0,0.0,2.0,2.0,0.0,0.0,0.5,748945.0,54.0,73970.0,120.5,9600.0,2393.5,640.0,3223.9,320.0,48419.3,40.0,37366707.0,12,,,,,,
25/079,2025-07-19,6.0,25.0,29.0,40.0,48.0,49.0,42.0,,1.0,5.0,3.0,3.0,1.0,0.0,2.0,1.0,2.0,0.5,6665955.0,2.0,763820.0,48.5,83990.0,188.5,9600.0,2990.2,640.0,3687.0,320.0,60833.2,40.0,40058182.0,6,,,,,,
25/080,2025-07-21,17.0,20.0,28.0,31.0,35.0,48.0,32.0,48,2.0,4.0,3.0,3.0,0.0,2.0,1.0,2.0,1.0,1.0,10205890.0,7.0,233860.0,23.0,116930.0,83.0,9600.0,1731.9,640.0,2592.7,320.0,36678.1,40.0,29119529.0,17,,,,,,
25/081,2025-07-26,19.0,22.0,25.0,32.0,33.0,45.0,36.0,,2.0,4.0,4.0,2.0,0.0,1.0,2.0,2.0,1.0,1.0,53095300.0,7.0,718820.0,238.5,56260.0,475.5,9600.0,12722.7,640.0,15167.5,320.0,230187.2,40.0,135181179.0,19,,,,,,
25/082,2025-07-29,9.0,11.0,17.0,28.0,35.0,43.0,42.0,,3.0,3.0,5.0,1.0,1.0,2.0,1.0,1.0,1.0,0.0,0.0,2.0,674140.0,67.5,53260.0,155.0,9600.0,3912.5,640.0,4480.5,320.0,70811.1,40.0,37572719.0,9,,,,,,
25/083,2025-07-31,10.0,21.0,23.0,27.0,35.0,47.0,39.0,35,3.0,3.0,5.0,1.0,1.0,0.0,3.0,1.0,1.0,1.0,12926330.0,1.0,1642110.0,57.0,76820.0,131.0,9600.0,3173.9,640.0,4094.5,320.0,61765.0,40.0,42043947.0,10,,,,,,
25/084,2025-08-02,10.0,14.0,18.0,21.0,34.0,44.0,24.0,"10,21",4.0,2.0,1.0,5.0,1.0,2.0,1.0,1.0,1.0,0.0,0.0,2.5,486150.0,37.0,87590.0,293.0,9600.0,2348.5,640.0,7168.3,320.0,46950.9,40.0,35167166.0,10,,,,,,
25/085,2025-08-07,3.0,7.0,25.0,29.0,37.0,39.0,8.0,,2.0,4.0,6.0,0.0,2.0,0.0,2.0,2.0,0.0,0.0,0.0,0.5,1063275.0,110.5,51310.0,345.7,9600.0,5486.2,640.0,10647.8,320.0,103152.9,40.0,60924937.0,3,,,,,,
25/086,2025-08-09,25.0,36.0,44.0,45.0,48.0,49.0,13.0,25,0.0,6.0,3.0,3.0,0.0,0.0,1.0,1.0,4.0,0.5,10721755.0,5.5,363670.0,107.0,49840.0,214.5,9600.0,4849.5,640.0,5321.5,320.0,73860.5,40.0,52715562.0,25,,,,,,
25/087,2025-08-12,8.0,16.0,18.0,28.0,29.0,32.0,20.0,,3.0,3.0,1.0,5.0,1.0,2.0,2.0,1.0,0.0,2.0,7783550.0,4.5,358910.0,179.5,23990.0,299.9,9600.0,7806.1,640.0,7270.3,320.0,111423.8,40.0,50935937.0,8,,,,,,
25/088,2025-08-14,1.0,13.0,25.0,27.0,31.0,34.0,33.0,,2.0,4.0,5.0,1.0,1.0,1.0,2.0,2.0,0.0,0.0,0.0,1.0,1300870.0,50.5,68690.0,157.0,9600.0,2956.9,640.0,4880.4,320.0,57108.7,40.0,35353084.0,1,,,,,,
25/089,2025-08-16,4.0,10.0,15.0,20.0,32.0,38.0,26.0,,4.0,2.0,1.0,5.0,2.0,2.0,0.0,2.0,0.0,0.0,0.0,4.5,324660.0,80.5,48390.0,294.5,9600.0,3536.8,640.0,6516.2,320.0,64785.2,40.0,41731846.0,4,,,,,,
25/090,2025-08-19,28.0,32.0,34.0,37.0,45.0,49.0,7.0,32,0.0,6.0,3.0,3.0,0.0,0.0,1.0,3.0,2.0,1.0,18419800.0,0.5,1006135.0,51.5,104190.0,166.5,9600.0,3231.5,640.0,5159.2,320.0,64811.5,40.0,50584316.0,28,,,,,,
25/091,2025-08-21,6.0,8.0,10.0,23.0,32.0,45.0,3.0,"32,45",4.0,2.0,2.0,4.0,3.0,0.0,1.0,1.0,1.0,1.0,8000000.0,4.5,265370.0,95.5,33340.0,256.0,9600.0,4261.1,640.0,7062.0,320.0,72440.1,40.0,37044040.0,6,,,,,,
25/092,2025-08-23,17.0,22.0,26.0,36.0,39.0,45.0,14.0,45,2.0,4.0,3.0,3.0,0.0,1.0,2.0,2.0,1.0,0.0,0.0,0.0,0.0,40.5,94840.0,100.5,9600.0,2777.2,640.0,3225.5,320.0,51327.1,40.0,36416094.0,17,,,,,,
25/093,2025-08-26,2.0,3.0,16.0,25.0,38.0,48.0,6.0,,3.0,3.0,2.0,4.0,2.0,1.0,1.0,1.0,1.0,0.0,0.0,1.0,1761350.0,62.5,75150.0,208.0,9600.0,3895.1,640.0,6715.6,320.0,74962.6,40.0,47651847.0,2,,,,,,
25/094,2025-08-28,5.0,36.0,39.0,44.0,48.0,49.0,32.0,48,1.0,5.0,3.0,3.0,1.0,0.0,0.0,2.0,3.0,0.0,0.0,3.0,652820.0,68.5,76240.0,203.5,9600.0,4185.0,640.0,5477.0,320.0,74321.0,40.0,51295514.0,5,,,,,,
25/095,2025-08-30,6.0,18.0,31.0,33.0,44.0,49.0,2.0,"44,49",2.0,4.0,3.0,3.0,1.0,1.0,0.0,2.0,2.0,0.0,0.0,2.0,1111470.0,78.5,75510.0,185.0,9600.0,4803.5,640.0,5608.1,320.0,90032.4,40.0,57755971.0,6,,,,,,
25/096,2025-09-02,5.0,18.0,23.0,24.0,29.0,49.0,11.0,"18,49",4.0,2.0,4.0,2.0,1.0,1.0,3.0,0.0,1.0,0.0,0.0,6.5,415510.0,128.0,56260.0,433.5,9600.0,6680.5,640.0,11524.7,320.0,126342.4,40.0,76055719.0,5,,,,,,
25/097,2025-09-06,6.0,19.0,22.0,23.0,34.0,43.0,11.0,23,4.0,2.0,3.0,3.0,1.0,1.0,2.0,1.0,1.0,0.5,39088490.0,10.0,605890.0,265.0,60970.0,747.0,9600.0,14783.4,640.0,22950.0,320.0,266089.8,40.0,165747171.0,6,,,,,,
25/098,2025-09-09,7.0,15.0,32.0,40.0,42.0,44.0,9.0,,2.0,4.0,2.0,4.0,1.0,1.0,0.0,2.0,2.0,0.0,0.0,3.5,1062310.0,143.5,69090.0,376.0,9600.0,7092.5,640.0,11476.4,320.0,133197.6,40.0,96617126.0,7,,,,,,
25/099,2025-09-11,11.0,21.0,22.0,25.0,32.0,44.0,38.0,"32,44",3.0,3.0,3.0,3.0,0.0,1.0,3.0,1.0,1.0,1.0,61448360.0,7.5,498020.0,255.5,38980.0,550.0,9600.0,12305.4,640.0,13765.5,320.0,206653.7,40.0,107755266.0,11,,,,,,
25/100,2025-09-13,15.0,21.0,23.0,37.0,47.0,49.0,30.0,21,3.0,3.0,6.0,0.0,0.0,1.0,2.0,1.0,2.0,0.0,0.0,1.0,1551870.0,49.5,83600.0,95.0,9600.0,2431.5,640.0,3022.7,320.0,49391.6,40.0,38153748.0,15,,,,,,
25/101,2025-09-16,14.0,21.0,22.0,28.0,32.0,33.0,25.0,21,3.0,3.0,2.0,4.0,0.0,1.0,3.0,2.0,0.0,1.0,13369530.0,0.0,0.0,110.5,43190.0,236.0,9600.0,5369.1,640.0,7144.5,320.0,90555.2,40.0,50682812.0,14,,,,,,
25/102,2025-09-18,22.0,33.0,35.0,36.0,37.0,48.0,30.0,"22,33",1.0,5.0,3.0,3.0,0.0,0.0,1.0,4.0,1.0,0.5,4000000.0,1.0,1593770.0,87.5,48570.0,106.5,9600.0,3351.0,640.0,3800.2,320.0,58305.9,40.0,40624421.0,22,,,,,,
25/103,2025-09-20,8.0,13.0,17.0,24.0,36.0,43.0,41.0,36,4.0,2.0,3.0,3.0,1.0,2.0,1.0,1.0,1.0,0.0,0.0,0.0,0.0,73.5,54160.0,133.5,9600.0,3337.9,640.0,3639.7,320.0,60763.6,40.0,38954741.0,8,,,,,,
25/104,2025-09-25,2.0,11.0,22.0,27.0,46.0,47.0,32.0,,3.0,3.0,3.0,3.0,1.0,1.0,2.0,0.0,2.0,0.0,0.0,2.5,803200.0,78.5,68210.0,217.5,9600.0,4405.0,640.0,6509.5,320.0,84195.9,40.0,53543118.0,2,,,,,,
25/105,2025-09-27,8.0,14.0,16.0,18.0,26.0,48.0,44.0,,4.0,2.0,0.0,6.0,1.0,3.0,1.0,0.0,1.0,0.5,10993635.0,3.0,665670.0,79.0,67410.0,223.0,9600.0,5412.4,640.0,6153.0,320.0,96769.9,40.0,54672007.0,8,,,,,,
25/106,2025-09-30,13.0,21.0,33.0,41.0,44.0,46.0,43.0,,2.0,4.0,4.0,2.0,0.0,1.0,1.0,1.0,3.0,2.0,8625000.0,1.5,1390300.0,77.5,71750.0,191.5,9600.0,3948.5,640.0,6402.0,320.0,75704.3,40.0,53972020.0,13,,,,,,
25/107,2025-10-06,15.0,17.0,19.0,23.0,24.0,34.0,33.0,,5.0,1.0,4.0,2.0,0.0,3.0,2.0,1.0,0.0,1.5,54640510.0,9.5,770550.0,425.4,45880.0,1082.5,9600.0,20822.9,640.0,29189.9,320.0,355006.0,40.0,207006912.0,15,,,,,,
25/108,2025-10-09,1.0,3.0,24.0,31.0,39.0,45.0,7.0,24,3.0,3.0,5.0,1.0,2.0,0.0,1.0,2.0,1.0,0.0,0.0,1.0,1573960.0,66.5,63110.0,170.0,9600.0,3427.7,640.0,6534.9,320.0,61582.8,40.0,42293980.0,1,,,,,,
25/109,2025-10-11,5.0,6.0,18.0,19.0,30.0,39.0,7.0,39,4.0,2.0,3.0,3.0,2.0,2.0,1.0,1.0,0.0,1.0,12187540.0,4.5,310180.0,99.5,37400.0,331.5,9600.0,4846.5,640.0,8070.3,320.0,81511.1,40.0,43347710.0,5,,,,,,
25/110,2025-10-14,3.0,15.0,17.0,24.0,32.0,44.0,20.0,,4.0,2.0,3.0,3.0,1.0,2.0,1.0,1.0,1.0,0.0,0.0,1.0,1571530.0,77.5,54070.0,140.2,9600.0,3470.0,640.0,4125.7,320.0,65038.9,40.0,41135710.0,3,,,,,,
25/111,2025-10-16,2.0,11.0,32.0,40.0,43.0,48.0,12.0,32,2.0,4.0,2.0,4.0,1.0,1.0,0.0,2.0,2.0,0.0,0.0,1.5,1168990.0,46.0,101650.0,167.5,9600.0,2772.7,640.0,5066.2,320.0,58994.7,40.0,44664515.0,2,,,,,,
25/112,2025-10-18,5.0,13.0,17.0,18.0,31.0,44.0,2.0,,4.0,2.0,4.0,2.0,1.0,3.0,0.0,1.0,1.0,0.0,0.0,0.0,0.0,87.5,52970.0,183.0,9600.0,4244.7,640.0,5288.1,320.0,78514.6,40.0,46775382.0,5,,,,,,
25/113,2025-10-21,1.0,8.0,9.0,11.0,18.0,32.0,13.0,18,5.0,1.0,3.0,3.0,3.0,2.0,0.0,1.0,0.0,0.0,0.0,2.5,623440.0,294.0,19200.0,556.5,9600.0,12202.2,640.0,12056.3,320.0,165491.3,40.0,60435713.0,1,,,,,,
25/114,2025-10-23,4.0,19.0,24.0,25.0,26.0,46.0,39.0,,3.0,3.0,2.0,4.0,1.0,1.0,3.0,0.0,1.0,0.0,0.0,4.0,587510.0,117.5,53330.0,313.5,9600.0,6137.4,640.0,8013.7,320.0,109043.9,40.0,64829335.0,4,,,,,,
25/115,2025-10-25,6.0,7.0,27.0,36.0,39.0,43.0,1.0,,2.0,4.0,4.0,2.0,2.0,0.0,1.0,2.0,1.0,0.0,0.0,2.0,1424430.0,117.0,64930.0,256.5,9600.0,6388.5,640.0,9268.9,320.0,123017.8,40.0,75643571.0,6,,,,,,
25/116,2025-10-28,4.0,7.0,15.0,21.0,45.0,46.0,24.0,7,4.0,2.0,4.0,2.0,2.0,1.0,1.0,0.0,2.0,1.0,51565110.0,2.5,1477120.0,162.0,60780.0,390.0,9600.0,7327.7,640.0,11274.5,320.0,141585.8,40.0,96795900.0,4,,,,,,
25/117,2025-11-04,19.0,20.0,26.0,28.0,39.0,44.0,4.0,,2.0,4.0,2.0,4.0,0.0,2.0,2.0,1.0,1.0,2.0,34096060.0,1.5,4042690.0,242.0,66820.0,613.5,9600.0,12609.6,640.0,18064.2,320.0,244152.6,40.0,159489015.0,19,,,,,,
25/118,2025-11-06,10.0,17.0,22.0,33.0,40.0,41.0,31.0,,3.0,3.0,3.0,3.0,1.0,1.0,1.0,2.0,1.0,0.0,0.0,1.5,944920.0,49.0,77130.0,154.0,9600.0,3406.2,640.0,4216.1,320.0,59719.5,40.0,37899615.0,10,,,,,,
25/119,2025-11-08,7.0,9.0,16.0,17.0,33.0,46.0,49.0,"17,33",4.0,2.0,4.0,2.0,2.0,2.0,0.0,1.0,1.0,0.0,0.0,4.5,342410.0,65.0,63210.0,167.5,9600.0,4378.5,640.0,5192.0,320.0,78370.7,40.0,42651870.0,7,,,,,,
25/120,2025-11-11,18.0,20.0,28.0,37.0,38.0,40.0,41.0,,2.0,4.0,1.0,5.0,0.0,2.0,1.0,3.0,0.0,0.0,0.0,2.5,830450.0,102.4,54060.0,240.5,9600.0,5274.0,640.0,5236.6,320.0,90521.4,40.0,55697060.0,18,,,,,,
25/121,2025-11-13,10.0,11.0,28.0,30.0,37.0,39.0,15.0,"28,37",2.0,4.0,3.0,3.0,1.0,1.0,2.0,2.0,0.0,0.0,0.0,0.5,1101730.0,97.5,60260.0,192.5,9600.0,5324.6,640.0,6444.6,320.0,98585.3,40.0,58624243.0,10,,,,,,
25/122,2025-11-16,2.0,11.0,13.0,28.0,38.0,47.0,7.0,"11,28",3.0,3.0,3.0,3.0,1.0,2.0,1.0,1.0,1.0,0.0,0.0,1.5,1749260.0,138.0,50700.0,390.5,9600.0,6688.5,640.0,11525.6,320.0,118927.2,40.0,73621562.0,2,,,,,,
25/123,2025-11-18,2.0,4.0,10.0,26.0,28.0,36.0,23.0,"2,28",3.0,3.0,0.0,6.0,3.0,0.0,2.0,1.0,0.0,0.0,0.0,4.0,722740.0,231.2,33340.0,387.7,9600.0,7495.9,640.0,9667.8,320.0,135082.2,40.0,79703117.0,2,,,,,,
25/124,2025-11-20,19.0,26.0,33.0,35.0,36.0,39.0,5.0,"26,36",1.0,5.0,4.0,2.0,0.0,1.0,1.0,4.0,0.0,0.0,0.0,4.5,752740.0,126.0,71690.0,347.0,9600.0,8579.7,640.0,10762.5,320.0,148708.0,40.0,91244931.0,19,,,,,,
25/125,2025-11-25,1.0,2.0,17.0,35.0,37.0,48.0,8.0,35,3.0,3.0,4.0,2.0,2.0,1.0,0.0,2.0,1.0,0.0,0.0,3.5,1730720.0,204.5,78980.0,586.0,9600.0,11042.0,640.0,18920.2,320.0,218759.7,40.0,156858434.0,1,,,,,,
25/126,2025-12-02,6.0,18.0,29.0,34.0,37.0,38.0,39.0,37,2.0,4.0,2.0,4.0,1.0,1.0,1.0,3.0,0.0,0.0,0.0,11.5,625440.0,328.9,58310.0,807.5,9600.0,16758.5,640.0,25689.5,320.0,319964.1,40.0,194767307.0,6,,,,,,
25/127,2025-12-06,4.0,6.0,26.0,28.0,34.0,40.0,25.0,"6,34",2.0,4.0,0.0,6.0,2.0,0.0,2.0,2.0,0.0,0.5,61215075.0,5.5,1782400.0,408.5,63990.0,1009.5,9600.0,23023.2,640.0,31472.9,320.0,433373.5,40.0,262971650.0,4,,,,,,
25/128,2025-12-11,1.0,5.0,6.0,25.0,30.0,42.0,43.0,6,3.0,3.0,3.0,3.0,3.0,0.0,2.0,0.0,1.0,1.0,82123790.0,7.5,929270.0,358.5,51840.0,613.5,9600.0,17550.8,640.0,17412.7,320.0,320308.6,40.0,185287642.0,1,,,,,,
25/129,2025-12-13,10.0,17.0,19.0,28.0,45.0,49.0,1.0,,3.0,3.0,4.0,2.0,1.0,2.0,1.0,0.0,2.0,0.5,4000000.0,1.0,1525580.0,44.5,91420.0,214.0,9600.0,3294.5,640.0,6199.3,320.0,64671.7,40.0,41753807.0,10,,,,,,
25/130,2025-12-16,3.0,12.0,23.0,28.0,35.0,38.0,24.0,28,3.0,3.0,3.0,3.0,1.0,1.0,2.0,2.0,0.0,1.0,8831150.0,1.0,1610380.0,74.5,57640.0,217.0,9600.0,5389.9,640.0,7028.6,320.0,92358.3,40.0,46882264.0,3,,,,,,
25/131,2025-12-18,6.0,23.0,28.0,31.0,33.0,34.0,11.0,"23,28",2.0,4.0,3.0,3.0,1.0,0.0,2.0,3.0,0.0,0.0,0.0,2.0,751730.0,73.5,54540.0,205.5,9600.0,3819.5,640.0,6777.8,320.0,71253.5,40.0,42180262.0,6,,,,,,
25/132,2025-12-21,9.0,17.0,27.0,34.0,39.0,47.0,46.0,34,2.0,4.0,5.0,1.0,1.0,1.0,1.0,2.0,1.0,0.0,0.0,1.5,1375470.0,99.5,55290.0,231.0,9600.0,5259.3,640.0,5651.0,320.0,90074.1,40.0,55452647.0,9,,,,,,
25/133,2025-12-25,1.0,2.0,4.0,30.0,41.0,43.0,13.0,,3.0,3.0,3.0,3.0,3.0,0.0,1.0,0.0,2.0,0.0,0.0,0.5,1432375.0,127.5,59910.0,260.0,9600.0,5520.2,640.0,8066.5,320.0,112753.0,40.0,74326662.0,1,,,,,,
25/134,2025-12-28,7.0,10.0,11.0,19.0,25.0,30.0,45.0,30,4.0,2.0,4.0,2.0,2.0,2.0,2.0,0.0,0.0,1.5,20594740.0,6.5,342350.0,314.5,19200.0,356.0,9600.0,11623.0,640.0,9195.0,320.0,168881.7,40.0,70940715.0,7,,,,,,
26/001,2026-01-03,2.0,10.0,13.0,16.0,20.0,21.0,14.0,10,6.0,0.0,2.0,4.0,2.0,3.0,1.0,0.0,0.0,1.5,68074450.0,14.0,645510.0,467.0,51600.0,1189.4,9600.0,23558.0,640.0,30747.7,320.0,408517.9,40.0,248509427.0,2,,,,,,
26/002,2026-01-06,2.0,8.0,12.0,19.0,28.0,36.0,1.0,2,4.0,2.0,1.0,5.0,2.0,2.0,1.0,1.0,0.0,0.0,0.0,10.5,121900.0,167.0,20430.0,706.1,9600.0,7104.3,640.0,12783.6,320.0,103019.9,40.0,43413858.0,2,,,,,,
26/003,2026-01-08,15.0,21.0,24.0,40.0,45.0,46.0,13.0,,3.0,3.0,3.0,3.0,0.0,1.0,2.0,1.0,2.0,1.0,13667750.0,1.5,1259500.0,80.0,62970.0,136.5,9600.0,3312.0,640.0,4610.5,320.0,59715.6,40.0,47327267.0,15,,,,,,
26/004,2026-01-10,3.0,16.0,20.0,22.0,24.0,37.0,42.0,24,5.0,1.0,2.0,4.0,1.0,2.0,2.0,1.0,0.0,0.0,0.0,0.0,0.0,44.5,91200.0,117.0,9600.0,3009.4,640.0,3639.6,320.0,58572.0,40.0,38972058.0,3,,,,,,
26/005,2026-01-13,14.0,24.0,34.0,38.0,48.0,49.0,27.0,24,2.0,4.0,1.0,5.0,0.0,1.0,1.0,2.0,2.0,0.0,0.0,1.5,1367560.0,114.0,47980.0,182.0,9600.0,4958.7,640.0,5398.8,320.0,80216.2,40.0,53797300.0,14,,,,,,
26/006,2026-01-15,3.0,6.0,37.0,38.0,39.0,44.0,48.0,38,2.0,4.0,3.0,3.0,2.0,0.0,0.0,3.0,1.0,0.0,0.0,0.0,0.0,122.5,47730.0,186.5,9600.0,5090.2,640.0,5826.5,320.0,89662.4,40.0,57457548.0,3,,,,,,
26/007,2026-01-17,5.0,12.0,15.0,23.0,27.0,42.0,46.0,,4.0,2.0,4.0,2.0,1.0,2.0,2.0,0.0,1.0,0.0,0.0,2.0,1268070.0,120.5,56120.0,235.0,9600.0,6386.7,640.0,6512.5,320.0,115249.3,40.0,67569840.0,5,,,,,,
26/008,2026-01-20,1.0,4.0,6.0,9.0,44.0,46.0,27.0,,4.0,2.0,2.0,4.0,4.0,0.0,0.0,0.0,2.0,5.0,7948200.0,5.5,465810.0,424.5,19200.0,448.0,9600.0,12532.7,640.0,11906.1,320.0,174574.8,40.0,84630978.0,1,,,,,,
26/009,2026-01-22,4.0,9.0,15.0,24.0,27.0,31.0,45.0,"4,9",4.0,2.0,4.0,2.0,2.0,1.0,2.0,1.0,0.0,0.0,0.0,1.0,1480910.0,75.5,52300.0,131.0,9600.0,4006.6,640.0,3718.0,320.0,70831.9,40.0,39744053.0,4,,,,,,
26/010,2026-01-24,6.0,16.0,17.0,22.0,28.0,48.0,45.0,,4.0,2.0,1.0,5.0,1.0,2.0,2.0,0.0,1.0,0.0,0.0,1.0,1676760.0,102.0,43830.0,186.0,9600.0,5037.9,640.0,4681.0,320.0,84287.2,40.0,46240143.0,6,,,,,,
26/011,2026-01-27,7.0,12.0,14.0,25.0,38.0,47.0,15.0,,3.0,3.0,3.0,3.0,1.0,2.0,1.0,1.0,1.0,0.0,0.0,1.0,2140440.0,72.5,78720.0,218.5,9600.0,5231.6,640.0,6450.2,320.0,96827.6,40.0,57499361.0,7,,,,,,
26/012,2026-01-29,6.0,9.0,12.0,14.0,35.0,44.0,11.0,"12,14",4.0,2.0,2.0,4.0,2.0,2.0,0.0,1.0,1.0,0.0,0.0,0.0,0.0,85.0,70180.0,303.0,9600.0,5394.9,640.0,10088.8,320.0,104926.4,40.0,62445438.0,6,,,,,,
26/013,2026-01-31,25.0,30.0,32.0,35.0,36.0,47.0,46.0,35,0.0,6.0,3.0,3.0,0.0,0.0,2.0,3.0,1.0,0.0,0.0,5.0,556140.0,82.0,90420.0,228.0,9600.0,4923.8,640.0,6354.0,320.0,93015.6,40.0,70104398.0,25,,,,,,
26/014,2026-02-03,12.0,23.0,27.0,37.0,39.0,42.0,5.0,,2.0,4.0,4.0,2.0,0.0,1.0,2.0,2.0,1.0,2.0,23276930.0,5.5,594660.0,144.5,60350.0,636.0,9600.0,7886.6,640.0,10795.4,320.0,140170.6,40.0,91368676.0,12,,,,,,
26/015,2026-02-05,1.0,9.0,17.0,24.0,35.0,36.0,42.0,,4.0,2.0,4.0,2.0,2.0,1.0,1.0,2.0,0.0,0.0,0.0,4.0,373340.0,87.5,45510.0,203.0,9600.0,4182.0,640.0,4232.7,320.0,78040.3,40.0,41559103.0,1,,,,,,
26/016,2026-02-07,12.0,22.0,28.0,32.0,37.0,44.0,20.0,,2.0,4.0,1.0,5.0,0.0,1.0,2.0,2.0,1.0,0.0,0.0,2.5,717810.0,104.5,45790.0,205.0,9600.0,5082.7,640.0,5473.5,320.0,84540.6,40.0,49215360.0,12,,,,,,
26/017,2026-02-10,3.0,4.0,14.0,18.0,26.0,39.0,40.0,,4.0,2.0,2.0,4.0,2.0,2.0,1.0,1.0,0.0,1.0,20125190.0,2.0,1123590.0,80.5,74440.0,267.0,9600.0,5645.3,640.0,6622.0,320.0,105921.4,40.0,61090133.0,3,,,,,,
26/018,2026-02-12,2.0,3.0,14.0,25.0,37.0,46.0,10.0,"3,14",3.0,3.0,3.0,3.0,2.0,1.0,1.0,1.0,1.0,0.0,0.0,1.0,1651090.0,53.5,82290.0,140.0,9600.0,2900.7,640.0,4799.5,320.0,59589.0,40.0,42288156.0,2,,,,,,
26/019,2026-02-15,8.0,28.0,33.0,36.0,37.0,46.0,4.0,"37,46",1.0,5.0,2.0,4.0,1.0,0.0,1.0,3.0,1.0,0.0,0.0,0.0,0.0,84.0,75670.0,194.0,9600.0,5387.9,640.0,6367.0,320.0,100564.2,40.0,62409046.0,8,,,,,,
26/020,2026-02-21,2.0,18.0,34.0,35.0,37.0,49.0,33.0,37,2.0,4.0,3.0,3.0,1.0,1.0,0.0,3.0,1.0,5.0,42187500.0,13.5,1134250.0,641.5,63650.0,1579.0,9600.0,31457.0,640.0,47973.9,320.0,587764.5,40.0,402289808.0,2,,,,,,
26/021,2026-02-24,2.0,3.0,4.0,10.0,13.0,23.0,12.0,2,6.0,0.0,3.0,3.0,4.0,1.0,1.0,0.0,0.0,1.0,8000000.0,13.5,79160.0,246.5,19200.0,854.5,9600.0,8308.5,640.0,13177.3,320.0,108347.9,40.0,45827149.0,2,,,,,,
26/022,2026-02-26,6.0,13.0,15.0,19.0,38.0,42.0,34.0,13,4.0,2.0,3.0,3.0,1.0,3.0,0.0,1.0,1.0,0.0,0.0,2.0,851550.0,57.5,78980.0,143.0,9600.0,3463.2,640.0,4162.4,320.0,67778.9,40.0,43978743.0,6,,,,,,
26/023,2026-02-28,5.0,15.0,37.0,39.0,46.0,47.0,29.0,15,2.0,4.0,5.0,1.0,1.0,1.0,0.0,2.0,2.0,0.0,0.0,3.5,547560.0,57.0,89660.0,131.0,9600.0,3277.5,640.0,4056.2,320.0,62767.8,40.0,47716905.0,5,,,,,,
26/024,2026-03-03,6.0,13.0,20.0,31.0,32.0,44.0,45.0,,3.0,3.0,2.0,4.0,1.0,2.0,0.0,2.0,1.0,0.0,0.0,3.5,671150.0,70.0,89480.0,265.0,9600.0,4561.8,640.0,5917.0,320.0,90913.3,40.0,61238800.0,6,,,,,,
26/025,2026-03-05,4.0,18.0,24.0,31.0,42.0,46.0,11.0,31,3.0,3.0,1.0,5.0,1.0,1.0,1.0,1.0,2.0,0.0,0.0,2.0,1195910.0,65.0,98120.0,237.5,9600.0,4628.0,640.0,7834.8,320.0,88961.7,40.0,62495570.0,4,,,,,,
26/026,2026-03-07,12.0,15.0,18.0,22.0,28.0,37.0,31.0,18,4.0,2.0,2.0,4.0,0.0,3.0,2.0,1.0,0.0,1.5,23626540.0,3.5,711210.0,194.0,34210.0,318.5,9600.0,8381.2,640.0,8013.3,320.0,135817.7,40.0,70825278.0,12,,,,,,
26/027,2026-03-10,2.0,16.0,25.0,34.0,35.0,37.0,49.0,37,2.0,4.0,3.0,3.0,1.0,1.0,1.0,3.0,0.0,0.0,0.0,1.5,1103470.0,65.0,67900.0,352.5,9600.0,3758.2,640.0,4531.5,320.0,68833.1,40.0,45944653.0,2,,,,,,
26/028,2026-03-12,7.0,13.0,14.0,16.0,26.0,30.0,34.0,16,4.0,2.0,2.0,4.0,1.0,3.0,2.0,0.0,0.0,2.0,6780850.0,2.0,926950.0,79.5,62180.0,163.5,9600.0,4895.2,640.0,5201.1,320.0,88965.3,40.0,49884433.0,7,,,,,,
26/029,2026-03-17,16.0,18.0,22.0,28.0,45.0,49.0,13.0,16,3.0,3.0,2.0,4.0,0.0,2.0,2.0,0.0,2.0,1.0,78190540.0,12.0,505290.0,283.5,57030.0,798.5,9600.0,15095.5,640.0,20247.2,320.0,267830.3,40.0,165712913.0,16,,,,,,
26/030,2026-03-19,2.0,6.0,8.0,33.0,41.0,45.0,48.0,45,3.0,3.0,3.0,3.0,3.0,0.0,0.0,1.0,2.0,0.0,0.0,1.5,1042770.0,56.5,73820.0,121.0,9600.0,3337.5,640.0,4268.0,320.0,69630.8,40.0,40936853.0,2,,,,,,
26/031,2026-03-21,5.0,9.0,11.0,18.0,23.0,47.0,24.0,,5.0,1.0,5.0,1.0,2.0,2.0,1.0,0.0,1.0,2.0,6196440.0,5.5,266230.0,125.5,31110.0,319.5,9600.0,6369.4,640.0,7823.4,320.0,99849.3,40.0,46616785.0,5,,,,,,
26/032,2026-03-24,6.0,9.0,22.0,26.0,44.0,49.0,7.0,9,3.0,3.0,2.0,4.0,2.0,0.0,2.0,0.0,2.0,0.5,4000000.0,3.0,479450.0,91.0,42140.0,269.5,9600.0,5084.5,640.0,7414.7,320.0,83786.9,40.0,43509737.0,6,,,,,,
26/033,2026-03-26,12.0,17.0,23.0,27.0,28.0,37.0,3.0,,3.0,3.0,4.0,2.0,0.0,2.0,3.0,1.0,0.0,1.0,8019780.0,0.5,669960.0,90.5,39480.0,271.5,9600.0,5331.8,640.0,7723.4,320.0,83961.1,40.0,41869053.0,12,,,,,,
26/034,2026-03-28,,,,,,,,,,,,,,,,,,,,,,,,,,,,,,,,,11,21.0,26.0,27.0,42.0,45.0,19.0
26/035,2026-03-31,,,,,,,,,,,,,,,,,,,,,,,,,,,,,,,,,9,18.0,19.0,20.0,28.0,32.0,44.0
